id,customer_id,user_id,relationship_role,is_primary_contact,valid_from,valid_to
50a2d1c4-d788-4498-a6f7-dd75d4db588f:account_owner:user-50a2d1c4-d788-4498-a6f7-dd75d4db588f,50a2d1c4-d788-4498-a6f7-dd75d4db588f,user-50a2d1c4-d788-4498-a6f7-dd75d4db588f,account_owner,true,2024-08-01T00:00:00,
438005c2-dd1d-48aa-8bfd-7fb06851b5f8:account_owner:user-438005c2-dd1d-48aa-8bfd-7fb06851b5f8,438005c2-dd1d-48aa-8bfd-7fb06851b5f8,user-438005c2-dd1d-48aa-8bfd-7fb06851b5f8,account_owner,true,2024-08-01T00:00:00,
5261268c-aa94-438a-921a-05efc0d414ac:account_owner:user-5261268c-aa94-438a-921a-05efc0d414ac,5261268c-aa94-438a-921a-05efc0d414ac,user-5261268c-aa94-438a-921a-05efc0d414ac,account_owner,true,2024-08-01T00:00:00,
f8486fce-bc07-4a4f-a6e9-ed6a06ba996c:account_owner:user-f8486fce-bc07-4a4f-a6e9-ed6a06ba996c,f8486fce-bc07-4a4f-a6e9-ed6a06ba996c,user-f8486fce-bc07-4a4f-a6e9-ed6a06ba996c,account_owner,true,2024-08-01T00:00:00,
341ed9b2-1760-4720-a1b1-42681d273c63:account_owner:user-341ed9b2-1760-4720-a1b1-42681d273c63,341ed9b2-1760-4720-a1b1-42681d273c63,user-341ed9b2-1760-4720-a1b1-42681d273c63,account_owner,true,2024-08-01T00:00:00,
2660b7ac-6c46-4392-8ddc-26194c532341:account_owner:user-2660b7ac-6c46-4392-8ddc-26194c532341,2660b7ac-6c46-4392-8ddc-26194c532341,user-2660b7ac-6c46-4392-8ddc-26194c532341,account_owner,true,2024-08-01T00:00:00,
7e52ce3f-191d-4d27-a0a8-76706fd6173c:account_owner:user-7e52ce3f-191d-4d27-a0a8-76706fd6173c,7e52ce3f-191d-4d27-a0a8-76706fd6173c,user-7e52ce3f-191d-4d27-a0a8-76706fd6173c,account_owner,true,2024-08-01T00:00:00,
0000bd8e-496c-42aa-9430-fea7f9bd6a96:account_owner:user-0000bd8e-496c-42aa-9430-fea7f9bd6a96,0000bd8e-496c-42aa-9430-fea7f9bd6a96,user-0000bd8e-496c-42aa-9430-fea7f9bd6a96,account_owner,true,2024-08-01T00:00:00,
3b47f466-5256-41a1-951c-efee13597676:account_owner:user-3b47f466-5256-41a1-951c-efee13597676,3b47f466-5256-41a1-951c-efee13597676,user-3b47f466-5256-41a1-951c-efee13597676,account_owner,true,2024-08-01T00:00:00,
2480125c-2d37-405c-96b9-ca32b2c75b33:account_owner:user-2480125c-2d37-405c-96b9-ca32b2c75b33,2480125c-2d37-405c-96b9-ca32b2c75b33,user-2480125c-2d37-405c-96b9-ca32b2c75b33,account_owner,true,2024-08-01T00:00:00,
69731d27-9caa-46cf-8933-d01e29b20043:account_owner:user-69731d27-9caa-46cf-8933-d01e29b20043,69731d27-9caa-46cf-8933-d01e29b20043,user-69731d27-9caa-46cf-8933-d01e29b20043,account_owner,true,2024-08-01T00:00:00,
7d0a9ece-1d73-43ea-98e7-8bbe21e890ec:account_owner:user-7d0a9ece-1d73-43ea-98e7-8bbe21e890ec,7d0a9ece-1d73-43ea-98e7-8bbe21e890ec,user-7d0a9ece-1d73-43ea-98e7-8bbe21e890ec,account_owner,true,2024-08-01T00:00:00,
861181e6-5d97-48a8-bbe4-226caa976140:account_owner:user-861181e6-5d97-48a8-bbe4-226caa976140,861181e6-5d97-48a8-bbe4-226caa976140,user-861181e6-5d97-48a8-bbe4-226caa976140,account_owner,true,2024-08-01T00:00:00,
cc1816db-c3dd-4c16-8ea7-18fe313472b9:account_owner:user-cc1816db-c3dd-4c16-8ea7-18fe313472b9,cc1816db-c3dd-4c16-8ea7-18fe313472b9,user-cc1816db-c3dd-4c16-8ea7-18fe313472b9,account_owner,true,2024-08-01T00:00:00,
1bf35f99-4627-4c80-a5f8-0797538eaf54:account_owner:user-1bf35f99-4627-4c80-a5f8-0797538eaf54,1bf35f99-4627-4c80-a5f8-0797538eaf54,user-1bf35f99-4627-4c80-a5f8-0797538eaf54,account_owner,true,2024-08-01T00:00:00,
96f4e93c-c759-4fc7-b4a3-c8a153858bea:account_owner:user-96f4e93c-c759-4fc7-b4a3-c8a153858bea,96f4e93c-c759-4fc7-b4a3-c8a153858bea,user-96f4e93c-c759-4fc7-b4a3-c8a153858bea,account_owner,true,2024-08-01T00:00:00,
6faa20a4-1e8f-43a8-9a45-33ae5f675190:account_owner:user-6faa20a4-1e8f-43a8-9a45-33ae5f675190,6faa20a4-1e8f-43a8-9a45-33ae5f675190,user-6faa20a4-1e8f-43a8-9a45-33ae5f675190,account_owner,true,2024-08-01T00:00:00,
5bbca380-854e-47a4-ae5c-fd631650a115:account_owner:user-5bbca380-854e-47a4-ae5c-fd631650a115,5bbca380-854e-47a4-ae5c-fd631650a115,user-5bbca380-854e-47a4-ae5c-fd631650a115,account_owner,true,2024-08-01T00:00:00,
84ee8f13-e5a2-4988-8f65-daa65801c5d1:account_owner:user-84ee8f13-e5a2-4988-8f65-daa65801c5d1,84ee8f13-e5a2-4988-8f65-daa65801c5d1,user-84ee8f13-e5a2-4988-8f65-daa65801c5d1,account_owner,true,2024-08-01T00:00:00,
e4bced79-6e2c-4b22-a6d5-199ed87ca7ee:account_owner:user-e4bced79-6e2c-4b22-a6d5-199ed87ca7ee,e4bced79-6e2c-4b22-a6d5-199ed87ca7ee,user-e4bced79-6e2c-4b22-a6d5-199ed87ca7ee,account_owner,true,2024-08-01T00:00:00,
3f1fc492-e8ed-4840-97a0-a56592fdc1d9:account_owner:user-3f1fc492-e8ed-4840-97a0-a56592fdc1d9,3f1fc492-e8ed-4840-97a0-a56592fdc1d9,user-3f1fc492-e8ed-4840-97a0-a56592fdc1d9,account_owner,true,2024-08-01T00:00:00,
3483e39a-260f-4974-9366-50c2d833307f:account_owner:user-3483e39a-260f-4974-9366-50c2d833307f,3483e39a-260f-4974-9366-50c2d833307f,user-3483e39a-260f-4974-9366-50c2d833307f,account_owner,true,2024-08-01T00:00:00,
0b4a904c-b6d7-4355-b1ff-3744b3831112:account_owner:user-0b4a904c-b6d7-4355-b1ff-3744b3831112,0b4a904c-b6d7-4355-b1ff-3744b3831112,user-0b4a904c-b6d7-4355-b1ff-3744b3831112,account_owner,true,2024-08-01T00:00:00,
3c7a4cde-d92b-4d90-a731-9c0461ae8c90:account_owner:user-3c7a4cde-d92b-4d90-a731-9c0461ae8c90,3c7a4cde-d92b-4d90-a731-9c0461ae8c90,user-3c7a4cde-d92b-4d90-a731-9c0461ae8c90,account_owner,true,2024-08-01T00:00:00,
9ff834d1-4ca0-4dd5-bb53-ea96ad8611bb:account_owner:user-9ff834d1-4ca0-4dd5-bb53-ea96ad8611bb,9ff834d1-4ca0-4dd5-bb53-ea96ad8611bb,user-9ff834d1-4ca0-4dd5-bb53-ea96ad8611bb,account_owner,true,2024-08-01T00:00:00,
bbe9e834-7071-42d6-8970-aa7301b72ec2:account_owner:user-bbe9e834-7071-42d6-8970-aa7301b72ec2,bbe9e834-7071-42d6-8970-aa7301b72ec2,user-bbe9e834-7071-42d6-8970-aa7301b72ec2,account_owner,true,2024-08-01T00:00:00,
a311b0c8-1b63-4405-8097-09a984512389:account_owner:user-a311b0c8-1b63-4405-8097-09a984512389,a311b0c8-1b63-4405-8097-09a984512389,user-a311b0c8-1b63-4405-8097-09a984512389,account_owner,true,2024-08-01T00:00:00,
24ea0325-a7d6-4388-b86c-7b51e5805b26:account_owner:user-24ea0325-a7d6-4388-b86c-7b51e5805b26,24ea0325-a7d6-4388-b86c-7b51e5805b26,user-24ea0325-a7d6-4388-b86c-7b51e5805b26,account_owner,true,2024-08-01T00:00:00,
d6de888a-0aee-4f77-a7d4-daba8f0da415:account_owner:user-d6de888a-0aee-4f77-a7d4-daba8f0da415,d6de888a-0aee-4f77-a7d4-daba8f0da415,user-d6de888a-0aee-4f77-a7d4-daba8f0da415,account_owner,true,2024-08-01T00:00:00,
3f3af4f6-a87b-4f03-8669-2e1a8e3c6d8b:account_owner:user-3f3af4f6-a87b-4f03-8669-2e1a8e3c6d8b,3f3af4f6-a87b-4f03-8669-2e1a8e3c6d8b,user-3f3af4f6-a87b-4f03-8669-2e1a8e3c6d8b,account_owner,true,2024-08-01T00:00:00,
5ed25035-4723-4154-823d-a8c8b4c02e51:account_owner:user-5ed25035-4723-4154-823d-a8c8b4c02e51,5ed25035-4723-4154-823d-a8c8b4c02e51,user-5ed25035-4723-4154-823d-a8c8b4c02e51,account_owner,true,2024-08-01T00:00:00,
531465bc-638f-4adb-9b47-cf0c1dc55550:account_owner:user-531465bc-638f-4adb-9b47-cf0c1dc55550,531465bc-638f-4adb-9b47-cf0c1dc55550,user-531465bc-638f-4adb-9b47-cf0c1dc55550,account_owner,true,2024-08-01T00:00:00,
d47a83f3-a765-4a20-b40c-e0993cf00e4f:account_owner:user-d47a83f3-a765-4a20-b40c-e0993cf00e4f,d47a83f3-a765-4a20-b40c-e0993cf00e4f,user-d47a83f3-a765-4a20-b40c-e0993cf00e4f,account_owner,true,2024-08-01T00:00:00,
4b8b181e-668e-45d4-a8e3-7180a41cf064:account_owner:user-4b8b181e-668e-45d4-a8e3-7180a41cf064,4b8b181e-668e-45d4-a8e3-7180a41cf064,user-4b8b181e-668e-45d4-a8e3-7180a41cf064,account_owner,true,2024-08-01T00:00:00,
6d91807a-84e4-47c1-8e47-925d52e0dd48:account_owner:user-6d91807a-84e4-47c1-8e47-925d52e0dd48,6d91807a-84e4-47c1-8e47-925d52e0dd48,user-6d91807a-84e4-47c1-8e47-925d52e0dd48,account_owner,true,2024-08-01T00:00:00,
848485f0-198f-4efa-8335-707db71a7434:account_owner:user-848485f0-198f-4efa-8335-707db71a7434,848485f0-198f-4efa-8335-707db71a7434,user-848485f0-198f-4efa-8335-707db71a7434,account_owner,true,2024-08-01T00:00:00,
90b6264d-1278-47c8-a418-6498aac365ba:account_owner:user-90b6264d-1278-47c8-a418-6498aac365ba,90b6264d-1278-47c8-a418-6498aac365ba,user-90b6264d-1278-47c8-a418-6498aac365ba,account_owner,true,2024-08-01T00:00:00,
18b69140-479d-44b6-8369-04a49414f975:account_owner:user-18b69140-479d-44b6-8369-04a49414f975,18b69140-479d-44b6-8369-04a49414f975,user-18b69140-479d-44b6-8369-04a49414f975,account_owner,true,2024-08-01T00:00:00,
4dc2aa9c-8633-4861-b795-5b285cf76a1f:account_owner:user-4dc2aa9c-8633-4861-b795-5b285cf76a1f,4dc2aa9c-8633-4861-b795-5b285cf76a1f,user-4dc2aa9c-8633-4861-b795-5b285cf76a1f,account_owner,true,2024-08-01T00:00:00,
1076f00e-5dd1-41d1-b2a5-0c59e18a5310:account_owner:user-1076f00e-5dd1-41d1-b2a5-0c59e18a5310,1076f00e-5dd1-41d1-b2a5-0c59e18a5310,user-1076f00e-5dd1-41d1-b2a5-0c59e18a5310,account_owner,true,2024-08-01T00:00:00,
9bac4be0-d703-4f1d-a088-1bdb362d3246:account_owner:user-9bac4be0-d703-4f1d-a088-1bdb362d3246,9bac4be0-d703-4f1d-a088-1bdb362d3246,user-9bac4be0-d703-4f1d-a088-1bdb362d3246,account_owner,true,2024-08-01T00:00:00,
0872893c-bf01-4853-b91f-a1cc0263fedf:account_owner:user-0872893c-bf01-4853-b91f-a1cc0263fedf,0872893c-bf01-4853-b91f-a1cc0263fedf,user-0872893c-bf01-4853-b91f-a1cc0263fedf,account_owner,true,2024-08-01T00:00:00,
f5e8b3ff-659d-4bc9-bdc6-6b7fe343bcab:account_owner:user-f5e8b3ff-659d-4bc9-bdc6-6b7fe343bcab,f5e8b3ff-659d-4bc9-bdc6-6b7fe343bcab,user-f5e8b3ff-659d-4bc9-bdc6-6b7fe343bcab,account_owner,true,2024-08-01T00:00:00,
1435b563-f156-4cd8-9f3d-6224260e26a4:account_owner:user-1435b563-f156-4cd8-9f3d-6224260e26a4,1435b563-f156-4cd8-9f3d-6224260e26a4,user-1435b563-f156-4cd8-9f3d-6224260e26a4,account_owner,true,2024-08-01T00:00:00,
fdd86eaf-7a5b-4598-9a08-6f4f207743bb:account_owner:user-fdd86eaf-7a5b-4598-9a08-6f4f207743bb,fdd86eaf-7a5b-4598-9a08-6f4f207743bb,user-fdd86eaf-7a5b-4598-9a08-6f4f207743bb,account_owner,true,2024-08-01T00:00:00,
b4413ac0-2fc9-4c91-b188-71c109d9be8f:account_owner:user-b4413ac0-2fc9-4c91-b188-71c109d9be8f,b4413ac0-2fc9-4c91-b188-71c109d9be8f,user-b4413ac0-2fc9-4c91-b188-71c109d9be8f,account_owner,true,2024-08-01T00:00:00,
2dbed2c3-1c68-4b90-a343-39b51de57b45:account_owner:user-2dbed2c3-1c68-4b90-a343-39b51de57b45,2dbed2c3-1c68-4b90-a343-39b51de57b45,user-2dbed2c3-1c68-4b90-a343-39b51de57b45,account_owner,true,2024-08-01T00:00:00,
b0da7a9b-77d7-407d-8506-51705503fa05:account_owner:user-b0da7a9b-77d7-407d-8506-51705503fa05,b0da7a9b-77d7-407d-8506-51705503fa05,user-b0da7a9b-77d7-407d-8506-51705503fa05,account_owner,true,2024-08-01T00:00:00,
c5dde410-2c70-486e-bb0d-974b2798825b:account_owner:user-c5dde410-2c70-486e-bb0d-974b2798825b,c5dde410-2c70-486e-bb0d-974b2798825b,user-c5dde410-2c70-486e-bb0d-974b2798825b,account_owner,true,2024-08-01T00:00:00,
5d59a09d-7696-4e1b-a171-abe3b79fff2d:account_owner:user-5d59a09d-7696-4e1b-a171-abe3b79fff2d,5d59a09d-7696-4e1b-a171-abe3b79fff2d,user-5d59a09d-7696-4e1b-a171-abe3b79fff2d,account_owner,true,2024-08-01T00:00:00,
ddd9ed38-6351-4568-b08c-8f6c92cb84a8:account_owner:user-ddd9ed38-6351-4568-b08c-8f6c92cb84a8,ddd9ed38-6351-4568-b08c-8f6c92cb84a8,user-ddd9ed38-6351-4568-b08c-8f6c92cb84a8,account_owner,true,2024-08-01T00:00:00,
9368e74c-0581-4d77-9358-94e415a80423:account_owner:user-9368e74c-0581-4d77-9358-94e415a80423,9368e74c-0581-4d77-9358-94e415a80423,user-9368e74c-0581-4d77-9358-94e415a80423,account_owner,true,2024-08-01T00:00:00,
2609004e-90a8-450e-98f3-5ebc16841cd5:account_owner:user-2609004e-90a8-450e-98f3-5ebc16841cd5,2609004e-90a8-450e-98f3-5ebc16841cd5,user-2609004e-90a8-450e-98f3-5ebc16841cd5,account_owner,true,2024-08-01T00:00:00,
3870073a-f764-4a2b-bc64-18e4569bf784:account_owner:user-3870073a-f764-4a2b-bc64-18e4569bf784,3870073a-f764-4a2b-bc64-18e4569bf784,user-3870073a-f764-4a2b-bc64-18e4569bf784,account_owner,true,2024-08-01T00:00:00,
710200a9-2c6c-4f21-b3f1-3ed6aa684fa2:account_owner:user-710200a9-2c6c-4f21-b3f1-3ed6aa684fa2,710200a9-2c6c-4f21-b3f1-3ed6aa684fa2,user-710200a9-2c6c-4f21-b3f1-3ed6aa684fa2,account_owner,true,2024-08-01T00:00:00,
43217606-3354-4bb8-b967-c358331d8375:account_owner:user-43217606-3354-4bb8-b967-c358331d8375,43217606-3354-4bb8-b967-c358331d8375,user-43217606-3354-4bb8-b967-c358331d8375,account_owner,true,2024-08-01T00:00:00,
a7cebb21-0f26-4834-8a09-e3269b21a77b:account_owner:user-a7cebb21-0f26-4834-8a09-e3269b21a77b,a7cebb21-0f26-4834-8a09-e3269b21a77b,user-a7cebb21-0f26-4834-8a09-e3269b21a77b,account_owner,true,2024-08-01T00:00:00,
05fae288-07c2-4e99-a945-fa3fbfa123ed:account_owner:user-05fae288-07c2-4e99-a945-fa3fbfa123ed,05fae288-07c2-4e99-a945-fa3fbfa123ed,user-05fae288-07c2-4e99-a945-fa3fbfa123ed,account_owner,true,2024-08-01T00:00:00,
d9464bcd-0a19-4058-8fc1-bea843e6c339:account_owner:user-d9464bcd-0a19-4058-8fc1-bea843e6c339,d9464bcd-0a19-4058-8fc1-bea843e6c339,user-d9464bcd-0a19-4058-8fc1-bea843e6c339,account_owner,true,2024-08-01T00:00:00,
847d46dd-9721-4351-8bef-5c2292b57d6f:account_owner:user-847d46dd-9721-4351-8bef-5c2292b57d6f,847d46dd-9721-4351-8bef-5c2292b57d6f,user-847d46dd-9721-4351-8bef-5c2292b57d6f,account_owner,true,2024-08-01T00:00:00,
1c4a9464-3e0e-45d2-9ca2-87c36b03f80b:account_owner:user-1c4a9464-3e0e-45d2-9ca2-87c36b03f80b,1c4a9464-3e0e-45d2-9ca2-87c36b03f80b,user-1c4a9464-3e0e-45d2-9ca2-87c36b03f80b,account_owner,true,2024-08-01T00:00:00,
5a589b0f-69ac-4256-aea8-df379845f417:account_owner:user-5a589b0f-69ac-4256-aea8-df379845f417,5a589b0f-69ac-4256-aea8-df379845f417,user-5a589b0f-69ac-4256-aea8-df379845f417,account_owner,true,2024-08-01T00:00:00,
47e4f30d-f965-45df-8474-93d5aeaf7cb2:account_owner:user-47e4f30d-f965-45df-8474-93d5aeaf7cb2,47e4f30d-f965-45df-8474-93d5aeaf7cb2,user-47e4f30d-f965-45df-8474-93d5aeaf7cb2,account_owner,true,2024-08-01T00:00:00,
0688ed48-bbd7-41d6-b5ef-c2cd771f72c2:account_owner:user-0688ed48-bbd7-41d6-b5ef-c2cd771f72c2,0688ed48-bbd7-41d6-b5ef-c2cd771f72c2,user-0688ed48-bbd7-41d6-b5ef-c2cd771f72c2,account_owner,true,2024-08-01T00:00:00,
28447ab4-5e16-465e-acd1-7fcacd2d97e2:account_owner:user-28447ab4-5e16-465e-acd1-7fcacd2d97e2,28447ab4-5e16-465e-acd1-7fcacd2d97e2,user-28447ab4-5e16-465e-acd1-7fcacd2d97e2,account_owner,true,2024-08-01T00:00:00,
d82c6a2f-7e02-40de-81c3-c42ef14d8460:account_owner:user-d82c6a2f-7e02-40de-81c3-c42ef14d8460,d82c6a2f-7e02-40de-81c3-c42ef14d8460,user-d82c6a2f-7e02-40de-81c3-c42ef14d8460,account_owner,true,2024-08-01T00:00:00,
013b644d-5645-44bd-8ca3-d7d254b2ba18:account_owner:user-013b644d-5645-44bd-8ca3-d7d254b2ba18,013b644d-5645-44bd-8ca3-d7d254b2ba18,user-013b644d-5645-44bd-8ca3-d7d254b2ba18,account_owner,true,2024-08-01T00:00:00,
66983396-cb40-4613-8d6d-306b8f9ca5c4:account_owner:user-66983396-cb40-4613-8d6d-306b8f9ca5c4,66983396-cb40-4613-8d6d-306b8f9ca5c4,user-66983396-cb40-4613-8d6d-306b8f9ca5c4,account_owner,true,2024-08-01T00:00:00,
23c5eb35-05e9-4347-8854-ee86ec27393e:account_owner:user-23c5eb35-05e9-4347-8854-ee86ec27393e,23c5eb35-05e9-4347-8854-ee86ec27393e,user-23c5eb35-05e9-4347-8854-ee86ec27393e,account_owner,true,2024-08-01T00:00:00,
a57c96be-0b7a-41c6-bd9a-9330e20c497a:account_owner:user-a57c96be-0b7a-41c6-bd9a-9330e20c497a,a57c96be-0b7a-41c6-bd9a-9330e20c497a,user-a57c96be-0b7a-41c6-bd9a-9330e20c497a,account_owner,true,2024-08-01T00:00:00,
f3feb7f9-9069-4fd7-be91-3800d1307935:account_owner:user-f3feb7f9-9069-4fd7-be91-3800d1307935,f3feb7f9-9069-4fd7-be91-3800d1307935,user-f3feb7f9-9069-4fd7-be91-3800d1307935,account_owner,true,2024-08-01T00:00:00,
967d3e2d-8b15-4f43-a6b5-d1dd3934707d:account_owner:user-967d3e2d-8b15-4f43-a6b5-d1dd3934707d,967d3e2d-8b15-4f43-a6b5-d1dd3934707d,user-967d3e2d-8b15-4f43-a6b5-d1dd3934707d,account_owner,true,2024-08-01T00:00:00,
0d2974c5-d4de-4163-bf27-73d86a77b048:account_owner:user-0d2974c5-d4de-4163-bf27-73d86a77b048,0d2974c5-d4de-4163-bf27-73d86a77b048,user-0d2974c5-d4de-4163-bf27-73d86a77b048,account_owner,true,2024-08-01T00:00:00,
dc634429-12c2-417d-b460-f3ed4903d539:account_owner:user-dc634429-12c2-417d-b460-f3ed4903d539,dc634429-12c2-417d-b460-f3ed4903d539,user-dc634429-12c2-417d-b460-f3ed4903d539,account_owner,true,2024-08-01T00:00:00,
2bdeb3b7-a894-4fcf-8218-e41167bc557e:account_owner:user-2bdeb3b7-a894-4fcf-8218-e41167bc557e,2bdeb3b7-a894-4fcf-8218-e41167bc557e,user-2bdeb3b7-a894-4fcf-8218-e41167bc557e,account_owner,true,2024-08-01T00:00:00,
84f816bd-12e2-4633-a419-fc80705977e6:account_owner:user-84f816bd-12e2-4633-a419-fc80705977e6,84f816bd-12e2-4633-a419-fc80705977e6,user-84f816bd-12e2-4633-a419-fc80705977e6,account_owner,true,2024-08-01T00:00:00,
0bb6fcf3-0741-4179-af46-d26c45b77171:account_owner:user-0bb6fcf3-0741-4179-af46-d26c45b77171,0bb6fcf3-0741-4179-af46-d26c45b77171,user-0bb6fcf3-0741-4179-af46-d26c45b77171,account_owner,true,2024-08-01T00:00:00,
827eed18-8ab1-4e5d-ab00-5d8ac9bb168b:account_owner:user-827eed18-8ab1-4e5d-ab00-5d8ac9bb168b,827eed18-8ab1-4e5d-ab00-5d8ac9bb168b,user-827eed18-8ab1-4e5d-ab00-5d8ac9bb168b,account_owner,true,2024-08-01T00:00:00,
9db0e79f-fdea-4290-ba7b-114141f33d1f:account_owner:user-9db0e79f-fdea-4290-ba7b-114141f33d1f,9db0e79f-fdea-4290-ba7b-114141f33d1f,user-9db0e79f-fdea-4290-ba7b-114141f33d1f,account_owner,true,2024-08-01T00:00:00,
2a2c365a-ac9d-4106-a494-678e09ae412c:account_owner:user-2a2c365a-ac9d-4106-a494-678e09ae412c,2a2c365a-ac9d-4106-a494-678e09ae412c,user-2a2c365a-ac9d-4106-a494-678e09ae412c,account_owner,true,2024-08-01T00:00:00,
a970776b-59ce-47ec-9e77-946229a8be45:account_owner:user-a970776b-59ce-47ec-9e77-946229a8be45,a970776b-59ce-47ec-9e77-946229a8be45,user-a970776b-59ce-47ec-9e77-946229a8be45,account_owner,true,2024-08-01T00:00:00,
fd788ea1-7f9f-477b-b5fa-9a64962eb7f0:account_owner:user-fd788ea1-7f9f-477b-b5fa-9a64962eb7f0,fd788ea1-7f9f-477b-b5fa-9a64962eb7f0,user-fd788ea1-7f9f-477b-b5fa-9a64962eb7f0,account_owner,true,2024-08-01T00:00:00,
132425e2-d22d-43aa-a372-e3d9bfd77f8c:account_owner:user-132425e2-d22d-43aa-a372-e3d9bfd77f8c,132425e2-d22d-43aa-a372-e3d9bfd77f8c,user-132425e2-d22d-43aa-a372-e3d9bfd77f8c,account_owner,true,2024-08-01T00:00:00,
cee4269a-3771-43d9-adc4-762ba3bc1782:account_owner:user-cee4269a-3771-43d9-adc4-762ba3bc1782,cee4269a-3771-43d9-adc4-762ba3bc1782,user-cee4269a-3771-43d9-adc4-762ba3bc1782,account_owner,true,2024-08-01T00:00:00,
58491188-36e5-4fb3-ab3b-514e78a270a6:account_owner:user-58491188-36e5-4fb3-ab3b-514e78a270a6,58491188-36e5-4fb3-ab3b-514e78a270a6,user-58491188-36e5-4fb3-ab3b-514e78a270a6,account_owner,true,2024-08-01T00:00:00,
5fccc95a-c30f-4525-a4a6-43861baae99a:account_owner:user-5fccc95a-c30f-4525-a4a6-43861baae99a,5fccc95a-c30f-4525-a4a6-43861baae99a,user-5fccc95a-c30f-4525-a4a6-43861baae99a,account_owner,true,2024-08-01T00:00:00,
b27a07f1-ddf4-4134-9f7d-1b1ac869b110:account_owner:user-b27a07f1-ddf4-4134-9f7d-1b1ac869b110,b27a07f1-ddf4-4134-9f7d-1b1ac869b110,user-b27a07f1-ddf4-4134-9f7d-1b1ac869b110,account_owner,true,2024-08-01T00:00:00,
16e8d4f8-2451-446f-a254-3bc68e40621b:account_owner:user-16e8d4f8-2451-446f-a254-3bc68e40621b,16e8d4f8-2451-446f-a254-3bc68e40621b,user-16e8d4f8-2451-446f-a254-3bc68e40621b,account_owner,true,2024-08-01T00:00:00,
2a0095cd-099e-45f3-a8ed-241dbe5cde18:account_owner:user-2a0095cd-099e-45f3-a8ed-241dbe5cde18,2a0095cd-099e-45f3-a8ed-241dbe5cde18,user-2a0095cd-099e-45f3-a8ed-241dbe5cde18,account_owner,true,2024-08-01T00:00:00,
bbfdba43-2871-4e95-84d9-e2ff45960e7d:account_owner:user-bbfdba43-2871-4e95-84d9-e2ff45960e7d,bbfdba43-2871-4e95-84d9-e2ff45960e7d,user-bbfdba43-2871-4e95-84d9-e2ff45960e7d,account_owner,true,2024-08-01T00:00:00,
2030e11b-f809-402e-8a1e-00aa3cb751da:account_owner:user-2030e11b-f809-402e-8a1e-00aa3cb751da,2030e11b-f809-402e-8a1e-00aa3cb751da,user-2030e11b-f809-402e-8a1e-00aa3cb751da,account_owner,true,2024-08-01T00:00:00,
c90ea8ef-05ef-4528-bb65-06a8180093d8:account_owner:user-c90ea8ef-05ef-4528-bb65-06a8180093d8,c90ea8ef-05ef-4528-bb65-06a8180093d8,user-c90ea8ef-05ef-4528-bb65-06a8180093d8,account_owner,true,2024-08-01T00:00:00,
9d37a85b-84b4-486d-b852-fd896a50fbf6:account_owner:user-9d37a85b-84b4-486d-b852-fd896a50fbf6,9d37a85b-84b4-486d-b852-fd896a50fbf6,user-9d37a85b-84b4-486d-b852-fd896a50fbf6,account_owner,true,2024-08-01T00:00:00,
92bac428-565b-4fba-a911-e9f3dc3c5ad8:account_owner:user-92bac428-565b-4fba-a911-e9f3dc3c5ad8,92bac428-565b-4fba-a911-e9f3dc3c5ad8,user-92bac428-565b-4fba-a911-e9f3dc3c5ad8,account_owner,true,2024-08-01T00:00:00,
9aaa8391-995f-4006-8413-c590098fc46a:account_owner:user-9aaa8391-995f-4006-8413-c590098fc46a,9aaa8391-995f-4006-8413-c590098fc46a,user-9aaa8391-995f-4006-8413-c590098fc46a,account_owner,true,2024-08-01T00:00:00,
bacd6bed-844e-4650-8181-7f73dd1352e2:account_owner:user-bacd6bed-844e-4650-8181-7f73dd1352e2,bacd6bed-844e-4650-8181-7f73dd1352e2,user-bacd6bed-844e-4650-8181-7f73dd1352e2,account_owner,true,2024-08-01T00:00:00,
9eac28b8-2264-4e48-9c2c-b3f7384bc20a:account_owner:user-9eac28b8-2264-4e48-9c2c-b3f7384bc20a,9eac28b8-2264-4e48-9c2c-b3f7384bc20a,user-9eac28b8-2264-4e48-9c2c-b3f7384bc20a,account_owner,true,2024-08-01T00:00:00,
83967256-31c2-4fcb-a61d-2378ac6f1ad6:account_owner:user-83967256-31c2-4fcb-a61d-2378ac6f1ad6,83967256-31c2-4fcb-a61d-2378ac6f1ad6,user-83967256-31c2-4fcb-a61d-2378ac6f1ad6,account_owner,true,2024-08-01T00:00:00,
3d2423f0-cecf-4060-b105-96b04f2ea442:account_owner:user-3d2423f0-cecf-4060-b105-96b04f2ea442,3d2423f0-cecf-4060-b105-96b04f2ea442,user-3d2423f0-cecf-4060-b105-96b04f2ea442,account_owner,true,2024-08-01T00:00:00,
ce73a9b8-27f8-4c9f-941c-4b99a646fb32:account_owner:user-ce73a9b8-27f8-4c9f-941c-4b99a646fb32,ce73a9b8-27f8-4c9f-941c-4b99a646fb32,user-ce73a9b8-27f8-4c9f-941c-4b99a646fb32,account_owner,true,2024-08-01T00:00:00,
76acc7d2-0fca-4530-89dd-39889b4f3bb3:account_owner:user-76acc7d2-0fca-4530-89dd-39889b4f3bb3,76acc7d2-0fca-4530-89dd-39889b4f3bb3,user-76acc7d2-0fca-4530-89dd-39889b4f3bb3,account_owner,true,2024-08-01T00:00:00,
40cff0ad-5c91-46bc-b72b-737347aafb25:account_owner:user-40cff0ad-5c91-46bc-b72b-737347aafb25,40cff0ad-5c91-46bc-b72b-737347aafb25,user-40cff0ad-5c91-46bc-b72b-737347aafb25,account_owner,true,2024-08-01T00:00:00,
4d6ee3e3-9ec6-4c2e-9552-a75af6d19f14:account_owner:user-4d6ee3e3-9ec6-4c2e-9552-a75af6d19f14,4d6ee3e3-9ec6-4c2e-9552-a75af6d19f14,user-4d6ee3e3-9ec6-4c2e-9552-a75af6d19f14,account_owner,true,2024-08-01T00:00:00,
94e0e084-e14c-4061-80da-7e6030bf14d5:account_owner:user-94e0e084-e14c-4061-80da-7e6030bf14d5,94e0e084-e14c-4061-80da-7e6030bf14d5,user-94e0e084-e14c-4061-80da-7e6030bf14d5,account_owner,true,2024-08-01T00:00:00,
5d5ea9b6-fefd-4e25-850a-9c2d365e7e27:account_owner:user-5d5ea9b6-fefd-4e25-850a-9c2d365e7e27,5d5ea9b6-fefd-4e25-850a-9c2d365e7e27,user-5d5ea9b6-fefd-4e25-850a-9c2d365e7e27,account_owner,true,2024-08-01T00:00:00,
c6fb82d9-b6e6-445a-a3d3-0158405a9d16:account_owner:user-c6fb82d9-b6e6-445a-a3d3-0158405a9d16,c6fb82d9-b6e6-445a-a3d3-0158405a9d16,user-c6fb82d9-b6e6-445a-a3d3-0158405a9d16,account_owner,true,2024-08-01T00:00:00,
e6ef189a-76de-4ef5-ace2-676d69273e22:account_owner:user-e6ef189a-76de-4ef5-ace2-676d69273e22,e6ef189a-76de-4ef5-ace2-676d69273e22,user-e6ef189a-76de-4ef5-ace2-676d69273e22,account_owner,true,2024-08-01T00:00:00,
352810e9-e0fe-4062-a808-83f47ad5f4d4:account_owner:user-352810e9-e0fe-4062-a808-83f47ad5f4d4,352810e9-e0fe-4062-a808-83f47ad5f4d4,user-352810e9-e0fe-4062-a808-83f47ad5f4d4,account_owner,true,2024-08-01T00:00:00,
d31efffd-fdc4-4168-ac26-83b67a6c5c47:account_owner:user-d31efffd-fdc4-4168-ac26-83b67a6c5c47,d31efffd-fdc4-4168-ac26-83b67a6c5c47,user-d31efffd-fdc4-4168-ac26-83b67a6c5c47,account_owner,true,2024-08-01T00:00:00,
fe2e9f59-c77b-4756-ad2e-fe864a560344:account_owner:user-fe2e9f59-c77b-4756-ad2e-fe864a560344,fe2e9f59-c77b-4756-ad2e-fe864a560344,user-fe2e9f59-c77b-4756-ad2e-fe864a560344,account_owner,true,2024-08-01T00:00:00,
c9276a13-5b0f-4ce9-8802-3e0ead192508:account_owner:user-c9276a13-5b0f-4ce9-8802-3e0ead192508,c9276a13-5b0f-4ce9-8802-3e0ead192508,user-c9276a13-5b0f-4ce9-8802-3e0ead192508,account_owner,true,2024-08-01T00:00:00,
102e02b0-7f44-4058-881f-7896edc964b2:account_owner:user-102e02b0-7f44-4058-881f-7896edc964b2,102e02b0-7f44-4058-881f-7896edc964b2,user-102e02b0-7f44-4058-881f-7896edc964b2,account_owner,true,2024-08-01T00:00:00,
34a9dd73-95d0-45d9-a3fb-636e4e080a6c:account_owner:user-34a9dd73-95d0-45d9-a3fb-636e4e080a6c,34a9dd73-95d0-45d9-a3fb-636e4e080a6c,user-34a9dd73-95d0-45d9-a3fb-636e4e080a6c,account_owner,true,2024-08-01T00:00:00,
cbda2de6-06db-4a9f-91af-cc36e8ba0bad:account_owner:user-cbda2de6-06db-4a9f-91af-cc36e8ba0bad,cbda2de6-06db-4a9f-91af-cc36e8ba0bad,user-cbda2de6-06db-4a9f-91af-cc36e8ba0bad,account_owner,true,2024-08-01T00:00:00,
5b2179c5-dd1c-45b4-b99c-10f1c7c201f4:account_owner:user-5b2179c5-dd1c-45b4-b99c-10f1c7c201f4,5b2179c5-dd1c-45b4-b99c-10f1c7c201f4,user-5b2179c5-dd1c-45b4-b99c-10f1c7c201f4,account_owner,true,2024-08-01T00:00:00,
0206c59d-8464-4845-9680-9463df25efd9:account_owner:user-0206c59d-8464-4845-9680-9463df25efd9,0206c59d-8464-4845-9680-9463df25efd9,user-0206c59d-8464-4845-9680-9463df25efd9,account_owner,true,2024-08-01T00:00:00,
a792d50a-1570-450f-901a-c26bc3b4a9dd:account_owner:user-a792d50a-1570-450f-901a-c26bc3b4a9dd,a792d50a-1570-450f-901a-c26bc3b4a9dd,user-a792d50a-1570-450f-901a-c26bc3b4a9dd,account_owner,true,2024-08-01T00:00:00,
117c9a65-4a4c-494f-8a54-64305d57c551:account_owner:user-117c9a65-4a4c-494f-8a54-64305d57c551,117c9a65-4a4c-494f-8a54-64305d57c551,user-117c9a65-4a4c-494f-8a54-64305d57c551,account_owner,true,2024-08-01T00:00:00,
189edb91-3f25-4f32-bfb4-64bd4052cb1c:account_owner:user-189edb91-3f25-4f32-bfb4-64bd4052cb1c,189edb91-3f25-4f32-bfb4-64bd4052cb1c,user-189edb91-3f25-4f32-bfb4-64bd4052cb1c,account_owner,true,2024-08-01T00:00:00,
2aee3fe5-2eb0-4391-bb79-d4d4ffdd9931:account_owner:user-2aee3fe5-2eb0-4391-bb79-d4d4ffdd9931,2aee3fe5-2eb0-4391-bb79-d4d4ffdd9931,user-2aee3fe5-2eb0-4391-bb79-d4d4ffdd9931,account_owner,true,2024-08-01T00:00:00,
3d0d96e7-a6da-4e11-a509-76b813d466f5:account_owner:user-3d0d96e7-a6da-4e11-a509-76b813d466f5,3d0d96e7-a6da-4e11-a509-76b813d466f5,user-3d0d96e7-a6da-4e11-a509-76b813d466f5,account_owner,true,2024-08-01T00:00:00,
878f6e41-bcd7-4f18-aa89-90133272eafa:account_owner:user-878f6e41-bcd7-4f18-aa89-90133272eafa,878f6e41-bcd7-4f18-aa89-90133272eafa,user-878f6e41-bcd7-4f18-aa89-90133272eafa,account_owner,true,2024-08-01T00:00:00,
f044be50-29c1-40c4-a16c-a1dd1f95d6f3:account_owner:user-f044be50-29c1-40c4-a16c-a1dd1f95d6f3,f044be50-29c1-40c4-a16c-a1dd1f95d6f3,user-f044be50-29c1-40c4-a16c-a1dd1f95d6f3,account_owner,true,2024-08-01T00:00:00,
961b1333-d41e-443a-9880-0b1c8c59e141:account_owner:user-961b1333-d41e-443a-9880-0b1c8c59e141,961b1333-d41e-443a-9880-0b1c8c59e141,user-961b1333-d41e-443a-9880-0b1c8c59e141,account_owner,true,2024-08-01T00:00:00,
41db9c8c-af73-46c6-b7aa-64cee86dbe41:account_owner:user-41db9c8c-af73-46c6-b7aa-64cee86dbe41,41db9c8c-af73-46c6-b7aa-64cee86dbe41,user-41db9c8c-af73-46c6-b7aa-64cee86dbe41,account_owner,true,2024-08-01T00:00:00,
72874237-a564-45ff-95cf-5fb3ab18e7c8:account_owner:user-72874237-a564-45ff-95cf-5fb3ab18e7c8,72874237-a564-45ff-95cf-5fb3ab18e7c8,user-72874237-a564-45ff-95cf-5fb3ab18e7c8,account_owner,true,2024-08-01T00:00:00,
612533b6-7eaf-45a2-b9d4-06192ce5620e:account_owner:user-612533b6-7eaf-45a2-b9d4-06192ce5620e,612533b6-7eaf-45a2-b9d4-06192ce5620e,user-612533b6-7eaf-45a2-b9d4-06192ce5620e,account_owner,true,2024-08-01T00:00:00,
4b761c33-8a8a-4dbe-a0d0-fa3261b391ee:account_owner:user-4b761c33-8a8a-4dbe-a0d0-fa3261b391ee,4b761c33-8a8a-4dbe-a0d0-fa3261b391ee,user-4b761c33-8a8a-4dbe-a0d0-fa3261b391ee,account_owner,true,2024-08-01T00:00:00,
b1554012-ee9c-477f-a055-e067482499a6:account_owner:user-b1554012-ee9c-477f-a055-e067482499a6,b1554012-ee9c-477f-a055-e067482499a6,user-b1554012-ee9c-477f-a055-e067482499a6,account_owner,true,2024-08-01T00:00:00,
9094466a-3714-44da-802d-85c2317b80e5:account_owner:user-9094466a-3714-44da-802d-85c2317b80e5,9094466a-3714-44da-802d-85c2317b80e5,user-9094466a-3714-44da-802d-85c2317b80e5,account_owner,true,2024-08-01T00:00:00,
d1a4b7a2-e152-4377-ad2c-08cb61ad6688:account_owner:user-d1a4b7a2-e152-4377-ad2c-08cb61ad6688,d1a4b7a2-e152-4377-ad2c-08cb61ad6688,user-d1a4b7a2-e152-4377-ad2c-08cb61ad6688,account_owner,true,2024-08-01T00:00:00,
f84190e8-5c4a-4bec-be4d-2e554dd46614:account_owner:user-f84190e8-5c4a-4bec-be4d-2e554dd46614,f84190e8-5c4a-4bec-be4d-2e554dd46614,user-f84190e8-5c4a-4bec-be4d-2e554dd46614,account_owner,true,2024-08-01T00:00:00,
8e104807-9dc2-4625-a1b7-9d858ddd96de:account_owner:user-8e104807-9dc2-4625-a1b7-9d858ddd96de,8e104807-9dc2-4625-a1b7-9d858ddd96de,user-8e104807-9dc2-4625-a1b7-9d858ddd96de,account_owner,true,2024-08-01T00:00:00,
99b2e147-d4f4-4a75-8f55-17304a277ed2:account_owner:user-99b2e147-d4f4-4a75-8f55-17304a277ed2,99b2e147-d4f4-4a75-8f55-17304a277ed2,user-99b2e147-d4f4-4a75-8f55-17304a277ed2,account_owner,true,2024-08-01T00:00:00,
34ec60c6-4248-4ad1-8dd9-759b309578a4:account_owner:user-34ec60c6-4248-4ad1-8dd9-759b309578a4,34ec60c6-4248-4ad1-8dd9-759b309578a4,user-34ec60c6-4248-4ad1-8dd9-759b309578a4,account_owner,true,2024-08-01T00:00:00,
f6722fed-e7e1-443f-84e8-a753dc7dcd63:account_owner:user-f6722fed-e7e1-443f-84e8-a753dc7dcd63,f6722fed-e7e1-443f-84e8-a753dc7dcd63,user-f6722fed-e7e1-443f-84e8-a753dc7dcd63,account_owner,true,2024-08-01T00:00:00,
faae2750-9c1c-4c70-96ed-e845374e4e5e:account_owner:user-faae2750-9c1c-4c70-96ed-e845374e4e5e,faae2750-9c1c-4c70-96ed-e845374e4e5e,user-faae2750-9c1c-4c70-96ed-e845374e4e5e,account_owner,true,2024-08-01T00:00:00,
aece6b12-b296-4a1b-991c-ab89ac207fed:account_owner:user-aece6b12-b296-4a1b-991c-ab89ac207fed,aece6b12-b296-4a1b-991c-ab89ac207fed,user-aece6b12-b296-4a1b-991c-ab89ac207fed,account_owner,true,2024-08-01T00:00:00,
2ffdab76-6ec7-4dce-bd58-e9b2f6da991c:account_owner:user-2ffdab76-6ec7-4dce-bd58-e9b2f6da991c,2ffdab76-6ec7-4dce-bd58-e9b2f6da991c,user-2ffdab76-6ec7-4dce-bd58-e9b2f6da991c,account_owner,true,2024-08-01T00:00:00,
797a1a0b-31a6-4422-af8a-98fd4e5e1114:account_owner:user-797a1a0b-31a6-4422-af8a-98fd4e5e1114,797a1a0b-31a6-4422-af8a-98fd4e5e1114,user-797a1a0b-31a6-4422-af8a-98fd4e5e1114,account_owner,true,2024-08-01T00:00:00,
b2263d08-d05d-4240-a470-6fe31527b9d2:account_owner:user-b2263d08-d05d-4240-a470-6fe31527b9d2,b2263d08-d05d-4240-a470-6fe31527b9d2,user-b2263d08-d05d-4240-a470-6fe31527b9d2,account_owner,true,2024-08-01T00:00:00,
bbc4757e-2351-486e-9ca8-f73b9dac716f:account_owner:user-bbc4757e-2351-486e-9ca8-f73b9dac716f,bbc4757e-2351-486e-9ca8-f73b9dac716f,user-bbc4757e-2351-486e-9ca8-f73b9dac716f,account_owner,true,2024-08-01T00:00:00,
07ef23e6-1d65-4721-a3ce-889f1c58f021:account_owner:user-07ef23e6-1d65-4721-a3ce-889f1c58f021,07ef23e6-1d65-4721-a3ce-889f1c58f021,user-07ef23e6-1d65-4721-a3ce-889f1c58f021,account_owner,true,2024-08-01T00:00:00,
534f7dee-6c8b-474d-b7be-41fa1dbbe93a:account_owner:user-534f7dee-6c8b-474d-b7be-41fa1dbbe93a,534f7dee-6c8b-474d-b7be-41fa1dbbe93a,user-534f7dee-6c8b-474d-b7be-41fa1dbbe93a,account_owner,true,2024-08-01T00:00:00,
2ba287a4-72ee-4028-bc13-39a65e78db4d:account_owner:user-2ba287a4-72ee-4028-bc13-39a65e78db4d,2ba287a4-72ee-4028-bc13-39a65e78db4d,user-2ba287a4-72ee-4028-bc13-39a65e78db4d,account_owner,true,2024-08-01T00:00:00,
49a962c3-f4f1-4c85-accc-a1e3a243a202:account_owner:user-49a962c3-f4f1-4c85-accc-a1e3a243a202,49a962c3-f4f1-4c85-accc-a1e3a243a202,user-49a962c3-f4f1-4c85-accc-a1e3a243a202,account_owner,true,2024-08-01T00:00:00,
b0382b3d-f5c4-4ecd-9e82-9ec911feb36a:account_owner:user-b0382b3d-f5c4-4ecd-9e82-9ec911feb36a,b0382b3d-f5c4-4ecd-9e82-9ec911feb36a,user-b0382b3d-f5c4-4ecd-9e82-9ec911feb36a,account_owner,true,2024-08-01T00:00:00,
7745384f-ccaa-4363-a18b-5e9ff0a824c0:account_owner:user-7745384f-ccaa-4363-a18b-5e9ff0a824c0,7745384f-ccaa-4363-a18b-5e9ff0a824c0,user-7745384f-ccaa-4363-a18b-5e9ff0a824c0,account_owner,true,2024-08-01T00:00:00,
4671e25f-30dd-4e69-bd9f-8b7f48135732:account_owner:user-4671e25f-30dd-4e69-bd9f-8b7f48135732,4671e25f-30dd-4e69-bd9f-8b7f48135732,user-4671e25f-30dd-4e69-bd9f-8b7f48135732,account_owner,true,2024-08-01T00:00:00,
723f776c-3ad0-4fa2-8177-a80f2cab59d9:account_owner:user-723f776c-3ad0-4fa2-8177-a80f2cab59d9,723f776c-3ad0-4fa2-8177-a80f2cab59d9,user-723f776c-3ad0-4fa2-8177-a80f2cab59d9,account_owner,true,2024-08-01T00:00:00,
3cc240f8-bb78-4677-a387-18bb7667c3ea:account_owner:user-3cc240f8-bb78-4677-a387-18bb7667c3ea,3cc240f8-bb78-4677-a387-18bb7667c3ea,user-3cc240f8-bb78-4677-a387-18bb7667c3ea,account_owner,true,2024-08-01T00:00:00,
7bfeca78-8e06-4644-9d0b-1470c32aa9e7:account_owner:user-7bfeca78-8e06-4644-9d0b-1470c32aa9e7,7bfeca78-8e06-4644-9d0b-1470c32aa9e7,user-7bfeca78-8e06-4644-9d0b-1470c32aa9e7,account_owner,true,2024-08-01T00:00:00,
7d624fe1-d3a6-4326-a6e6-32ebc0c46ea9:account_owner:user-7d624fe1-d3a6-4326-a6e6-32ebc0c46ea9,7d624fe1-d3a6-4326-a6e6-32ebc0c46ea9,user-7d624fe1-d3a6-4326-a6e6-32ebc0c46ea9,account_owner,true,2024-08-01T00:00:00,
15b9a6ba-816d-4956-936f-2894eff8b72d:account_owner:user-15b9a6ba-816d-4956-936f-2894eff8b72d,15b9a6ba-816d-4956-936f-2894eff8b72d,user-15b9a6ba-816d-4956-936f-2894eff8b72d,account_owner,true,2024-08-01T00:00:00,
f285aab8-56d5-40ad-92f1-61b0a4498890:account_owner:user-f285aab8-56d5-40ad-92f1-61b0a4498890,f285aab8-56d5-40ad-92f1-61b0a4498890,user-f285aab8-56d5-40ad-92f1-61b0a4498890,account_owner,true,2024-08-01T00:00:00,
176aa5a0-a79f-4429-84fb-73d501c7e219:account_owner:user-176aa5a0-a79f-4429-84fb-73d501c7e219,176aa5a0-a79f-4429-84fb-73d501c7e219,user-176aa5a0-a79f-4429-84fb-73d501c7e219,account_owner,true,2024-08-01T00:00:00,
b2664ec9-be42-46bd-9f6d-073a50105636:account_owner:user-b2664ec9-be42-46bd-9f6d-073a50105636,b2664ec9-be42-46bd-9f6d-073a50105636,user-b2664ec9-be42-46bd-9f6d-073a50105636,account_owner,true,2024-08-01T00:00:00,
74b13d9f-159f-4adb-8b2c-a623d67b529e:account_owner:user-74b13d9f-159f-4adb-8b2c-a623d67b529e,74b13d9f-159f-4adb-8b2c-a623d67b529e,user-74b13d9f-159f-4adb-8b2c-a623d67b529e,account_owner,true,2024-08-01T00:00:00,
71c65b56-3757-459a-ac5b-b50c76fb6a5e:account_owner:user-71c65b56-3757-459a-ac5b-b50c76fb6a5e,71c65b56-3757-459a-ac5b-b50c76fb6a5e,user-71c65b56-3757-459a-ac5b-b50c76fb6a5e,account_owner,true,2024-08-01T00:00:00,
148d63de-77f4-461d-b3ca-5369e9a98e7b:account_owner:user-148d63de-77f4-461d-b3ca-5369e9a98e7b,148d63de-77f4-461d-b3ca-5369e9a98e7b,user-148d63de-77f4-461d-b3ca-5369e9a98e7b,account_owner,true,2024-08-01T00:00:00,
5f31277a-2dcf-4273-81e3-312413596a23:account_owner:user-5f31277a-2dcf-4273-81e3-312413596a23,5f31277a-2dcf-4273-81e3-312413596a23,user-5f31277a-2dcf-4273-81e3-312413596a23,account_owner,true,2024-08-01T00:00:00,
96f16837-3562-4765-b8dc-ddd863a970f2:account_owner:user-96f16837-3562-4765-b8dc-ddd863a970f2,96f16837-3562-4765-b8dc-ddd863a970f2,user-96f16837-3562-4765-b8dc-ddd863a970f2,account_owner,true,2024-08-01T00:00:00,
359ce707-dfea-41f8-be3e-8689b460486f:account_owner:user-359ce707-dfea-41f8-be3e-8689b460486f,359ce707-dfea-41f8-be3e-8689b460486f,user-359ce707-dfea-41f8-be3e-8689b460486f,account_owner,true,2024-08-01T00:00:00,
be6fcaa5-9911-4bb6-b97c-47eb53c88b32:account_owner:user-be6fcaa5-9911-4bb6-b97c-47eb53c88b32,be6fcaa5-9911-4bb6-b97c-47eb53c88b32,user-be6fcaa5-9911-4bb6-b97c-47eb53c88b32,account_owner,true,2024-08-01T00:00:00,
3d097c4e-dd09-4cfa-8460-39fd4fb8a1cc:account_owner:user-3d097c4e-dd09-4cfa-8460-39fd4fb8a1cc,3d097c4e-dd09-4cfa-8460-39fd4fb8a1cc,user-3d097c4e-dd09-4cfa-8460-39fd4fb8a1cc,account_owner,true,2024-08-01T00:00:00,
1069ad16-5cc8-4f60-83a5-08e7e0beeb5c:account_owner:user-1069ad16-5cc8-4f60-83a5-08e7e0beeb5c,1069ad16-5cc8-4f60-83a5-08e7e0beeb5c,user-1069ad16-5cc8-4f60-83a5-08e7e0beeb5c,account_owner,true,2024-08-01T00:00:00,
4acffd44-9d77-4c09-afdb-e7f93ee5518b:account_owner:user-4acffd44-9d77-4c09-afdb-e7f93ee5518b,4acffd44-9d77-4c09-afdb-e7f93ee5518b,user-4acffd44-9d77-4c09-afdb-e7f93ee5518b,account_owner,true,2024-08-01T00:00:00,
e77008c8-b7e1-4bb6-93d8-8383d6385531:account_owner:user-e77008c8-b7e1-4bb6-93d8-8383d6385531,e77008c8-b7e1-4bb6-93d8-8383d6385531,user-e77008c8-b7e1-4bb6-93d8-8383d6385531,account_owner,true,2024-08-01T00:00:00,
191feb1d-2def-4cbf-a8f8-ee3eb3856ea2:account_owner:user-191feb1d-2def-4cbf-a8f8-ee3eb3856ea2,191feb1d-2def-4cbf-a8f8-ee3eb3856ea2,user-191feb1d-2def-4cbf-a8f8-ee3eb3856ea2,account_owner,true,2024-08-01T00:00:00,
cfefbf12-9a5a-4d61-a708-d92f785af097:account_owner:user-cfefbf12-9a5a-4d61-a708-d92f785af097,cfefbf12-9a5a-4d61-a708-d92f785af097,user-cfefbf12-9a5a-4d61-a708-d92f785af097,account_owner,true,2024-08-01T00:00:00,
1095b08b-dad8-473d-9ec9-bafeb20e71c9:account_owner:user-1095b08b-dad8-473d-9ec9-bafeb20e71c9,1095b08b-dad8-473d-9ec9-bafeb20e71c9,user-1095b08b-dad8-473d-9ec9-bafeb20e71c9,account_owner,true,2024-08-01T00:00:00,
b0cab1cc-6689-4922-a78f-5c6e1c458cd1:account_owner:user-b0cab1cc-6689-4922-a78f-5c6e1c458cd1,b0cab1cc-6689-4922-a78f-5c6e1c458cd1,user-b0cab1cc-6689-4922-a78f-5c6e1c458cd1,account_owner,true,2024-08-01T00:00:00,
ff4e2ef5-4f72-41f4-90ea-4f40665b9f5b:account_owner:user-ff4e2ef5-4f72-41f4-90ea-4f40665b9f5b,ff4e2ef5-4f72-41f4-90ea-4f40665b9f5b,user-ff4e2ef5-4f72-41f4-90ea-4f40665b9f5b,account_owner,true,2024-08-01T00:00:00,
e2141773-bfb8-4698-a4da-2be4540c14a5:account_owner:user-e2141773-bfb8-4698-a4da-2be4540c14a5,e2141773-bfb8-4698-a4da-2be4540c14a5,user-e2141773-bfb8-4698-a4da-2be4540c14a5,account_owner,true,2024-08-01T00:00:00,
e9647282-4e31-40a7-a07e-5d10cd7e447a:account_owner:user-e9647282-4e31-40a7-a07e-5d10cd7e447a,e9647282-4e31-40a7-a07e-5d10cd7e447a,user-e9647282-4e31-40a7-a07e-5d10cd7e447a,account_owner,true,2024-08-01T00:00:00,
6a0e8a99-d39a-4600-9876-1344b693450f:account_owner:user-6a0e8a99-d39a-4600-9876-1344b693450f,6a0e8a99-d39a-4600-9876-1344b693450f,user-6a0e8a99-d39a-4600-9876-1344b693450f,account_owner,true,2024-08-01T00:00:00,
ea224baf-b892-4ba2-b9f3-d14cc512820c:account_owner:user-ea224baf-b892-4ba2-b9f3-d14cc512820c,ea224baf-b892-4ba2-b9f3-d14cc512820c,user-ea224baf-b892-4ba2-b9f3-d14cc512820c,account_owner,true,2024-08-01T00:00:00,
1233e680-06d7-4b38-8c6e-796ef158556a:account_owner:user-1233e680-06d7-4b38-8c6e-796ef158556a,1233e680-06d7-4b38-8c6e-796ef158556a,user-1233e680-06d7-4b38-8c6e-796ef158556a,account_owner,true,2024-08-01T00:00:00,
3810f8e6-9278-4c26-9be0-d6d6c35fe477:account_owner:user-3810f8e6-9278-4c26-9be0-d6d6c35fe477,3810f8e6-9278-4c26-9be0-d6d6c35fe477,user-3810f8e6-9278-4c26-9be0-d6d6c35fe477,account_owner,true,2024-08-01T00:00:00,
ffd40778-a37e-453c-81d1-9a769cac4692:account_owner:user-ffd40778-a37e-453c-81d1-9a769cac4692,ffd40778-a37e-453c-81d1-9a769cac4692,user-ffd40778-a37e-453c-81d1-9a769cac4692,account_owner,true,2024-08-01T00:00:00,
8ebb4b7d-ed19-43be-a647-6c3a9a6a166a:account_owner:user-8ebb4b7d-ed19-43be-a647-6c3a9a6a166a,8ebb4b7d-ed19-43be-a647-6c3a9a6a166a,user-8ebb4b7d-ed19-43be-a647-6c3a9a6a166a,account_owner,true,2024-08-01T00:00:00,
e0cbd2e1-eee7-409c-9cf1-707eb4f867ce:account_owner:user-e0cbd2e1-eee7-409c-9cf1-707eb4f867ce,e0cbd2e1-eee7-409c-9cf1-707eb4f867ce,user-e0cbd2e1-eee7-409c-9cf1-707eb4f867ce,account_owner,true,2024-08-01T00:00:00,
d285a28f-6fa3-4c70-9469-73e7fe1787ae:account_owner:user-d285a28f-6fa3-4c70-9469-73e7fe1787ae,d285a28f-6fa3-4c70-9469-73e7fe1787ae,user-d285a28f-6fa3-4c70-9469-73e7fe1787ae,account_owner,true,2024-08-01T00:00:00,
77b903b9-c97e-44ae-8274-9dea7b101277:account_owner:user-77b903b9-c97e-44ae-8274-9dea7b101277,77b903b9-c97e-44ae-8274-9dea7b101277,user-77b903b9-c97e-44ae-8274-9dea7b101277,account_owner,true,2024-08-01T00:00:00,
953ad96a-103b-4460-a3b5-14b78403eb5d:account_owner:user-953ad96a-103b-4460-a3b5-14b78403eb5d,953ad96a-103b-4460-a3b5-14b78403eb5d,user-953ad96a-103b-4460-a3b5-14b78403eb5d,account_owner,true,2024-08-01T00:00:00,
875e080f-6237-421c-b26b-433b3b0c6584:account_owner:user-875e080f-6237-421c-b26b-433b3b0c6584,875e080f-6237-421c-b26b-433b3b0c6584,user-875e080f-6237-421c-b26b-433b3b0c6584,account_owner,true,2024-08-01T00:00:00,
400ec64f-461d-45c5-b45e-b5c8dc21b4e1:account_owner:user-400ec64f-461d-45c5-b45e-b5c8dc21b4e1,400ec64f-461d-45c5-b45e-b5c8dc21b4e1,user-400ec64f-461d-45c5-b45e-b5c8dc21b4e1,account_owner,true,2024-08-01T00:00:00,
d23755ac-d315-4dfd-ae80-4fa042f7d833:account_owner:user-d23755ac-d315-4dfd-ae80-4fa042f7d833,d23755ac-d315-4dfd-ae80-4fa042f7d833,user-d23755ac-d315-4dfd-ae80-4fa042f7d833,account_owner,true,2024-08-01T00:00:00,
47334d60-a9ec-4cf6-8af3-a2d030a6062f:account_owner:user-47334d60-a9ec-4cf6-8af3-a2d030a6062f,47334d60-a9ec-4cf6-8af3-a2d030a6062f,user-47334d60-a9ec-4cf6-8af3-a2d030a6062f,account_owner,true,2024-08-01T00:00:00,
2a26f327-c9ef-40f4-bb8c-c809417caad1:account_owner:user-2a26f327-c9ef-40f4-bb8c-c809417caad1,2a26f327-c9ef-40f4-bb8c-c809417caad1,user-2a26f327-c9ef-40f4-bb8c-c809417caad1,account_owner,true,2024-08-01T00:00:00,
f1c35457-d11b-4726-ae58-b98a09167675:account_owner:user-f1c35457-d11b-4726-ae58-b98a09167675,f1c35457-d11b-4726-ae58-b98a09167675,user-f1c35457-d11b-4726-ae58-b98a09167675,account_owner,true,2024-08-01T00:00:00,
3f13d579-3df8-478c-b978-eec7255facfa:account_owner:user-3f13d579-3df8-478c-b978-eec7255facfa,3f13d579-3df8-478c-b978-eec7255facfa,user-3f13d579-3df8-478c-b978-eec7255facfa,account_owner,true,2024-08-01T00:00:00,
40353a67-5df0-44ca-9c10-b42fab44c6f3:account_owner:user-40353a67-5df0-44ca-9c10-b42fab44c6f3,40353a67-5df0-44ca-9c10-b42fab44c6f3,user-40353a67-5df0-44ca-9c10-b42fab44c6f3,account_owner,true,2024-08-01T00:00:00,
baa48fe5-b7a4-4ea7-8eaf-5387ded157f7:account_owner:user-baa48fe5-b7a4-4ea7-8eaf-5387ded157f7,baa48fe5-b7a4-4ea7-8eaf-5387ded157f7,user-baa48fe5-b7a4-4ea7-8eaf-5387ded157f7,account_owner,true,2024-08-01T00:00:00,
899ea741-e615-4f9e-ad30-286f6f306f00:account_owner:user-899ea741-e615-4f9e-ad30-286f6f306f00,899ea741-e615-4f9e-ad30-286f6f306f00,user-899ea741-e615-4f9e-ad30-286f6f306f00,account_owner,true,2024-08-01T00:00:00,
0a42e609-2a53-4824-bf02-0088bdb9b149:account_owner:user-0a42e609-2a53-4824-bf02-0088bdb9b149,0a42e609-2a53-4824-bf02-0088bdb9b149,user-0a42e609-2a53-4824-bf02-0088bdb9b149,account_owner,true,2024-08-01T00:00:00,
5f8c9b91-24ee-43a2-b758-fece4c2fd787:account_owner:user-5f8c9b91-24ee-43a2-b758-fece4c2fd787,5f8c9b91-24ee-43a2-b758-fece4c2fd787,user-5f8c9b91-24ee-43a2-b758-fece4c2fd787,account_owner,true,2024-08-01T00:00:00,
46d24c86-1a31-430e-b1c4-1f4d8632c5ee:account_owner:user-46d24c86-1a31-430e-b1c4-1f4d8632c5ee,46d24c86-1a31-430e-b1c4-1f4d8632c5ee,user-46d24c86-1a31-430e-b1c4-1f4d8632c5ee,account_owner,true,2024-08-01T00:00:00,
143944c0-b4d0-48f7-ac1f-6ffaeff64a70:account_owner:user-143944c0-b4d0-48f7-ac1f-6ffaeff64a70,143944c0-b4d0-48f7-ac1f-6ffaeff64a70,user-143944c0-b4d0-48f7-ac1f-6ffaeff64a70,account_owner,true,2024-08-01T00:00:00,
b69dd468-7a0d-45e5-951c-ead1fcda2225:account_owner:user-b69dd468-7a0d-45e5-951c-ead1fcda2225,b69dd468-7a0d-45e5-951c-ead1fcda2225,user-b69dd468-7a0d-45e5-951c-ead1fcda2225,account_owner,true,2024-08-01T00:00:00,
a5781cf5-d32e-4370-b0f8-4f229bc0efa4:account_owner:user-a5781cf5-d32e-4370-b0f8-4f229bc0efa4,a5781cf5-d32e-4370-b0f8-4f229bc0efa4,user-a5781cf5-d32e-4370-b0f8-4f229bc0efa4,account_owner,true,2024-08-01T00:00:00,
0db82818-585b-4e3f-9898-2a72727c2e42:account_owner:user-0db82818-585b-4e3f-9898-2a72727c2e42,0db82818-585b-4e3f-9898-2a72727c2e42,user-0db82818-585b-4e3f-9898-2a72727c2e42,account_owner,true,2024-08-01T00:00:00,
cec4dd97-5c6e-415b-ba06-47dc8ef4570f:account_owner:user-cec4dd97-5c6e-415b-ba06-47dc8ef4570f,cec4dd97-5c6e-415b-ba06-47dc8ef4570f,user-cec4dd97-5c6e-415b-ba06-47dc8ef4570f,account_owner,true,2024-08-01T00:00:00,
b418aed1-0951-4085-9fe4-e750e7fe45f9:account_owner:user-b418aed1-0951-4085-9fe4-e750e7fe45f9,b418aed1-0951-4085-9fe4-e750e7fe45f9,user-b418aed1-0951-4085-9fe4-e750e7fe45f9,account_owner,true,2024-08-01T00:00:00,
b4cc95b0-6dbf-4264-a3ef-43fbbadf652a:account_owner:user-b4cc95b0-6dbf-4264-a3ef-43fbbadf652a,b4cc95b0-6dbf-4264-a3ef-43fbbadf652a,user-b4cc95b0-6dbf-4264-a3ef-43fbbadf652a,account_owner,true,2024-08-01T00:00:00,
19a47a26-3ca3-42d2-9e2d-8da79f09b587:account_owner:user-19a47a26-3ca3-42d2-9e2d-8da79f09b587,19a47a26-3ca3-42d2-9e2d-8da79f09b587,user-19a47a26-3ca3-42d2-9e2d-8da79f09b587,account_owner,true,2024-08-01T00:00:00,
7528c8de-b892-4894-8892-94a29730aa9c:account_owner:user-7528c8de-b892-4894-8892-94a29730aa9c,7528c8de-b892-4894-8892-94a29730aa9c,user-7528c8de-b892-4894-8892-94a29730aa9c,account_owner,true,2024-08-01T00:00:00,
1826e2e6-ccef-4719-8707-4c18ec953356:account_owner:user-1826e2e6-ccef-4719-8707-4c18ec953356,1826e2e6-ccef-4719-8707-4c18ec953356,user-1826e2e6-ccef-4719-8707-4c18ec953356,account_owner,true,2024-08-01T00:00:00,
5daa5d95-314b-4f5e-8926-8d61c9d4daa1:account_owner:user-5daa5d95-314b-4f5e-8926-8d61c9d4daa1,5daa5d95-314b-4f5e-8926-8d61c9d4daa1,user-5daa5d95-314b-4f5e-8926-8d61c9d4daa1,account_owner,true,2024-08-01T00:00:00,
d224c314-09b4-49c7-9490-53d3247615d2:account_owner:user-d224c314-09b4-49c7-9490-53d3247615d2,d224c314-09b4-49c7-9490-53d3247615d2,user-d224c314-09b4-49c7-9490-53d3247615d2,account_owner,true,2024-08-01T00:00:00,
15aeedcc-eed4-453e-850c-7f876e54c4ab:account_owner:user-15aeedcc-eed4-453e-850c-7f876e54c4ab,15aeedcc-eed4-453e-850c-7f876e54c4ab,user-15aeedcc-eed4-453e-850c-7f876e54c4ab,account_owner,true,2024-08-01T00:00:00,
ac4632eb-3a22-4956-896e-0a3899a647f1:account_owner:user-ac4632eb-3a22-4956-896e-0a3899a647f1,ac4632eb-3a22-4956-896e-0a3899a647f1,user-ac4632eb-3a22-4956-896e-0a3899a647f1,account_owner,true,2024-08-01T00:00:00,
890861ac-5e77-4568-aaff-807b37e6f872:account_owner:user-890861ac-5e77-4568-aaff-807b37e6f872,890861ac-5e77-4568-aaff-807b37e6f872,user-890861ac-5e77-4568-aaff-807b37e6f872,account_owner,true,2024-08-01T00:00:00,
f7989645-3a12-42f6-a926-2a7388aeb297:account_owner:user-f7989645-3a12-42f6-a926-2a7388aeb297,f7989645-3a12-42f6-a926-2a7388aeb297,user-f7989645-3a12-42f6-a926-2a7388aeb297,account_owner,true,2024-08-01T00:00:00,
3bfe5d2b-8ab3-473f-b56c-cdd86fff8877:account_owner:user-3bfe5d2b-8ab3-473f-b56c-cdd86fff8877,3bfe5d2b-8ab3-473f-b56c-cdd86fff8877,user-3bfe5d2b-8ab3-473f-b56c-cdd86fff8877,account_owner,true,2024-08-01T00:00:00,
bbce772f-b9b7-49f2-b79e-fa5d953ced6b:account_owner:user-bbce772f-b9b7-49f2-b79e-fa5d953ced6b,bbce772f-b9b7-49f2-b79e-fa5d953ced6b,user-bbce772f-b9b7-49f2-b79e-fa5d953ced6b,account_owner,true,2024-08-01T00:00:00,
5da6ee93-0365-4464-849c-cba666614c05:account_owner:user-5da6ee93-0365-4464-849c-cba666614c05,5da6ee93-0365-4464-849c-cba666614c05,user-5da6ee93-0365-4464-849c-cba666614c05,account_owner,true,2024-08-01T00:00:00,
f4c4994a-5a77-4a2f-902b-4f69c22ccee3:account_owner:user-f4c4994a-5a77-4a2f-902b-4f69c22ccee3,f4c4994a-5a77-4a2f-902b-4f69c22ccee3,user-f4c4994a-5a77-4a2f-902b-4f69c22ccee3,account_owner,true,2024-08-01T00:00:00,
19fee9df-73a9-41e9-9777-18d2a79ab8b4:account_owner:user-19fee9df-73a9-41e9-9777-18d2a79ab8b4,19fee9df-73a9-41e9-9777-18d2a79ab8b4,user-19fee9df-73a9-41e9-9777-18d2a79ab8b4,account_owner,true,2024-08-01T00:00:00,
d6cf7caa-9dd8-48c6-b4ee-5a02f62bb280:account_owner:user-d6cf7caa-9dd8-48c6-b4ee-5a02f62bb280,d6cf7caa-9dd8-48c6-b4ee-5a02f62bb280,user-d6cf7caa-9dd8-48c6-b4ee-5a02f62bb280,account_owner,true,2024-08-01T00:00:00,
04edb858-b8d9-455a-a1f2-f236df11a91f:account_owner:user-04edb858-b8d9-455a-a1f2-f236df11a91f,04edb858-b8d9-455a-a1f2-f236df11a91f,user-04edb858-b8d9-455a-a1f2-f236df11a91f,account_owner,true,2024-08-01T00:00:00,
94a6d963-227a-4d07-92a6-0bb60ebd66e6:account_owner:user-94a6d963-227a-4d07-92a6-0bb60ebd66e6,94a6d963-227a-4d07-92a6-0bb60ebd66e6,user-94a6d963-227a-4d07-92a6-0bb60ebd66e6,account_owner,true,2024-08-01T00:00:00,
627b564c-f368-4634-b7f8-d7e1c5ee980a:account_owner:user-627b564c-f368-4634-b7f8-d7e1c5ee980a,627b564c-f368-4634-b7f8-d7e1c5ee980a,user-627b564c-f368-4634-b7f8-d7e1c5ee980a,account_owner,true,2024-08-01T00:00:00,
72492cee-bfcb-4501-9a63-5afe45f5215a:account_owner:user-72492cee-bfcb-4501-9a63-5afe45f5215a,72492cee-bfcb-4501-9a63-5afe45f5215a,user-72492cee-bfcb-4501-9a63-5afe45f5215a,account_owner,true,2024-08-01T00:00:00,
bb0bc182-b8f7-4f26-b794-dca522dd4cec:account_owner:user-bb0bc182-b8f7-4f26-b794-dca522dd4cec,bb0bc182-b8f7-4f26-b794-dca522dd4cec,user-bb0bc182-b8f7-4f26-b794-dca522dd4cec,account_owner,true,2024-08-01T00:00:00,
387603c1-d2a6-475e-ab4c-9ba7aa78bb27:account_owner:user-387603c1-d2a6-475e-ab4c-9ba7aa78bb27,387603c1-d2a6-475e-ab4c-9ba7aa78bb27,user-387603c1-d2a6-475e-ab4c-9ba7aa78bb27,account_owner,true,2024-08-01T00:00:00,
125d87d5-a36a-4f4e-865c-3122386e88ca:account_owner:user-125d87d5-a36a-4f4e-865c-3122386e88ca,125d87d5-a36a-4f4e-865c-3122386e88ca,user-125d87d5-a36a-4f4e-865c-3122386e88ca,account_owner,true,2024-08-01T00:00:00,
bde10f4a-86e5-45d2-b176-3ec1222265c1:account_owner:user-bde10f4a-86e5-45d2-b176-3ec1222265c1,bde10f4a-86e5-45d2-b176-3ec1222265c1,user-bde10f4a-86e5-45d2-b176-3ec1222265c1,account_owner,true,2024-08-01T00:00:00,
ead66f31-3437-42c5-9145-8281898ce326:account_owner:user-ead66f31-3437-42c5-9145-8281898ce326,ead66f31-3437-42c5-9145-8281898ce326,user-ead66f31-3437-42c5-9145-8281898ce326,account_owner,true,2024-08-01T00:00:00,
b91c4cbb-67d6-4515-b897-dd13e44c1101:account_owner:user-b91c4cbb-67d6-4515-b897-dd13e44c1101,b91c4cbb-67d6-4515-b897-dd13e44c1101,user-b91c4cbb-67d6-4515-b897-dd13e44c1101,account_owner,true,2024-08-01T00:00:00,
adf0d9db-c6a0-4226-a93f-30482ccd9d28:account_owner:user-adf0d9db-c6a0-4226-a93f-30482ccd9d28,adf0d9db-c6a0-4226-a93f-30482ccd9d28,user-adf0d9db-c6a0-4226-a93f-30482ccd9d28,account_owner,true,2024-08-01T00:00:00,
34a7e239-a098-4105-a6ab-b1a2c1c1c160:account_owner:user-34a7e239-a098-4105-a6ab-b1a2c1c1c160,34a7e239-a098-4105-a6ab-b1a2c1c1c160,user-34a7e239-a098-4105-a6ab-b1a2c1c1c160,account_owner,true,2024-08-01T00:00:00,
438d7ce2-8d55-49cd-ab64-d781e25abb9e:account_owner:user-438d7ce2-8d55-49cd-ab64-d781e25abb9e,438d7ce2-8d55-49cd-ab64-d781e25abb9e,user-438d7ce2-8d55-49cd-ab64-d781e25abb9e,account_owner,true,2024-08-01T00:00:00,
36df5a68-777a-4824-9342-f7f557e872ba:account_owner:user-36df5a68-777a-4824-9342-f7f557e872ba,36df5a68-777a-4824-9342-f7f557e872ba,user-36df5a68-777a-4824-9342-f7f557e872ba,account_owner,true,2024-08-01T00:00:00,
ed7f8737-2c99-408f-afd0-f91c740e414c:account_owner:user-ed7f8737-2c99-408f-afd0-f91c740e414c,ed7f8737-2c99-408f-afd0-f91c740e414c,user-ed7f8737-2c99-408f-afd0-f91c740e414c,account_owner,true,2024-08-01T00:00:00,
a1be3ec3-e6d6-43ba-8011-02ffe7491e78:account_owner:user-a1be3ec3-e6d6-43ba-8011-02ffe7491e78,a1be3ec3-e6d6-43ba-8011-02ffe7491e78,user-a1be3ec3-e6d6-43ba-8011-02ffe7491e78,account_owner,true,2024-08-01T00:00:00,
848c50eb-5e2a-4b53-b6b9-751bfad107b7:account_owner:user-848c50eb-5e2a-4b53-b6b9-751bfad107b7,848c50eb-5e2a-4b53-b6b9-751bfad107b7,user-848c50eb-5e2a-4b53-b6b9-751bfad107b7,account_owner,true,2024-08-01T00:00:00,
017413ff-58e5-4097-93e6-84f98038b20b:account_owner:user-017413ff-58e5-4097-93e6-84f98038b20b,017413ff-58e5-4097-93e6-84f98038b20b,user-017413ff-58e5-4097-93e6-84f98038b20b,account_owner,true,2024-08-01T00:00:00,
367f1e9a-938e-4d15-8ec1-50ce91fef6ce:account_owner:user-367f1e9a-938e-4d15-8ec1-50ce91fef6ce,367f1e9a-938e-4d15-8ec1-50ce91fef6ce,user-367f1e9a-938e-4d15-8ec1-50ce91fef6ce,account_owner,true,2024-08-01T00:00:00,
fa08fd03-3569-400d-9d63-e8ae15712195:account_owner:user-fa08fd03-3569-400d-9d63-e8ae15712195,fa08fd03-3569-400d-9d63-e8ae15712195,user-fa08fd03-3569-400d-9d63-e8ae15712195,account_owner,true,2024-08-01T00:00:00,
52ecad80-29ad-4b94-8e45-82007ac63dba:account_owner:user-52ecad80-29ad-4b94-8e45-82007ac63dba,52ecad80-29ad-4b94-8e45-82007ac63dba,user-52ecad80-29ad-4b94-8e45-82007ac63dba,account_owner,true,2024-08-01T00:00:00,
ff29ece6-95da-4800-acd2-b14950a339dd:account_owner:user-ff29ece6-95da-4800-acd2-b14950a339dd,ff29ece6-95da-4800-acd2-b14950a339dd,user-ff29ece6-95da-4800-acd2-b14950a339dd,account_owner,true,2024-08-01T00:00:00,
03a59f85-596f-4b87-9ab3-5f1a84f37beb:account_owner:user-03a59f85-596f-4b87-9ab3-5f1a84f37beb,03a59f85-596f-4b87-9ab3-5f1a84f37beb,user-03a59f85-596f-4b87-9ab3-5f1a84f37beb,account_owner,true,2024-08-01T00:00:00,
53dda453-796e-4167-b482-7449bd52694f:account_owner:user-53dda453-796e-4167-b482-7449bd52694f,53dda453-796e-4167-b482-7449bd52694f,user-53dda453-796e-4167-b482-7449bd52694f,account_owner,true,2024-08-01T00:00:00,
f35eb7b6-1b25-433b-90b5-29212b72f6e2:account_owner:user-f35eb7b6-1b25-433b-90b5-29212b72f6e2,f35eb7b6-1b25-433b-90b5-29212b72f6e2,user-f35eb7b6-1b25-433b-90b5-29212b72f6e2,account_owner,true,2024-08-01T00:00:00,
28a5a7b8-b34b-47a6-91f7-8e384d6b6f59:account_owner:user-28a5a7b8-b34b-47a6-91f7-8e384d6b6f59,28a5a7b8-b34b-47a6-91f7-8e384d6b6f59,user-28a5a7b8-b34b-47a6-91f7-8e384d6b6f59,account_owner,true,2024-08-01T00:00:00,
3f78077b-93c7-4c4e-8976-f16cb11cfcfc:account_owner:user-3f78077b-93c7-4c4e-8976-f16cb11cfcfc,3f78077b-93c7-4c4e-8976-f16cb11cfcfc,user-3f78077b-93c7-4c4e-8976-f16cb11cfcfc,account_owner,true,2024-08-01T00:00:00,
efc6a229-f984-41c8-b741-83d9a46c5fd1:account_owner:user-efc6a229-f984-41c8-b741-83d9a46c5fd1,efc6a229-f984-41c8-b741-83d9a46c5fd1,user-efc6a229-f984-41c8-b741-83d9a46c5fd1,account_owner,true,2024-08-01T00:00:00,
8f40d15b-7ab5-4fdb-b9a0-767514af456f:account_owner:user-8f40d15b-7ab5-4fdb-b9a0-767514af456f,8f40d15b-7ab5-4fdb-b9a0-767514af456f,user-8f40d15b-7ab5-4fdb-b9a0-767514af456f,account_owner,true,2024-08-01T00:00:00,
41653b96-0020-4b26-86da-cb8f9aac99a0:account_owner:user-41653b96-0020-4b26-86da-cb8f9aac99a0,41653b96-0020-4b26-86da-cb8f9aac99a0,user-41653b96-0020-4b26-86da-cb8f9aac99a0,account_owner,true,2024-08-01T00:00:00,
2dc965e2-d3fc-4bc8-a118-d1636dbfe8c5:account_owner:user-2dc965e2-d3fc-4bc8-a118-d1636dbfe8c5,2dc965e2-d3fc-4bc8-a118-d1636dbfe8c5,user-2dc965e2-d3fc-4bc8-a118-d1636dbfe8c5,account_owner,true,2024-08-01T00:00:00,
2ef9867e-e76c-4d07-8089-7935ba03ca03:account_owner:user-2ef9867e-e76c-4d07-8089-7935ba03ca03,2ef9867e-e76c-4d07-8089-7935ba03ca03,user-2ef9867e-e76c-4d07-8089-7935ba03ca03,account_owner,true,2024-08-01T00:00:00,
6bb3949d-b446-4beb-bcc9-01846e7ef85f:account_owner:user-6bb3949d-b446-4beb-bcc9-01846e7ef85f,6bb3949d-b446-4beb-bcc9-01846e7ef85f,user-6bb3949d-b446-4beb-bcc9-01846e7ef85f,account_owner,true,2024-08-01T00:00:00,
04b679f3-0691-47bc-975a-fdac41f52db4:account_owner:user-04b679f3-0691-47bc-975a-fdac41f52db4,04b679f3-0691-47bc-975a-fdac41f52db4,user-04b679f3-0691-47bc-975a-fdac41f52db4,account_owner,true,2024-08-01T00:00:00,
4b503eb1-da2e-4115-8f64-b4dc888db448:account_owner:user-4b503eb1-da2e-4115-8f64-b4dc888db448,4b503eb1-da2e-4115-8f64-b4dc888db448,user-4b503eb1-da2e-4115-8f64-b4dc888db448,account_owner,true,2024-08-01T00:00:00,
90249383-3427-4005-a185-d20f5542dae5:account_owner:user-90249383-3427-4005-a185-d20f5542dae5,90249383-3427-4005-a185-d20f5542dae5,user-90249383-3427-4005-a185-d20f5542dae5,account_owner,true,2024-08-01T00:00:00,
058a019d-da8d-434a-8e8b-621c3b214928:account_owner:user-058a019d-da8d-434a-8e8b-621c3b214928,058a019d-da8d-434a-8e8b-621c3b214928,user-058a019d-da8d-434a-8e8b-621c3b214928,account_owner,true,2024-08-01T00:00:00,
598904ac-fa48-43af-8fe9-41388451ae53:account_owner:user-598904ac-fa48-43af-8fe9-41388451ae53,598904ac-fa48-43af-8fe9-41388451ae53,user-598904ac-fa48-43af-8fe9-41388451ae53,account_owner,true,2024-08-01T00:00:00,
2068f48f-4c39-4084-81d1-95af149d8547:account_owner:user-2068f48f-4c39-4084-81d1-95af149d8547,2068f48f-4c39-4084-81d1-95af149d8547,user-2068f48f-4c39-4084-81d1-95af149d8547,account_owner,true,2024-08-01T00:00:00,
dec2b1be-3447-4044-b4e3-17848dfd390e:account_owner:user-dec2b1be-3447-4044-b4e3-17848dfd390e,dec2b1be-3447-4044-b4e3-17848dfd390e,user-dec2b1be-3447-4044-b4e3-17848dfd390e,account_owner,true,2024-08-01T00:00:00,
6b9cd81e-126c-4c53-b6b5-575d78951256:account_owner:user-6b9cd81e-126c-4c53-b6b5-575d78951256,6b9cd81e-126c-4c53-b6b5-575d78951256,user-6b9cd81e-126c-4c53-b6b5-575d78951256,account_owner,true,2024-08-01T00:00:00,
0e7b96a0-3300-42a0-b46a-0376d91610eb:account_owner:user-0e7b96a0-3300-42a0-b46a-0376d91610eb,0e7b96a0-3300-42a0-b46a-0376d91610eb,user-0e7b96a0-3300-42a0-b46a-0376d91610eb,account_owner,true,2024-08-01T00:00:00,
33a6f9f2-9265-47a5-ab40-37c29c87ed07:account_owner:user-33a6f9f2-9265-47a5-ab40-37c29c87ed07,33a6f9f2-9265-47a5-ab40-37c29c87ed07,user-33a6f9f2-9265-47a5-ab40-37c29c87ed07,account_owner,true,2024-08-01T00:00:00,
3fa371d4-77dd-4e91-9a2f-86801b001903:account_owner:user-3fa371d4-77dd-4e91-9a2f-86801b001903,3fa371d4-77dd-4e91-9a2f-86801b001903,user-3fa371d4-77dd-4e91-9a2f-86801b001903,account_owner,true,2024-08-01T00:00:00,
2977486c-8467-4a72-a290-db87a9022320:account_owner:user-2977486c-8467-4a72-a290-db87a9022320,2977486c-8467-4a72-a290-db87a9022320,user-2977486c-8467-4a72-a290-db87a9022320,account_owner,true,2024-08-01T00:00:00,
2251b079-d6df-4d71-bd74-d2a00e841a9d:account_owner:user-2251b079-d6df-4d71-bd74-d2a00e841a9d,2251b079-d6df-4d71-bd74-d2a00e841a9d,user-2251b079-d6df-4d71-bd74-d2a00e841a9d,account_owner,true,2024-08-01T00:00:00,
26b9f21d-cabb-40f3-b28e-71549d01a6e1:account_owner:user-26b9f21d-cabb-40f3-b28e-71549d01a6e1,26b9f21d-cabb-40f3-b28e-71549d01a6e1,user-26b9f21d-cabb-40f3-b28e-71549d01a6e1,account_owner,true,2024-08-01T00:00:00,
1fcec697-8153-4717-a361-5a4257e0c9b7:account_owner:user-1fcec697-8153-4717-a361-5a4257e0c9b7,1fcec697-8153-4717-a361-5a4257e0c9b7,user-1fcec697-8153-4717-a361-5a4257e0c9b7,account_owner,true,2024-08-01T00:00:00,
d477b62b-46ba-4eaa-a26a-8e3d43ea5a28:account_owner:user-d477b62b-46ba-4eaa-a26a-8e3d43ea5a28,d477b62b-46ba-4eaa-a26a-8e3d43ea5a28,user-d477b62b-46ba-4eaa-a26a-8e3d43ea5a28,account_owner,true,2024-08-01T00:00:00,
55ae024c-4a5e-49d8-be84-2f493dc83880:account_owner:user-55ae024c-4a5e-49d8-be84-2f493dc83880,55ae024c-4a5e-49d8-be84-2f493dc83880,user-55ae024c-4a5e-49d8-be84-2f493dc83880,account_owner,true,2024-08-01T00:00:00,
71972ade-a5de-461b-aac8-49774ccb1a4a:account_owner:user-71972ade-a5de-461b-aac8-49774ccb1a4a,71972ade-a5de-461b-aac8-49774ccb1a4a,user-71972ade-a5de-461b-aac8-49774ccb1a4a,account_owner,true,2024-08-01T00:00:00,
a6e1b4c7-24c0-48ca-96ee-6d0a46348a82:account_owner:user-a6e1b4c7-24c0-48ca-96ee-6d0a46348a82,a6e1b4c7-24c0-48ca-96ee-6d0a46348a82,user-a6e1b4c7-24c0-48ca-96ee-6d0a46348a82,account_owner,true,2024-08-01T00:00:00,
bab8979a-8cd9-477b-bbd7-2e1dbab88437:account_owner:user-bab8979a-8cd9-477b-bbd7-2e1dbab88437,bab8979a-8cd9-477b-bbd7-2e1dbab88437,user-bab8979a-8cd9-477b-bbd7-2e1dbab88437,account_owner,true,2024-08-01T00:00:00,
b8ccafb8-eae9-4e35-beb2-afbc3cb9690c:account_owner:user-b8ccafb8-eae9-4e35-beb2-afbc3cb9690c,b8ccafb8-eae9-4e35-beb2-afbc3cb9690c,user-b8ccafb8-eae9-4e35-beb2-afbc3cb9690c,account_owner,true,2024-08-01T00:00:00,
f24f29fa-33e9-41e2-8965-ac4e39be3919:account_owner:user-f24f29fa-33e9-41e2-8965-ac4e39be3919,f24f29fa-33e9-41e2-8965-ac4e39be3919,user-f24f29fa-33e9-41e2-8965-ac4e39be3919,account_owner,true,2024-08-01T00:00:00,
59292cdf-6314-4444-aee9-45a78c76dcbe:account_owner:user-59292cdf-6314-4444-aee9-45a78c76dcbe,59292cdf-6314-4444-aee9-45a78c76dcbe,user-59292cdf-6314-4444-aee9-45a78c76dcbe,account_owner,true,2024-08-01T00:00:00,
47ac22ab-9718-46c4-ac3b-e6473f31a413:account_owner:user-47ac22ab-9718-46c4-ac3b-e6473f31a413,47ac22ab-9718-46c4-ac3b-e6473f31a413,user-47ac22ab-9718-46c4-ac3b-e6473f31a413,account_owner,true,2024-08-01T00:00:00,
af16d888-ff4c-4c16-a2f8-9e2a3a9677c7:account_owner:user-af16d888-ff4c-4c16-a2f8-9e2a3a9677c7,af16d888-ff4c-4c16-a2f8-9e2a3a9677c7,user-af16d888-ff4c-4c16-a2f8-9e2a3a9677c7,account_owner,true,2024-08-01T00:00:00,
7bd64d99-cfe2-4e61-aed9-8b6f3d410468:account_owner:user-7bd64d99-cfe2-4e61-aed9-8b6f3d410468,7bd64d99-cfe2-4e61-aed9-8b6f3d410468,user-7bd64d99-cfe2-4e61-aed9-8b6f3d410468,account_owner,true,2024-08-01T00:00:00,
2aaf9fc4-0801-4163-8cc8-39558682f704:account_owner:user-2aaf9fc4-0801-4163-8cc8-39558682f704,2aaf9fc4-0801-4163-8cc8-39558682f704,user-2aaf9fc4-0801-4163-8cc8-39558682f704,account_owner,true,2024-08-01T00:00:00,
7e06ea60-a336-46ee-a77d-ca114267af0d:account_owner:user-7e06ea60-a336-46ee-a77d-ca114267af0d,7e06ea60-a336-46ee-a77d-ca114267af0d,user-7e06ea60-a336-46ee-a77d-ca114267af0d,account_owner,true,2024-08-01T00:00:00,
8aff4c2d-48b5-4b85-bf21-20ad95d18b6c:account_owner:user-8aff4c2d-48b5-4b85-bf21-20ad95d18b6c,8aff4c2d-48b5-4b85-bf21-20ad95d18b6c,user-8aff4c2d-48b5-4b85-bf21-20ad95d18b6c,account_owner,true,2024-08-01T00:00:00,
13ae1187-ebff-4588-bbf0-db26b1bbb598:account_owner:user-13ae1187-ebff-4588-bbf0-db26b1bbb598,13ae1187-ebff-4588-bbf0-db26b1bbb598,user-13ae1187-ebff-4588-bbf0-db26b1bbb598,account_owner,true,2024-08-01T00:00:00,
b4eb2e6a-e0ab-46b4-8a7a-cb2e92d8e009:account_owner:user-b4eb2e6a-e0ab-46b4-8a7a-cb2e92d8e009,b4eb2e6a-e0ab-46b4-8a7a-cb2e92d8e009,user-b4eb2e6a-e0ab-46b4-8a7a-cb2e92d8e009,account_owner,true,2024-08-01T00:00:00,
167ce993-af12-4071-a5cb-fb3f09045741:account_owner:user-167ce993-af12-4071-a5cb-fb3f09045741,167ce993-af12-4071-a5cb-fb3f09045741,user-167ce993-af12-4071-a5cb-fb3f09045741,account_owner,true,2024-08-01T00:00:00,
358fc32a-8446-4c62-b4a1-92b145a689e8:account_owner:user-358fc32a-8446-4c62-b4a1-92b145a689e8,358fc32a-8446-4c62-b4a1-92b145a689e8,user-358fc32a-8446-4c62-b4a1-92b145a689e8,account_owner,true,2024-08-01T00:00:00,
8cef9627-37e9-4bad-a5d7-69f87f291c90:account_owner:user-8cef9627-37e9-4bad-a5d7-69f87f291c90,8cef9627-37e9-4bad-a5d7-69f87f291c90,user-8cef9627-37e9-4bad-a5d7-69f87f291c90,account_owner,true,2024-08-01T00:00:00,
8d5d45b6-2bf0-4380-85a0-b73fcbc86e94:account_owner:user-8d5d45b6-2bf0-4380-85a0-b73fcbc86e94,8d5d45b6-2bf0-4380-85a0-b73fcbc86e94,user-8d5d45b6-2bf0-4380-85a0-b73fcbc86e94,account_owner,true,2024-08-01T00:00:00,
43317971-4c76-44db-9b97-011579286ea5:account_owner:user-43317971-4c76-44db-9b97-011579286ea5,43317971-4c76-44db-9b97-011579286ea5,user-43317971-4c76-44db-9b97-011579286ea5,account_owner,true,2024-08-01T00:00:00,
ef7f92e8-2f80-4e44-9e56-9ee276819791:account_owner:user-ef7f92e8-2f80-4e44-9e56-9ee276819791,ef7f92e8-2f80-4e44-9e56-9ee276819791,user-ef7f92e8-2f80-4e44-9e56-9ee276819791,account_owner,true,2024-08-01T00:00:00,
6d24a27b-89f9-4e69-8c83-6f87ce5b6d33:account_owner:user-6d24a27b-89f9-4e69-8c83-6f87ce5b6d33,6d24a27b-89f9-4e69-8c83-6f87ce5b6d33,user-6d24a27b-89f9-4e69-8c83-6f87ce5b6d33,account_owner,true,2024-08-01T00:00:00,
e8e92a9f-bec3-4873-951c-b05d0fe37715:account_owner:user-e8e92a9f-bec3-4873-951c-b05d0fe37715,e8e92a9f-bec3-4873-951c-b05d0fe37715,user-e8e92a9f-bec3-4873-951c-b05d0fe37715,account_owner,true,2024-08-01T00:00:00,
7b971d80-7566-4bfa-93b7-b87270c4b732:account_owner:user-7b971d80-7566-4bfa-93b7-b87270c4b732,7b971d80-7566-4bfa-93b7-b87270c4b732,user-7b971d80-7566-4bfa-93b7-b87270c4b732,account_owner,true,2024-08-01T00:00:00,
d5e5a6a6-cb8d-4d62-8551-298dee7f1f9f:account_owner:user-d5e5a6a6-cb8d-4d62-8551-298dee7f1f9f,d5e5a6a6-cb8d-4d62-8551-298dee7f1f9f,user-d5e5a6a6-cb8d-4d62-8551-298dee7f1f9f,account_owner,true,2024-08-01T00:00:00,
6058494e-8390-41a7-9c1b-182902dda8db:account_owner:user-6058494e-8390-41a7-9c1b-182902dda8db,6058494e-8390-41a7-9c1b-182902dda8db,user-6058494e-8390-41a7-9c1b-182902dda8db,account_owner,true,2024-08-01T00:00:00,
09a354a5-a7cb-4687-8a52-c4a71feba0d2:account_owner:user-09a354a5-a7cb-4687-8a52-c4a71feba0d2,09a354a5-a7cb-4687-8a52-c4a71feba0d2,user-09a354a5-a7cb-4687-8a52-c4a71feba0d2,account_owner,true,2024-08-01T00:00:00,
64fec69e-52e2-471f-9fbc-7a8e33f991bd:account_owner:user-64fec69e-52e2-471f-9fbc-7a8e33f991bd,64fec69e-52e2-471f-9fbc-7a8e33f991bd,user-64fec69e-52e2-471f-9fbc-7a8e33f991bd,account_owner,true,2024-08-01T00:00:00,
0327ed4c-b4a3-4746-9221-3bb172a05c50:account_owner:user-0327ed4c-b4a3-4746-9221-3bb172a05c50,0327ed4c-b4a3-4746-9221-3bb172a05c50,user-0327ed4c-b4a3-4746-9221-3bb172a05c50,account_owner,true,2024-08-01T00:00:00,
35bb651c-499f-433f-b5af-b793b285e727:account_owner:user-35bb651c-499f-433f-b5af-b793b285e727,35bb651c-499f-433f-b5af-b793b285e727,user-35bb651c-499f-433f-b5af-b793b285e727,account_owner,true,2024-08-01T00:00:00,
e6e0c2ef-00b6-4d38-a129-32d4aa4e795d:account_owner:user-e6e0c2ef-00b6-4d38-a129-32d4aa4e795d,e6e0c2ef-00b6-4d38-a129-32d4aa4e795d,user-e6e0c2ef-00b6-4d38-a129-32d4aa4e795d,account_owner,true,2024-08-01T00:00:00,
1fcfe435-1e78-4646-a517-19906c49735a:account_owner:user-1fcfe435-1e78-4646-a517-19906c49735a,1fcfe435-1e78-4646-a517-19906c49735a,user-1fcfe435-1e78-4646-a517-19906c49735a,account_owner,true,2024-08-01T00:00:00,
bd463573-d217-4411-9ac0-8b72bd7609cd:account_owner:user-bd463573-d217-4411-9ac0-8b72bd7609cd,bd463573-d217-4411-9ac0-8b72bd7609cd,user-bd463573-d217-4411-9ac0-8b72bd7609cd,account_owner,true,2024-08-01T00:00:00,
3f5140d0-d9ef-4655-a6ab-69e5e6921143:account_owner:user-3f5140d0-d9ef-4655-a6ab-69e5e6921143,3f5140d0-d9ef-4655-a6ab-69e5e6921143,user-3f5140d0-d9ef-4655-a6ab-69e5e6921143,account_owner,true,2024-08-01T00:00:00,
e039c2ef-fe4c-4d60-97ee-99d043299f0e:account_owner:user-e039c2ef-fe4c-4d60-97ee-99d043299f0e,e039c2ef-fe4c-4d60-97ee-99d043299f0e,user-e039c2ef-fe4c-4d60-97ee-99d043299f0e,account_owner,true,2024-08-01T00:00:00,
72fd6924-b954-4c8f-9c0b-2545d0efe53b:account_owner:user-72fd6924-b954-4c8f-9c0b-2545d0efe53b,72fd6924-b954-4c8f-9c0b-2545d0efe53b,user-72fd6924-b954-4c8f-9c0b-2545d0efe53b,account_owner,true,2024-08-01T00:00:00,
ae6e644d-c310-4f23-84dc-5063fc2e2953:account_owner:user-ae6e644d-c310-4f23-84dc-5063fc2e2953,ae6e644d-c310-4f23-84dc-5063fc2e2953,user-ae6e644d-c310-4f23-84dc-5063fc2e2953,account_owner,true,2024-08-01T00:00:00,
341da637-6927-4a64-8183-13ec96005b5f:account_owner:user-341da637-6927-4a64-8183-13ec96005b5f,341da637-6927-4a64-8183-13ec96005b5f,user-341da637-6927-4a64-8183-13ec96005b5f,account_owner,true,2024-08-01T00:00:00,
3455f0ff-3219-4cd9-acd8-091f34518293:account_owner:user-3455f0ff-3219-4cd9-acd8-091f34518293,3455f0ff-3219-4cd9-acd8-091f34518293,user-3455f0ff-3219-4cd9-acd8-091f34518293,account_owner,true,2024-08-01T00:00:00,
40c4aa0f-6d19-4084-820c-5764f87d9184:account_owner:user-40c4aa0f-6d19-4084-820c-5764f87d9184,40c4aa0f-6d19-4084-820c-5764f87d9184,user-40c4aa0f-6d19-4084-820c-5764f87d9184,account_owner,true,2024-08-01T00:00:00,
257291a7-c562-45b7-9229-49a527229518:account_owner:user-257291a7-c562-45b7-9229-49a527229518,257291a7-c562-45b7-9229-49a527229518,user-257291a7-c562-45b7-9229-49a527229518,account_owner,true,2024-08-01T00:00:00,
795d2b23-6186-4d66-beb4-690083c579a2:account_owner:user-795d2b23-6186-4d66-beb4-690083c579a2,795d2b23-6186-4d66-beb4-690083c579a2,user-795d2b23-6186-4d66-beb4-690083c579a2,account_owner,true,2024-08-01T00:00:00,
0f8ab48c-b1fa-4600-9712-1bc2a02d8f45:account_owner:user-0f8ab48c-b1fa-4600-9712-1bc2a02d8f45,0f8ab48c-b1fa-4600-9712-1bc2a02d8f45,user-0f8ab48c-b1fa-4600-9712-1bc2a02d8f45,account_owner,true,2024-08-01T00:00:00,
22a4c19e-c3ff-455d-8a3b-d4a9bd6b8334:account_owner:user-22a4c19e-c3ff-455d-8a3b-d4a9bd6b8334,22a4c19e-c3ff-455d-8a3b-d4a9bd6b8334,user-22a4c19e-c3ff-455d-8a3b-d4a9bd6b8334,account_owner,true,2024-08-01T00:00:00,
13b24541-2c78-41cb-a6b6-e8713ab9a16f:account_owner:user-13b24541-2c78-41cb-a6b6-e8713ab9a16f,13b24541-2c78-41cb-a6b6-e8713ab9a16f,user-13b24541-2c78-41cb-a6b6-e8713ab9a16f,account_owner,true,2024-08-01T00:00:00,
5d24b6bc-2eea-4766-a11d-b0aed43f038a:account_owner:user-5d24b6bc-2eea-4766-a11d-b0aed43f038a,5d24b6bc-2eea-4766-a11d-b0aed43f038a,user-5d24b6bc-2eea-4766-a11d-b0aed43f038a,account_owner,true,2024-08-01T00:00:00,
b5b5a474-4e05-47bf-b9a2-872e5dc9a328:account_owner:user-b5b5a474-4e05-47bf-b9a2-872e5dc9a328,b5b5a474-4e05-47bf-b9a2-872e5dc9a328,user-b5b5a474-4e05-47bf-b9a2-872e5dc9a328,account_owner,true,2024-08-01T00:00:00,
9c98b2d4-f4f3-440f-b28d-0e1ca7a152a5:account_owner:user-9c98b2d4-f4f3-440f-b28d-0e1ca7a152a5,9c98b2d4-f4f3-440f-b28d-0e1ca7a152a5,user-9c98b2d4-f4f3-440f-b28d-0e1ca7a152a5,account_owner,true,2024-08-01T00:00:00,
c64e9b29-2c3f-4a02-bf80-175c5a980c92:account_owner:user-c64e9b29-2c3f-4a02-bf80-175c5a980c92,c64e9b29-2c3f-4a02-bf80-175c5a980c92,user-c64e9b29-2c3f-4a02-bf80-175c5a980c92,account_owner,true,2024-08-01T00:00:00,
4cd79f83-9fc7-43e4-a4c1-89402b7124e1:account_owner:user-4cd79f83-9fc7-43e4-a4c1-89402b7124e1,4cd79f83-9fc7-43e4-a4c1-89402b7124e1,user-4cd79f83-9fc7-43e4-a4c1-89402b7124e1,account_owner,true,2024-08-01T00:00:00,
f78c30cb-fcda-4209-9aea-0ae7ce4f7b81:account_owner:user-f78c30cb-fcda-4209-9aea-0ae7ce4f7b81,f78c30cb-fcda-4209-9aea-0ae7ce4f7b81,user-f78c30cb-fcda-4209-9aea-0ae7ce4f7b81,account_owner,true,2024-08-01T00:00:00,
5bc5dd9e-3670-4c84-be25-41eace68a711:account_owner:user-5bc5dd9e-3670-4c84-be25-41eace68a711,5bc5dd9e-3670-4c84-be25-41eace68a711,user-5bc5dd9e-3670-4c84-be25-41eace68a711,account_owner,true,2024-08-01T00:00:00,
a0f290f7-884a-4d5d-b502-f43702abb2db:account_owner:user-a0f290f7-884a-4d5d-b502-f43702abb2db,a0f290f7-884a-4d5d-b502-f43702abb2db,user-a0f290f7-884a-4d5d-b502-f43702abb2db,account_owner,true,2024-08-01T00:00:00,
9ede5407-362e-465c-a234-482e1f2411c1:account_owner:user-9ede5407-362e-465c-a234-482e1f2411c1,9ede5407-362e-465c-a234-482e1f2411c1,user-9ede5407-362e-465c-a234-482e1f2411c1,account_owner,true,2024-08-01T00:00:00,
ab833d6f-87cf-4229-a1f8-707b52a55e5e:account_owner:user-ab833d6f-87cf-4229-a1f8-707b52a55e5e,ab833d6f-87cf-4229-a1f8-707b52a55e5e,user-ab833d6f-87cf-4229-a1f8-707b52a55e5e,account_owner,true,2024-08-01T00:00:00,
66dda3b2-66cf-4b2b-90b2-91abe28f6aa4:account_owner:user-66dda3b2-66cf-4b2b-90b2-91abe28f6aa4,66dda3b2-66cf-4b2b-90b2-91abe28f6aa4,user-66dda3b2-66cf-4b2b-90b2-91abe28f6aa4,account_owner,true,2024-08-01T00:00:00,
b6552330-9932-4624-8855-b5b7aa13d3f4:account_owner:user-b6552330-9932-4624-8855-b5b7aa13d3f4,b6552330-9932-4624-8855-b5b7aa13d3f4,user-b6552330-9932-4624-8855-b5b7aa13d3f4,account_owner,true,2024-08-01T00:00:00,
7532eee7-0f38-4249-9459-e40b83d75db2:account_owner:user-7532eee7-0f38-4249-9459-e40b83d75db2,7532eee7-0f38-4249-9459-e40b83d75db2,user-7532eee7-0f38-4249-9459-e40b83d75db2,account_owner,true,2024-08-01T00:00:00,
9455079c-4344-4995-939d-8184d7eb02e7:account_owner:user-9455079c-4344-4995-939d-8184d7eb02e7,9455079c-4344-4995-939d-8184d7eb02e7,user-9455079c-4344-4995-939d-8184d7eb02e7,account_owner,true,2024-08-01T00:00:00,
8beae791-1455-41dd-a451-67f75ee83ea7:account_owner:user-8beae791-1455-41dd-a451-67f75ee83ea7,8beae791-1455-41dd-a451-67f75ee83ea7,user-8beae791-1455-41dd-a451-67f75ee83ea7,account_owner,true,2024-08-01T00:00:00,
cb969dd8-a609-4b10-b213-d1011a90ef2b:account_owner:user-cb969dd8-a609-4b10-b213-d1011a90ef2b,cb969dd8-a609-4b10-b213-d1011a90ef2b,user-cb969dd8-a609-4b10-b213-d1011a90ef2b,account_owner,true,2024-08-01T00:00:00,
771f8441-b432-4b8a-8f8c-8890904c8a52:account_owner:user-771f8441-b432-4b8a-8f8c-8890904c8a52,771f8441-b432-4b8a-8f8c-8890904c8a52,user-771f8441-b432-4b8a-8f8c-8890904c8a52,account_owner,true,2024-08-01T00:00:00,
5350fafc-45eb-4871-a195-d1cc090f9d9c:account_owner:user-5350fafc-45eb-4871-a195-d1cc090f9d9c,5350fafc-45eb-4871-a195-d1cc090f9d9c,user-5350fafc-45eb-4871-a195-d1cc090f9d9c,account_owner,true,2024-08-01T00:00:00,
d88e53e9-6885-44c1-a0ce-e8ea44f2dcfc:account_owner:user-d88e53e9-6885-44c1-a0ce-e8ea44f2dcfc,d88e53e9-6885-44c1-a0ce-e8ea44f2dcfc,user-d88e53e9-6885-44c1-a0ce-e8ea44f2dcfc,account_owner,true,2024-08-01T00:00:00,
8a77ab59-ae1e-4b71-ab66-66bda4615cfd:account_owner:user-8a77ab59-ae1e-4b71-ab66-66bda4615cfd,8a77ab59-ae1e-4b71-ab66-66bda4615cfd,user-8a77ab59-ae1e-4b71-ab66-66bda4615cfd,account_owner,true,2024-08-01T00:00:00,
117583ee-3cd8-4690-89c9-d804aedc86a8:account_owner:user-117583ee-3cd8-4690-89c9-d804aedc86a8,117583ee-3cd8-4690-89c9-d804aedc86a8,user-117583ee-3cd8-4690-89c9-d804aedc86a8,account_owner,true,2024-08-01T00:00:00,
0d0eb3cb-f3ad-4673-8ef1-3b4600242421:account_owner:user-0d0eb3cb-f3ad-4673-8ef1-3b4600242421,0d0eb3cb-f3ad-4673-8ef1-3b4600242421,user-0d0eb3cb-f3ad-4673-8ef1-3b4600242421,account_owner,true,2024-08-01T00:00:00,
bea5ef1d-43b9-4df5-b3d1-436f675ec066:account_owner:user-bea5ef1d-43b9-4df5-b3d1-436f675ec066,bea5ef1d-43b9-4df5-b3d1-436f675ec066,user-bea5ef1d-43b9-4df5-b3d1-436f675ec066,account_owner,true,2024-08-01T00:00:00,
96e4788e-210c-4cc9-97f7-b6b855134e0b:account_owner:user-96e4788e-210c-4cc9-97f7-b6b855134e0b,96e4788e-210c-4cc9-97f7-b6b855134e0b,user-96e4788e-210c-4cc9-97f7-b6b855134e0b,account_owner,true,2024-08-01T00:00:00,
40da201b-b0f6-453a-97ca-b9d61306ad15:account_owner:user-40da201b-b0f6-453a-97ca-b9d61306ad15,40da201b-b0f6-453a-97ca-b9d61306ad15,user-40da201b-b0f6-453a-97ca-b9d61306ad15,account_owner,true,2024-08-01T00:00:00,
285bfea1-4dec-4f9d-a9f6-3b3cb20fdde9:account_owner:user-285bfea1-4dec-4f9d-a9f6-3b3cb20fdde9,285bfea1-4dec-4f9d-a9f6-3b3cb20fdde9,user-285bfea1-4dec-4f9d-a9f6-3b3cb20fdde9,account_owner,true,2024-08-01T00:00:00,
a5f46489-06cf-45af-9efd-dbd27067716c:account_owner:user-a5f46489-06cf-45af-9efd-dbd27067716c,a5f46489-06cf-45af-9efd-dbd27067716c,user-a5f46489-06cf-45af-9efd-dbd27067716c,account_owner,true,2024-08-01T00:00:00,
4ecae9d3-e8de-48eb-baf6-e76c81c58c66:account_owner:user-4ecae9d3-e8de-48eb-baf6-e76c81c58c66,4ecae9d3-e8de-48eb-baf6-e76c81c58c66,user-4ecae9d3-e8de-48eb-baf6-e76c81c58c66,account_owner,true,2024-08-01T00:00:00,
a98f640e-492a-445a-8a0d-7d444e98f1a9:account_owner:user-a98f640e-492a-445a-8a0d-7d444e98f1a9,a98f640e-492a-445a-8a0d-7d444e98f1a9,user-a98f640e-492a-445a-8a0d-7d444e98f1a9,account_owner,true,2024-08-01T00:00:00,
e50d93de-3e78-4f09-8406-df4f27f26c8f:account_owner:user-e50d93de-3e78-4f09-8406-df4f27f26c8f,e50d93de-3e78-4f09-8406-df4f27f26c8f,user-e50d93de-3e78-4f09-8406-df4f27f26c8f,account_owner,true,2024-08-01T00:00:00,
10d7cb3c-5a86-4eae-9da6-611ddf67fdd8:account_owner:user-10d7cb3c-5a86-4eae-9da6-611ddf67fdd8,10d7cb3c-5a86-4eae-9da6-611ddf67fdd8,user-10d7cb3c-5a86-4eae-9da6-611ddf67fdd8,account_owner,true,2024-08-01T00:00:00,
c6abaffa-11df-4987-9806-71dced92f534:account_owner:user-c6abaffa-11df-4987-9806-71dced92f534,c6abaffa-11df-4987-9806-71dced92f534,user-c6abaffa-11df-4987-9806-71dced92f534,account_owner,true,2024-08-01T00:00:00,
fe1ef2c8-17e9-4560-bca8-d42ce43d899f:account_owner:user-fe1ef2c8-17e9-4560-bca8-d42ce43d899f,fe1ef2c8-17e9-4560-bca8-d42ce43d899f,user-fe1ef2c8-17e9-4560-bca8-d42ce43d899f,account_owner,true,2024-08-01T00:00:00,
71ed3bfb-d094-47b4-bd02-9589f31e4c1d:account_owner:user-71ed3bfb-d094-47b4-bd02-9589f31e4c1d,71ed3bfb-d094-47b4-bd02-9589f31e4c1d,user-71ed3bfb-d094-47b4-bd02-9589f31e4c1d,account_owner,true,2024-08-01T00:00:00,
3e28e5b6-fe21-474e-b5bc-95ac85c187ad:account_owner:user-3e28e5b6-fe21-474e-b5bc-95ac85c187ad,3e28e5b6-fe21-474e-b5bc-95ac85c187ad,user-3e28e5b6-fe21-474e-b5bc-95ac85c187ad,account_owner,true,2024-08-01T00:00:00,
0a34659d-f0b2-4bdb-bf92-759aea838e90:account_owner:user-0a34659d-f0b2-4bdb-bf92-759aea838e90,0a34659d-f0b2-4bdb-bf92-759aea838e90,user-0a34659d-f0b2-4bdb-bf92-759aea838e90,account_owner,true,2024-08-01T00:00:00,
b0581066-18c7-4fcf-8fa6-a671cb141ca5:account_owner:user-b0581066-18c7-4fcf-8fa6-a671cb141ca5,b0581066-18c7-4fcf-8fa6-a671cb141ca5,user-b0581066-18c7-4fcf-8fa6-a671cb141ca5,account_owner,true,2024-08-01T00:00:00,
e0df02ff-f788-4191-9881-df0d6c775206:account_owner:user-e0df02ff-f788-4191-9881-df0d6c775206,e0df02ff-f788-4191-9881-df0d6c775206,user-e0df02ff-f788-4191-9881-df0d6c775206,account_owner,true,2024-08-01T00:00:00,
e8da2040-0489-4880-a881-ef127727f204:account_owner:user-e8da2040-0489-4880-a881-ef127727f204,e8da2040-0489-4880-a881-ef127727f204,user-e8da2040-0489-4880-a881-ef127727f204,account_owner,true,2024-08-01T00:00:00,
c50959f1-d990-44ff-837f-4062c769ae54:account_owner:user-c50959f1-d990-44ff-837f-4062c769ae54,c50959f1-d990-44ff-837f-4062c769ae54,user-c50959f1-d990-44ff-837f-4062c769ae54,account_owner,true,2024-08-01T00:00:00,
b01b46fd-8f75-4db5-806d-c5c5980008c4:account_owner:user-b01b46fd-8f75-4db5-806d-c5c5980008c4,b01b46fd-8f75-4db5-806d-c5c5980008c4,user-b01b46fd-8f75-4db5-806d-c5c5980008c4,account_owner,true,2024-08-01T00:00:00,
53ed5bac-fa7d-4b1d-a73c-6c2b9845c1d1:account_owner:user-53ed5bac-fa7d-4b1d-a73c-6c2b9845c1d1,53ed5bac-fa7d-4b1d-a73c-6c2b9845c1d1,user-53ed5bac-fa7d-4b1d-a73c-6c2b9845c1d1,account_owner,true,2024-08-01T00:00:00,
89c10b53-36ee-4f1c-8430-7090dbf04a44:account_owner:user-89c10b53-36ee-4f1c-8430-7090dbf04a44,89c10b53-36ee-4f1c-8430-7090dbf04a44,user-89c10b53-36ee-4f1c-8430-7090dbf04a44,account_owner,true,2024-08-01T00:00:00,
8fd99d74-d73b-4014-a8fa-a37b39befe36:account_owner:user-8fd99d74-d73b-4014-a8fa-a37b39befe36,8fd99d74-d73b-4014-a8fa-a37b39befe36,user-8fd99d74-d73b-4014-a8fa-a37b39befe36,account_owner,true,2024-08-01T00:00:00,
fa2a460e-af12-4197-b38d-d2822d96e879:account_owner:user-fa2a460e-af12-4197-b38d-d2822d96e879,fa2a460e-af12-4197-b38d-d2822d96e879,user-fa2a460e-af12-4197-b38d-d2822d96e879,account_owner,true,2024-08-01T00:00:00,
4a81b4c3-9e04-4757-a7c6-3191447eadc3:account_owner:user-4a81b4c3-9e04-4757-a7c6-3191447eadc3,4a81b4c3-9e04-4757-a7c6-3191447eadc3,user-4a81b4c3-9e04-4757-a7c6-3191447eadc3,account_owner,true,2024-08-01T00:00:00,
9adbebb4-c5dd-473e-b0ca-c36f10577392:account_owner:user-9adbebb4-c5dd-473e-b0ca-c36f10577392,9adbebb4-c5dd-473e-b0ca-c36f10577392,user-9adbebb4-c5dd-473e-b0ca-c36f10577392,account_owner,true,2024-08-01T00:00:00,
d64805ac-2294-4438-af7d-1f1483e8fd7b:account_owner:user-d64805ac-2294-4438-af7d-1f1483e8fd7b,d64805ac-2294-4438-af7d-1f1483e8fd7b,user-d64805ac-2294-4438-af7d-1f1483e8fd7b,account_owner,true,2024-08-01T00:00:00,
18e7baeb-a66e-4a7d-882d-355810698bc3:account_owner:user-18e7baeb-a66e-4a7d-882d-355810698bc3,18e7baeb-a66e-4a7d-882d-355810698bc3,user-18e7baeb-a66e-4a7d-882d-355810698bc3,account_owner,true,2024-08-01T00:00:00,
ec4bebdf-042b-4c0a-9846-f86a1a9685e9:account_owner:user-ec4bebdf-042b-4c0a-9846-f86a1a9685e9,ec4bebdf-042b-4c0a-9846-f86a1a9685e9,user-ec4bebdf-042b-4c0a-9846-f86a1a9685e9,account_owner,true,2024-08-01T00:00:00,
e5873f83-602d-4424-9c5e-184c56c9d4ba:account_owner:user-e5873f83-602d-4424-9c5e-184c56c9d4ba,e5873f83-602d-4424-9c5e-184c56c9d4ba,user-e5873f83-602d-4424-9c5e-184c56c9d4ba,account_owner,true,2024-08-01T00:00:00,
5bf14829-99bd-4d3c-b504-edd1e45593a0:account_owner:user-5bf14829-99bd-4d3c-b504-edd1e45593a0,5bf14829-99bd-4d3c-b504-edd1e45593a0,user-5bf14829-99bd-4d3c-b504-edd1e45593a0,account_owner,true,2024-08-01T00:00:00,
a3c5ffdb-8383-4846-a0c1-c9bf88ba6832:account_owner:user-a3c5ffdb-8383-4846-a0c1-c9bf88ba6832,a3c5ffdb-8383-4846-a0c1-c9bf88ba6832,user-a3c5ffdb-8383-4846-a0c1-c9bf88ba6832,account_owner,true,2024-08-01T00:00:00,
c502b1f4-b287-444d-b643-953150ebee0d:account_owner:user-c502b1f4-b287-444d-b643-953150ebee0d,c502b1f4-b287-444d-b643-953150ebee0d,user-c502b1f4-b287-444d-b643-953150ebee0d,account_owner,true,2024-08-01T00:00:00,
a2388294-855e-4447-a3d5-b3649380d30e:account_owner:user-a2388294-855e-4447-a3d5-b3649380d30e,a2388294-855e-4447-a3d5-b3649380d30e,user-a2388294-855e-4447-a3d5-b3649380d30e,account_owner,true,2024-08-01T00:00:00,
e9415456-41d5-4caa-84d2-e8a6d49cb1ae:account_owner:user-e9415456-41d5-4caa-84d2-e8a6d49cb1ae,e9415456-41d5-4caa-84d2-e8a6d49cb1ae,user-e9415456-41d5-4caa-84d2-e8a6d49cb1ae,account_owner,true,2024-08-01T00:00:00,
416cd82a-8e13-48b3-a6e1-dadbf5a29d2d:account_owner:user-416cd82a-8e13-48b3-a6e1-dadbf5a29d2d,416cd82a-8e13-48b3-a6e1-dadbf5a29d2d,user-416cd82a-8e13-48b3-a6e1-dadbf5a29d2d,account_owner,true,2024-08-01T00:00:00,
f9c2b37f-2e88-4008-a277-99f35c4760bf:account_owner:user-f9c2b37f-2e88-4008-a277-99f35c4760bf,f9c2b37f-2e88-4008-a277-99f35c4760bf,user-f9c2b37f-2e88-4008-a277-99f35c4760bf,account_owner,true,2024-08-01T00:00:00,
3207b0f3-9af4-4ba4-acb1-6ba8ea25f52e:account_owner:user-3207b0f3-9af4-4ba4-acb1-6ba8ea25f52e,3207b0f3-9af4-4ba4-acb1-6ba8ea25f52e,user-3207b0f3-9af4-4ba4-acb1-6ba8ea25f52e,account_owner,true,2024-08-01T00:00:00,
425be648-8195-4636-880e-d86e4cd8e38f:account_owner:user-425be648-8195-4636-880e-d86e4cd8e38f,425be648-8195-4636-880e-d86e4cd8e38f,user-425be648-8195-4636-880e-d86e4cd8e38f,account_owner,true,2024-08-01T00:00:00,
4ba45839-9bf9-4071-b1ca-52719a49c9fa:account_owner:user-4ba45839-9bf9-4071-b1ca-52719a49c9fa,4ba45839-9bf9-4071-b1ca-52719a49c9fa,user-4ba45839-9bf9-4071-b1ca-52719a49c9fa,account_owner,true,2024-08-01T00:00:00,
80968676-93cd-4bf5-a9f9-595055ff800a:account_owner:user-80968676-93cd-4bf5-a9f9-595055ff800a,80968676-93cd-4bf5-a9f9-595055ff800a,user-80968676-93cd-4bf5-a9f9-595055ff800a,account_owner,true,2024-08-01T00:00:00,
3b0faafa-80d0-490d-bdd0-fe1f13d22058:account_owner:user-3b0faafa-80d0-490d-bdd0-fe1f13d22058,3b0faafa-80d0-490d-bdd0-fe1f13d22058,user-3b0faafa-80d0-490d-bdd0-fe1f13d22058,account_owner,true,2024-08-01T00:00:00,
c052cca8-a71b-4e49-b713-c012bcfce146:account_owner:user-c052cca8-a71b-4e49-b713-c012bcfce146,c052cca8-a71b-4e49-b713-c012bcfce146,user-c052cca8-a71b-4e49-b713-c012bcfce146,account_owner,true,2024-08-01T00:00:00,
b08f3b44-9c9f-407f-a89d-961068f5f58c:account_owner:user-b08f3b44-9c9f-407f-a89d-961068f5f58c,b08f3b44-9c9f-407f-a89d-961068f5f58c,user-b08f3b44-9c9f-407f-a89d-961068f5f58c,account_owner,true,2024-08-01T00:00:00,
aa0533fd-252b-49cb-8070-77b5c88b04ee:account_owner:user-aa0533fd-252b-49cb-8070-77b5c88b04ee,aa0533fd-252b-49cb-8070-77b5c88b04ee,user-aa0533fd-252b-49cb-8070-77b5c88b04ee,account_owner,true,2024-08-01T00:00:00,
863114b5-ba0b-4849-bbc4-d76d59fd0215:account_owner:user-863114b5-ba0b-4849-bbc4-d76d59fd0215,863114b5-ba0b-4849-bbc4-d76d59fd0215,user-863114b5-ba0b-4849-bbc4-d76d59fd0215,account_owner,true,2024-08-01T00:00:00,
4b14013f-d7e7-44b8-a287-329bf6e298c3:account_owner:user-4b14013f-d7e7-44b8-a287-329bf6e298c3,4b14013f-d7e7-44b8-a287-329bf6e298c3,user-4b14013f-d7e7-44b8-a287-329bf6e298c3,account_owner,true,2024-08-01T00:00:00,
b30877a4-5c8f-4cdb-94ea-3569b516061a:account_owner:user-b30877a4-5c8f-4cdb-94ea-3569b516061a,b30877a4-5c8f-4cdb-94ea-3569b516061a,user-b30877a4-5c8f-4cdb-94ea-3569b516061a,account_owner,true,2024-08-01T00:00:00,
355d89d9-bf5a-41df-9382-a5e57cbbbec4:account_owner:user-355d89d9-bf5a-41df-9382-a5e57cbbbec4,355d89d9-bf5a-41df-9382-a5e57cbbbec4,user-355d89d9-bf5a-41df-9382-a5e57cbbbec4,account_owner,true,2024-08-01T00:00:00,
8fe1e8f7-9891-4978-ae6c-34234f35c728:account_owner:user-8fe1e8f7-9891-4978-ae6c-34234f35c728,8fe1e8f7-9891-4978-ae6c-34234f35c728,user-8fe1e8f7-9891-4978-ae6c-34234f35c728,account_owner,true,2024-08-01T00:00:00,
53352c2c-02b9-41af-b276-94d6d22379fe:account_owner:user-53352c2c-02b9-41af-b276-94d6d22379fe,53352c2c-02b9-41af-b276-94d6d22379fe,user-53352c2c-02b9-41af-b276-94d6d22379fe,account_owner,true,2024-08-01T00:00:00,
019bbbbd-bb75-49d2-8d74-d1c01012bd21:account_owner:user-019bbbbd-bb75-49d2-8d74-d1c01012bd21,019bbbbd-bb75-49d2-8d74-d1c01012bd21,user-019bbbbd-bb75-49d2-8d74-d1c01012bd21,account_owner,true,2024-08-01T00:00:00,
d45ce04e-1258-4744-ab7d-af982c28565d:account_owner:user-d45ce04e-1258-4744-ab7d-af982c28565d,d45ce04e-1258-4744-ab7d-af982c28565d,user-d45ce04e-1258-4744-ab7d-af982c28565d,account_owner,true,2024-08-01T00:00:00,
7755a749-3460-4f0c-a33c-428dccd20885:account_owner:user-7755a749-3460-4f0c-a33c-428dccd20885,7755a749-3460-4f0c-a33c-428dccd20885,user-7755a749-3460-4f0c-a33c-428dccd20885,account_owner,true,2024-08-01T00:00:00,
0f708081-5838-40db-84a9-ca8b6845336f:account_owner:user-0f708081-5838-40db-84a9-ca8b6845336f,0f708081-5838-40db-84a9-ca8b6845336f,user-0f708081-5838-40db-84a9-ca8b6845336f,account_owner,true,2024-08-01T00:00:00,
ce69d742-4723-467f-9e5d-262fff84a6a6:account_owner:user-ce69d742-4723-467f-9e5d-262fff84a6a6,ce69d742-4723-467f-9e5d-262fff84a6a6,user-ce69d742-4723-467f-9e5d-262fff84a6a6,account_owner,true,2024-08-01T00:00:00,
913a8985-53b2-4a69-b2a2-3e44370275d4:account_owner:user-913a8985-53b2-4a69-b2a2-3e44370275d4,913a8985-53b2-4a69-b2a2-3e44370275d4,user-913a8985-53b2-4a69-b2a2-3e44370275d4,account_owner,true,2024-08-01T00:00:00,
cc6e430a-d0ba-4c08-8809-84cbb2347a9f:account_owner:user-cc6e430a-d0ba-4c08-8809-84cbb2347a9f,cc6e430a-d0ba-4c08-8809-84cbb2347a9f,user-cc6e430a-d0ba-4c08-8809-84cbb2347a9f,account_owner,true,2024-08-01T00:00:00,
5f2b73d5-f495-401c-82ee-47cf4886bfa2:account_owner:user-5f2b73d5-f495-401c-82ee-47cf4886bfa2,5f2b73d5-f495-401c-82ee-47cf4886bfa2,user-5f2b73d5-f495-401c-82ee-47cf4886bfa2,account_owner,true,2024-08-01T00:00:00,
e7e3f8e8-5e9a-4cea-90ea-8ba71ec98685:account_owner:user-e7e3f8e8-5e9a-4cea-90ea-8ba71ec98685,e7e3f8e8-5e9a-4cea-90ea-8ba71ec98685,user-e7e3f8e8-5e9a-4cea-90ea-8ba71ec98685,account_owner,true,2024-08-01T00:00:00,
7902cccb-bb75-45ac-92b3-688e65d231bb:account_owner:user-7902cccb-bb75-45ac-92b3-688e65d231bb,7902cccb-bb75-45ac-92b3-688e65d231bb,user-7902cccb-bb75-45ac-92b3-688e65d231bb,account_owner,true,2024-08-01T00:00:00,
b81636bb-71f3-4ace-8eb7-628abe1eac07:account_owner:user-b81636bb-71f3-4ace-8eb7-628abe1eac07,b81636bb-71f3-4ace-8eb7-628abe1eac07,user-b81636bb-71f3-4ace-8eb7-628abe1eac07,account_owner,true,2024-08-01T00:00:00,
b66b0e13-b74e-40e7-b3e7-1583f2f08a9b:account_owner:user-b66b0e13-b74e-40e7-b3e7-1583f2f08a9b,b66b0e13-b74e-40e7-b3e7-1583f2f08a9b,user-b66b0e13-b74e-40e7-b3e7-1583f2f08a9b,account_owner,true,2024-08-01T00:00:00,
b65fff66-1997-4dd8-bc91-1349a415e4a0:account_owner:user-b65fff66-1997-4dd8-bc91-1349a415e4a0,b65fff66-1997-4dd8-bc91-1349a415e4a0,user-b65fff66-1997-4dd8-bc91-1349a415e4a0,account_owner,true,2024-08-01T00:00:00,
05e61dfb-4365-41c3-8f86-f9b259998765:account_owner:user-05e61dfb-4365-41c3-8f86-f9b259998765,05e61dfb-4365-41c3-8f86-f9b259998765,user-05e61dfb-4365-41c3-8f86-f9b259998765,account_owner,true,2024-08-01T00:00:00,
31006b42-8446-43cf-bd23-af4d84ca2c85:account_owner:user-31006b42-8446-43cf-bd23-af4d84ca2c85,31006b42-8446-43cf-bd23-af4d84ca2c85,user-31006b42-8446-43cf-bd23-af4d84ca2c85,account_owner,true,2024-08-01T00:00:00,
8f06b288-f9eb-454f-adef-47f12b7572d7:account_owner:user-8f06b288-f9eb-454f-adef-47f12b7572d7,8f06b288-f9eb-454f-adef-47f12b7572d7,user-8f06b288-f9eb-454f-adef-47f12b7572d7,account_owner,true,2024-08-01T00:00:00,
d18e4429-67b8-4ac0-8d74-6c1d026d15a7:account_owner:user-d18e4429-67b8-4ac0-8d74-6c1d026d15a7,d18e4429-67b8-4ac0-8d74-6c1d026d15a7,user-d18e4429-67b8-4ac0-8d74-6c1d026d15a7,account_owner,true,2024-08-01T00:00:00,
83864095-dda9-4a16-ab3a-ba6429fa3dbd:account_owner:user-83864095-dda9-4a16-ab3a-ba6429fa3dbd,83864095-dda9-4a16-ab3a-ba6429fa3dbd,user-83864095-dda9-4a16-ab3a-ba6429fa3dbd,account_owner,true,2024-08-01T00:00:00,
45ed3c5a-3c94-463b-91d2-73d3333fe5fc:account_owner:user-45ed3c5a-3c94-463b-91d2-73d3333fe5fc,45ed3c5a-3c94-463b-91d2-73d3333fe5fc,user-45ed3c5a-3c94-463b-91d2-73d3333fe5fc,account_owner,true,2024-08-01T00:00:00,
68f7b3c8-c205-42bc-bb75-a97603ceab5f:account_owner:user-68f7b3c8-c205-42bc-bb75-a97603ceab5f,68f7b3c8-c205-42bc-bb75-a97603ceab5f,user-68f7b3c8-c205-42bc-bb75-a97603ceab5f,account_owner,true,2024-08-01T00:00:00,
5a62f2b9-646a-4b84-b570-661ca33a139f:account_owner:user-5a62f2b9-646a-4b84-b570-661ca33a139f,5a62f2b9-646a-4b84-b570-661ca33a139f,user-5a62f2b9-646a-4b84-b570-661ca33a139f,account_owner,true,2024-08-01T00:00:00,
89c8f0cc-3bd3-4bf1-9560-ae8aad1315ce:account_owner:user-89c8f0cc-3bd3-4bf1-9560-ae8aad1315ce,89c8f0cc-3bd3-4bf1-9560-ae8aad1315ce,user-89c8f0cc-3bd3-4bf1-9560-ae8aad1315ce,account_owner,true,2024-08-01T00:00:00,
8e5c2f29-44ce-4f60-b818-8b728f60b79b:account_owner:user-8e5c2f29-44ce-4f60-b818-8b728f60b79b,8e5c2f29-44ce-4f60-b818-8b728f60b79b,user-8e5c2f29-44ce-4f60-b818-8b728f60b79b,account_owner,true,2024-08-01T00:00:00,
fd9f1577-416e-472f-aad7-7bd5c56293f5:account_owner:user-fd9f1577-416e-472f-aad7-7bd5c56293f5,fd9f1577-416e-472f-aad7-7bd5c56293f5,user-fd9f1577-416e-472f-aad7-7bd5c56293f5,account_owner,true,2024-08-01T00:00:00,
f459a5e8-b280-49fd-904a-3cd3746f4f16:account_owner:user-f459a5e8-b280-49fd-904a-3cd3746f4f16,f459a5e8-b280-49fd-904a-3cd3746f4f16,user-f459a5e8-b280-49fd-904a-3cd3746f4f16,account_owner,true,2024-08-01T00:00:00,
9813cce1-ec92-4b06-b6e3-ed8a73e34436:account_owner:user-9813cce1-ec92-4b06-b6e3-ed8a73e34436,9813cce1-ec92-4b06-b6e3-ed8a73e34436,user-9813cce1-ec92-4b06-b6e3-ed8a73e34436,account_owner,true,2024-08-01T00:00:00,
4d9a6ab4-f181-4f8c-9beb-e4cd9774b5d7:account_owner:user-4d9a6ab4-f181-4f8c-9beb-e4cd9774b5d7,4d9a6ab4-f181-4f8c-9beb-e4cd9774b5d7,user-4d9a6ab4-f181-4f8c-9beb-e4cd9774b5d7,account_owner,true,2024-08-01T00:00:00,
d6914b8f-0d72-4044-a61b-055adb02f005:account_owner:user-d6914b8f-0d72-4044-a61b-055adb02f005,d6914b8f-0d72-4044-a61b-055adb02f005,user-d6914b8f-0d72-4044-a61b-055adb02f005,account_owner,true,2024-08-01T00:00:00,
c9750567-c933-4797-9313-ec159ddcb6d2:account_owner:user-c9750567-c933-4797-9313-ec159ddcb6d2,c9750567-c933-4797-9313-ec159ddcb6d2,user-c9750567-c933-4797-9313-ec159ddcb6d2,account_owner,true,2024-08-01T00:00:00,
4232e434-92ef-4ff9-a069-d1e5312ebda2:account_owner:user-4232e434-92ef-4ff9-a069-d1e5312ebda2,4232e434-92ef-4ff9-a069-d1e5312ebda2,user-4232e434-92ef-4ff9-a069-d1e5312ebda2,account_owner,true,2024-08-01T00:00:00,
06a161e4-302f-4ae9-b96b-2734ad33f946:account_owner:user-06a161e4-302f-4ae9-b96b-2734ad33f946,06a161e4-302f-4ae9-b96b-2734ad33f946,user-06a161e4-302f-4ae9-b96b-2734ad33f946,account_owner,true,2024-08-01T00:00:00,
bf060a41-af0e-4932-b757-4f010ccf07f1:account_owner:user-bf060a41-af0e-4932-b757-4f010ccf07f1,bf060a41-af0e-4932-b757-4f010ccf07f1,user-bf060a41-af0e-4932-b757-4f010ccf07f1,account_owner,true,2024-08-01T00:00:00,
270b35bf-74ca-4601-91d8-16fe5196ca5a:account_owner:user-270b35bf-74ca-4601-91d8-16fe5196ca5a,270b35bf-74ca-4601-91d8-16fe5196ca5a,user-270b35bf-74ca-4601-91d8-16fe5196ca5a,account_owner,true,2024-08-01T00:00:00,
0488eb84-da07-441d-ba11-055850946457:account_owner:user-0488eb84-da07-441d-ba11-055850946457,0488eb84-da07-441d-ba11-055850946457,user-0488eb84-da07-441d-ba11-055850946457,account_owner,true,2024-08-01T00:00:00,
28c1b6d1-da1f-4187-98af-4e43f096b00d:account_owner:user-28c1b6d1-da1f-4187-98af-4e43f096b00d,28c1b6d1-da1f-4187-98af-4e43f096b00d,user-28c1b6d1-da1f-4187-98af-4e43f096b00d,account_owner,true,2024-08-01T00:00:00,
e52a8700-3ab9-4c47-8a16-e799e997a931:account_owner:user-e52a8700-3ab9-4c47-8a16-e799e997a931,e52a8700-3ab9-4c47-8a16-e799e997a931,user-e52a8700-3ab9-4c47-8a16-e799e997a931,account_owner,true,2024-08-01T00:00:00,
ba2bf5e1-4b63-4bb3-b83a-f10438f84258:account_owner:user-ba2bf5e1-4b63-4bb3-b83a-f10438f84258,ba2bf5e1-4b63-4bb3-b83a-f10438f84258,user-ba2bf5e1-4b63-4bb3-b83a-f10438f84258,account_owner,true,2024-08-01T00:00:00,
2f771a5a-3d76-48e3-985b-b7e91e092c46:account_owner:user-2f771a5a-3d76-48e3-985b-b7e91e092c46,2f771a5a-3d76-48e3-985b-b7e91e092c46,user-2f771a5a-3d76-48e3-985b-b7e91e092c46,account_owner,true,2024-08-01T00:00:00,
c108b321-1696-4fbd-8457-87fd61ca65d8:account_owner:user-c108b321-1696-4fbd-8457-87fd61ca65d8,c108b321-1696-4fbd-8457-87fd61ca65d8,user-c108b321-1696-4fbd-8457-87fd61ca65d8,account_owner,true,2024-08-01T00:00:00,
49c4bc11-2495-438d-9b87-3c395574433f:account_owner:user-49c4bc11-2495-438d-9b87-3c395574433f,49c4bc11-2495-438d-9b87-3c395574433f,user-49c4bc11-2495-438d-9b87-3c395574433f,account_owner,true,2024-08-01T00:00:00,
1bc088f8-fdf1-442f-9491-1287abc066d3:account_owner:user-1bc088f8-fdf1-442f-9491-1287abc066d3,1bc088f8-fdf1-442f-9491-1287abc066d3,user-1bc088f8-fdf1-442f-9491-1287abc066d3,account_owner,true,2024-08-01T00:00:00,
495a6541-1c93-4076-90e3-345d72d9c83c:account_owner:user-495a6541-1c93-4076-90e3-345d72d9c83c,495a6541-1c93-4076-90e3-345d72d9c83c,user-495a6541-1c93-4076-90e3-345d72d9c83c,account_owner,true,2024-08-01T00:00:00,
5b070f80-9227-43fd-951b-4c758d20070e:account_owner:user-5b070f80-9227-43fd-951b-4c758d20070e,5b070f80-9227-43fd-951b-4c758d20070e,user-5b070f80-9227-43fd-951b-4c758d20070e,account_owner,true,2024-08-01T00:00:00,
23fd6560-8719-45ae-a5f0-6d81f0484750:account_owner:user-23fd6560-8719-45ae-a5f0-6d81f0484750,23fd6560-8719-45ae-a5f0-6d81f0484750,user-23fd6560-8719-45ae-a5f0-6d81f0484750,account_owner,true,2024-08-01T00:00:00,
bf03895d-6d44-49a2-8183-81c4e89eac75:account_owner:user-bf03895d-6d44-49a2-8183-81c4e89eac75,bf03895d-6d44-49a2-8183-81c4e89eac75,user-bf03895d-6d44-49a2-8183-81c4e89eac75,account_owner,true,2024-08-01T00:00:00,
3eb1c53f-4af3-42d8-8608-40548ce4843d:account_owner:user-3eb1c53f-4af3-42d8-8608-40548ce4843d,3eb1c53f-4af3-42d8-8608-40548ce4843d,user-3eb1c53f-4af3-42d8-8608-40548ce4843d,account_owner,true,2024-08-01T00:00:00,
e6173937-b216-46db-b863-ec7526285150:account_owner:user-e6173937-b216-46db-b863-ec7526285150,e6173937-b216-46db-b863-ec7526285150,user-e6173937-b216-46db-b863-ec7526285150,account_owner,true,2024-08-01T00:00:00,
b43d4e7f-d2c2-4f0e-a706-cfd02d61a398:account_owner:user-b43d4e7f-d2c2-4f0e-a706-cfd02d61a398,b43d4e7f-d2c2-4f0e-a706-cfd02d61a398,user-b43d4e7f-d2c2-4f0e-a706-cfd02d61a398,account_owner,true,2024-08-01T00:00:00,
cbd53684-acf0-447d-b61b-35f8bcde6edf:account_owner:user-cbd53684-acf0-447d-b61b-35f8bcde6edf,cbd53684-acf0-447d-b61b-35f8bcde6edf,user-cbd53684-acf0-447d-b61b-35f8bcde6edf,account_owner,true,2024-08-01T00:00:00,
314d5517-f29b-49b2-a076-3abe12756120:account_owner:user-314d5517-f29b-49b2-a076-3abe12756120,314d5517-f29b-49b2-a076-3abe12756120,user-314d5517-f29b-49b2-a076-3abe12756120,account_owner,true,2024-08-01T00:00:00,
cd8175bc-ff34-4742-8b86-61ec290e632f:account_owner:user-cd8175bc-ff34-4742-8b86-61ec290e632f,cd8175bc-ff34-4742-8b86-61ec290e632f,user-cd8175bc-ff34-4742-8b86-61ec290e632f,account_owner,true,2024-08-01T00:00:00,
93c6c6a9-16fb-43ad-bd64-1ee5eccdd750:account_owner:user-93c6c6a9-16fb-43ad-bd64-1ee5eccdd750,93c6c6a9-16fb-43ad-bd64-1ee5eccdd750,user-93c6c6a9-16fb-43ad-bd64-1ee5eccdd750,account_owner,true,2024-08-01T00:00:00,
a46b9550-42ae-47e4-9a08-0f32481d5191:account_owner:user-a46b9550-42ae-47e4-9a08-0f32481d5191,a46b9550-42ae-47e4-9a08-0f32481d5191,user-a46b9550-42ae-47e4-9a08-0f32481d5191,account_owner,true,2024-08-01T00:00:00,
466ab61a-8180-4d06-90cc-2a380a0e6f0f:account_owner:user-466ab61a-8180-4d06-90cc-2a380a0e6f0f,466ab61a-8180-4d06-90cc-2a380a0e6f0f,user-466ab61a-8180-4d06-90cc-2a380a0e6f0f,account_owner,true,2024-08-01T00:00:00,
f4c0d073-250c-455a-a84a-848e56ae7048:account_owner:user-f4c0d073-250c-455a-a84a-848e56ae7048,f4c0d073-250c-455a-a84a-848e56ae7048,user-f4c0d073-250c-455a-a84a-848e56ae7048,account_owner,true,2024-08-01T00:00:00,
d10408ec-2013-471e-b6a9-e3bcf0e25322:account_owner:user-d10408ec-2013-471e-b6a9-e3bcf0e25322,d10408ec-2013-471e-b6a9-e3bcf0e25322,user-d10408ec-2013-471e-b6a9-e3bcf0e25322,account_owner,true,2024-08-01T00:00:00,
7767d63a-0293-4866-ae0a-724670463aa1:account_owner:user-7767d63a-0293-4866-ae0a-724670463aa1,7767d63a-0293-4866-ae0a-724670463aa1,user-7767d63a-0293-4866-ae0a-724670463aa1,account_owner,true,2024-08-01T00:00:00,
e69b7e32-9292-400a-b228-b3ecc6727760:account_owner:user-e69b7e32-9292-400a-b228-b3ecc6727760,e69b7e32-9292-400a-b228-b3ecc6727760,user-e69b7e32-9292-400a-b228-b3ecc6727760,account_owner,true,2024-08-01T00:00:00,
19d5ac88-a8cd-46b8-9f3d-d5ef3a0adfe2:account_owner:user-19d5ac88-a8cd-46b8-9f3d-d5ef3a0adfe2,19d5ac88-a8cd-46b8-9f3d-d5ef3a0adfe2,user-19d5ac88-a8cd-46b8-9f3d-d5ef3a0adfe2,account_owner,true,2024-08-01T00:00:00,
e215d555-cc18-4890-8969-89abf72d28ae:account_owner:user-e215d555-cc18-4890-8969-89abf72d28ae,e215d555-cc18-4890-8969-89abf72d28ae,user-e215d555-cc18-4890-8969-89abf72d28ae,account_owner,true,2024-08-01T00:00:00,
3cbc7f74-54e3-47c2-b02f-229f7ca60a5c:account_owner:user-3cbc7f74-54e3-47c2-b02f-229f7ca60a5c,3cbc7f74-54e3-47c2-b02f-229f7ca60a5c,user-3cbc7f74-54e3-47c2-b02f-229f7ca60a5c,account_owner,true,2024-08-01T00:00:00,
6d883826-0157-47c4-a6cc-cb8134bcc6db:account_owner:user-6d883826-0157-47c4-a6cc-cb8134bcc6db,6d883826-0157-47c4-a6cc-cb8134bcc6db,user-6d883826-0157-47c4-a6cc-cb8134bcc6db,account_owner,true,2024-08-01T00:00:00,
43df30db-068d-40fc-8576-7e2f6e62f2f6:account_owner:user-43df30db-068d-40fc-8576-7e2f6e62f2f6,43df30db-068d-40fc-8576-7e2f6e62f2f6,user-43df30db-068d-40fc-8576-7e2f6e62f2f6,account_owner,true,2024-08-01T00:00:00,
943fb486-16d5-4258-99e7-8340b1862e76:account_owner:user-943fb486-16d5-4258-99e7-8340b1862e76,943fb486-16d5-4258-99e7-8340b1862e76,user-943fb486-16d5-4258-99e7-8340b1862e76,account_owner,true,2024-08-01T00:00:00,
8dcd5fa7-1a1d-413e-9468-5f4b02f2f3fe:account_owner:user-8dcd5fa7-1a1d-413e-9468-5f4b02f2f3fe,8dcd5fa7-1a1d-413e-9468-5f4b02f2f3fe,user-8dcd5fa7-1a1d-413e-9468-5f4b02f2f3fe,account_owner,true,2024-08-01T00:00:00,
139f4019-998c-4c6f-8c4f-a97a756af68c:account_owner:user-139f4019-998c-4c6f-8c4f-a97a756af68c,139f4019-998c-4c6f-8c4f-a97a756af68c,user-139f4019-998c-4c6f-8c4f-a97a756af68c,account_owner,true,2024-08-01T00:00:00,
529867fe-75f6-4cd9-b913-543b3d6e583c:account_owner:user-529867fe-75f6-4cd9-b913-543b3d6e583c,529867fe-75f6-4cd9-b913-543b3d6e583c,user-529867fe-75f6-4cd9-b913-543b3d6e583c,account_owner,true,2024-08-01T00:00:00,
8e312b31-712d-4fc0-84dd-27ff2b1dd09b:account_owner:user-8e312b31-712d-4fc0-84dd-27ff2b1dd09b,8e312b31-712d-4fc0-84dd-27ff2b1dd09b,user-8e312b31-712d-4fc0-84dd-27ff2b1dd09b,account_owner,true,2024-08-01T00:00:00,
a4bf9059-6cd4-4e62-9a86-ff20975d7434:account_owner:user-a4bf9059-6cd4-4e62-9a86-ff20975d7434,a4bf9059-6cd4-4e62-9a86-ff20975d7434,user-a4bf9059-6cd4-4e62-9a86-ff20975d7434,account_owner,true,2024-08-01T00:00:00,
c5ee9489-e7ea-4da3-9a86-b34c76f6d340:account_owner:user-c5ee9489-e7ea-4da3-9a86-b34c76f6d340,c5ee9489-e7ea-4da3-9a86-b34c76f6d340,user-c5ee9489-e7ea-4da3-9a86-b34c76f6d340,account_owner,true,2024-08-01T00:00:00,
5960ff74-c2aa-4a55-9cee-c8f0532e2256:account_owner:user-5960ff74-c2aa-4a55-9cee-c8f0532e2256,5960ff74-c2aa-4a55-9cee-c8f0532e2256,user-5960ff74-c2aa-4a55-9cee-c8f0532e2256,account_owner,true,2024-08-01T00:00:00,
e100dd4b-6c96-4036-88a6-8813aa5a718f:account_owner:user-e100dd4b-6c96-4036-88a6-8813aa5a718f,e100dd4b-6c96-4036-88a6-8813aa5a718f,user-e100dd4b-6c96-4036-88a6-8813aa5a718f,account_owner,true,2024-08-01T00:00:00,
d33f758e-ba0e-463c-ba18-0cd99108c547:account_owner:user-d33f758e-ba0e-463c-ba18-0cd99108c547,d33f758e-ba0e-463c-ba18-0cd99108c547,user-d33f758e-ba0e-463c-ba18-0cd99108c547,account_owner,true,2024-08-01T00:00:00,
97bbee89-2209-4d9a-9f20-d3327baf7efe:account_owner:user-97bbee89-2209-4d9a-9f20-d3327baf7efe,97bbee89-2209-4d9a-9f20-d3327baf7efe,user-97bbee89-2209-4d9a-9f20-d3327baf7efe,account_owner,true,2024-08-01T00:00:00,
80617fda-335d-411d-aed3-ca3917a8cff2:account_owner:user-80617fda-335d-411d-aed3-ca3917a8cff2,80617fda-335d-411d-aed3-ca3917a8cff2,user-80617fda-335d-411d-aed3-ca3917a8cff2,account_owner,true,2024-08-01T00:00:00,
4d97e8a1-7720-4190-b326-dccfa2ec4426:account_owner:user-4d97e8a1-7720-4190-b326-dccfa2ec4426,4d97e8a1-7720-4190-b326-dccfa2ec4426,user-4d97e8a1-7720-4190-b326-dccfa2ec4426,account_owner,true,2024-08-01T00:00:00,
9668fd00-799b-4cff-811f-a3e0528d255d:account_owner:user-9668fd00-799b-4cff-811f-a3e0528d255d,9668fd00-799b-4cff-811f-a3e0528d255d,user-9668fd00-799b-4cff-811f-a3e0528d255d,account_owner,true,2024-08-01T00:00:00,
b745eacd-b8ee-4507-82ff-98d3c4daffc7:account_owner:user-b745eacd-b8ee-4507-82ff-98d3c4daffc7,b745eacd-b8ee-4507-82ff-98d3c4daffc7,user-b745eacd-b8ee-4507-82ff-98d3c4daffc7,account_owner,true,2024-08-01T00:00:00,
1bcdbd0d-0e2f-4fdf-a8d5-214d3b49c7e2:account_owner:user-1bcdbd0d-0e2f-4fdf-a8d5-214d3b49c7e2,1bcdbd0d-0e2f-4fdf-a8d5-214d3b49c7e2,user-1bcdbd0d-0e2f-4fdf-a8d5-214d3b49c7e2,account_owner,true,2024-08-01T00:00:00,
1c3dc001-75eb-4fb9-b3ad-59a3be5b31ac:account_owner:user-1c3dc001-75eb-4fb9-b3ad-59a3be5b31ac,1c3dc001-75eb-4fb9-b3ad-59a3be5b31ac,user-1c3dc001-75eb-4fb9-b3ad-59a3be5b31ac,account_owner,true,2024-08-01T00:00:00,
afa83ff8-2b40-47b8-8bcf-1f9285c11695:account_owner:user-afa83ff8-2b40-47b8-8bcf-1f9285c11695,afa83ff8-2b40-47b8-8bcf-1f9285c11695,user-afa83ff8-2b40-47b8-8bcf-1f9285c11695,account_owner,true,2024-08-01T00:00:00,
61004774-fb70-403c-ae81-a1e9cd187146:account_owner:user-61004774-fb70-403c-ae81-a1e9cd187146,61004774-fb70-403c-ae81-a1e9cd187146,user-61004774-fb70-403c-ae81-a1e9cd187146,account_owner,true,2024-08-01T00:00:00,
63b14504-d172-4e5e-b0fa-abd9cb43352e:account_owner:user-63b14504-d172-4e5e-b0fa-abd9cb43352e,63b14504-d172-4e5e-b0fa-abd9cb43352e,user-63b14504-d172-4e5e-b0fa-abd9cb43352e,account_owner,true,2024-08-01T00:00:00,
816f5acb-1a37-44ba-8ce8-25c40cec4d06:account_owner:user-816f5acb-1a37-44ba-8ce8-25c40cec4d06,816f5acb-1a37-44ba-8ce8-25c40cec4d06,user-816f5acb-1a37-44ba-8ce8-25c40cec4d06,account_owner,true,2024-08-01T00:00:00,
30380af9-7c90-4e56-9717-61064c5ca79c:account_owner:user-30380af9-7c90-4e56-9717-61064c5ca79c,30380af9-7c90-4e56-9717-61064c5ca79c,user-30380af9-7c90-4e56-9717-61064c5ca79c,account_owner,true,2024-08-01T00:00:00,
5bc10fee-ced7-43f1-91e5-597bd89faff6:account_owner:user-5bc10fee-ced7-43f1-91e5-597bd89faff6,5bc10fee-ced7-43f1-91e5-597bd89faff6,user-5bc10fee-ced7-43f1-91e5-597bd89faff6,account_owner,true,2024-08-01T00:00:00,
922d63c5-873c-4693-9775-df99ba006ccd:account_owner:user-922d63c5-873c-4693-9775-df99ba006ccd,922d63c5-873c-4693-9775-df99ba006ccd,user-922d63c5-873c-4693-9775-df99ba006ccd,account_owner,true,2024-08-01T00:00:00,
265cf9a7-b023-492e-9e62-3896325f1c48:account_owner:user-265cf9a7-b023-492e-9e62-3896325f1c48,265cf9a7-b023-492e-9e62-3896325f1c48,user-265cf9a7-b023-492e-9e62-3896325f1c48,account_owner,true,2024-08-01T00:00:00,
12c154ff-46ac-45a7-921c-2404994ecc21:account_owner:user-12c154ff-46ac-45a7-921c-2404994ecc21,12c154ff-46ac-45a7-921c-2404994ecc21,user-12c154ff-46ac-45a7-921c-2404994ecc21,account_owner,true,2024-08-01T00:00:00,
89b94667-2d12-4e7a-bfdd-f37056d10195:account_owner:user-89b94667-2d12-4e7a-bfdd-f37056d10195,89b94667-2d12-4e7a-bfdd-f37056d10195,user-89b94667-2d12-4e7a-bfdd-f37056d10195,account_owner,true,2024-08-01T00:00:00,
51d5c171-5764-4f95-8919-dd46d204df4b:account_owner:user-51d5c171-5764-4f95-8919-dd46d204df4b,51d5c171-5764-4f95-8919-dd46d204df4b,user-51d5c171-5764-4f95-8919-dd46d204df4b,account_owner,true,2024-08-01T00:00:00,
748db0ca-899a-4da8-8177-2fa1ec2a9302:account_owner:user-748db0ca-899a-4da8-8177-2fa1ec2a9302,748db0ca-899a-4da8-8177-2fa1ec2a9302,user-748db0ca-899a-4da8-8177-2fa1ec2a9302,account_owner,true,2024-08-01T00:00:00,
cc6587b9-1ad1-4f99-bb8b-dc23f1621ea6:account_owner:user-cc6587b9-1ad1-4f99-bb8b-dc23f1621ea6,cc6587b9-1ad1-4f99-bb8b-dc23f1621ea6,user-cc6587b9-1ad1-4f99-bb8b-dc23f1621ea6,account_owner,true,2024-08-01T00:00:00,
12d19891-03e3-455b-b4f2-7d8f8f6b8f01:account_owner:user-12d19891-03e3-455b-b4f2-7d8f8f6b8f01,12d19891-03e3-455b-b4f2-7d8f8f6b8f01,user-12d19891-03e3-455b-b4f2-7d8f8f6b8f01,account_owner,true,2024-08-01T00:00:00,
303bc5db-08d0-4431-b6df-29c80d0321da:account_owner:user-303bc5db-08d0-4431-b6df-29c80d0321da,303bc5db-08d0-4431-b6df-29c80d0321da,user-303bc5db-08d0-4431-b6df-29c80d0321da,account_owner,true,2024-08-01T00:00:00,
485b6c22-4f0b-4e0f-bfba-0c9d38a0122d:account_owner:user-485b6c22-4f0b-4e0f-bfba-0c9d38a0122d,485b6c22-4f0b-4e0f-bfba-0c9d38a0122d,user-485b6c22-4f0b-4e0f-bfba-0c9d38a0122d,account_owner,true,2024-08-01T00:00:00,
3e5dc535-3e67-47d0-8eed-547c7f51e8c9:account_owner:user-3e5dc535-3e67-47d0-8eed-547c7f51e8c9,3e5dc535-3e67-47d0-8eed-547c7f51e8c9,user-3e5dc535-3e67-47d0-8eed-547c7f51e8c9,account_owner,true,2024-08-01T00:00:00,
21e6a119-3caa-43ab-9905-08bda65f8493:account_owner:user-21e6a119-3caa-43ab-9905-08bda65f8493,21e6a119-3caa-43ab-9905-08bda65f8493,user-21e6a119-3caa-43ab-9905-08bda65f8493,account_owner,true,2024-08-01T00:00:00,
7e2a9b35-5e70-4df4-889c-34732fd2ee32:account_owner:user-7e2a9b35-5e70-4df4-889c-34732fd2ee32,7e2a9b35-5e70-4df4-889c-34732fd2ee32,user-7e2a9b35-5e70-4df4-889c-34732fd2ee32,account_owner,true,2024-08-01T00:00:00,
a59ab98c-fe50-412b-aa83-a693a561092f:account_owner:user-a59ab98c-fe50-412b-aa83-a693a561092f,a59ab98c-fe50-412b-aa83-a693a561092f,user-a59ab98c-fe50-412b-aa83-a693a561092f,account_owner,true,2024-08-01T00:00:00,
ef097aa6-f4d9-4c16-bc17-a7cc87116f35:account_owner:user-ef097aa6-f4d9-4c16-bc17-a7cc87116f35,ef097aa6-f4d9-4c16-bc17-a7cc87116f35,user-ef097aa6-f4d9-4c16-bc17-a7cc87116f35,account_owner,true,2024-08-01T00:00:00,
1d94038e-346e-4263-a10f-7fa4e5d1179e:account_owner:user-1d94038e-346e-4263-a10f-7fa4e5d1179e,1d94038e-346e-4263-a10f-7fa4e5d1179e,user-1d94038e-346e-4263-a10f-7fa4e5d1179e,account_owner,true,2024-08-01T00:00:00,
4da311cb-8e0d-487a-8fdd-4a94529db3e4:account_owner:user-4da311cb-8e0d-487a-8fdd-4a94529db3e4,4da311cb-8e0d-487a-8fdd-4a94529db3e4,user-4da311cb-8e0d-487a-8fdd-4a94529db3e4,account_owner,true,2024-08-01T00:00:00,
1922f6f3-ba06-4233-8d88-c1a9303a6a2a:account_owner:user-1922f6f3-ba06-4233-8d88-c1a9303a6a2a,1922f6f3-ba06-4233-8d88-c1a9303a6a2a,user-1922f6f3-ba06-4233-8d88-c1a9303a6a2a,account_owner,true,2024-08-01T00:00:00,
87fc5559-9d20-4780-8c0e-b7c248cd6236:account_owner:user-87fc5559-9d20-4780-8c0e-b7c248cd6236,87fc5559-9d20-4780-8c0e-b7c248cd6236,user-87fc5559-9d20-4780-8c0e-b7c248cd6236,account_owner,true,2024-08-01T00:00:00,
3ad60b3b-8b4b-4504-9d49-adfd74fe548c:account_owner:user-3ad60b3b-8b4b-4504-9d49-adfd74fe548c,3ad60b3b-8b4b-4504-9d49-adfd74fe548c,user-3ad60b3b-8b4b-4504-9d49-adfd74fe548c,account_owner,true,2024-08-01T00:00:00,
d63f06df-5e5d-4adc-b0a5-43b4bac6bf5c:account_owner:user-d63f06df-5e5d-4adc-b0a5-43b4bac6bf5c,d63f06df-5e5d-4adc-b0a5-43b4bac6bf5c,user-d63f06df-5e5d-4adc-b0a5-43b4bac6bf5c,account_owner,true,2024-08-01T00:00:00,
b0fb926f-1c66-426d-b796-e9d801b13122:account_owner:user-b0fb926f-1c66-426d-b796-e9d801b13122,b0fb926f-1c66-426d-b796-e9d801b13122,user-b0fb926f-1c66-426d-b796-e9d801b13122,account_owner,true,2024-08-01T00:00:00,
f639b5da-4c4d-46ef-8ffe-75cca075bc23:account_owner:user-f639b5da-4c4d-46ef-8ffe-75cca075bc23,f639b5da-4c4d-46ef-8ffe-75cca075bc23,user-f639b5da-4c4d-46ef-8ffe-75cca075bc23,account_owner,true,2024-08-01T00:00:00,
1acd402c-8758-4f7a-9a24-57636d44ede6:account_owner:user-1acd402c-8758-4f7a-9a24-57636d44ede6,1acd402c-8758-4f7a-9a24-57636d44ede6,user-1acd402c-8758-4f7a-9a24-57636d44ede6,account_owner,true,2024-08-01T00:00:00,
d6ca14b1-9b55-47f7-be97-787002ca26e5:account_owner:user-d6ca14b1-9b55-47f7-be97-787002ca26e5,d6ca14b1-9b55-47f7-be97-787002ca26e5,user-d6ca14b1-9b55-47f7-be97-787002ca26e5,account_owner,true,2024-08-01T00:00:00,
0313557a-f7d4-4834-be26-3977f30a5235:account_owner:user-0313557a-f7d4-4834-be26-3977f30a5235,0313557a-f7d4-4834-be26-3977f30a5235,user-0313557a-f7d4-4834-be26-3977f30a5235,account_owner,true,2024-08-01T00:00:00,
14dec3ce-7570-4c3f-af8c-e9c0d74cfcd2:account_owner:user-14dec3ce-7570-4c3f-af8c-e9c0d74cfcd2,14dec3ce-7570-4c3f-af8c-e9c0d74cfcd2,user-14dec3ce-7570-4c3f-af8c-e9c0d74cfcd2,account_owner,true,2024-08-01T00:00:00,
c630fcf6-11c8-465f-9498-0839aee67e55:account_owner:user-c630fcf6-11c8-465f-9498-0839aee67e55,c630fcf6-11c8-465f-9498-0839aee67e55,user-c630fcf6-11c8-465f-9498-0839aee67e55,account_owner,true,2024-08-01T00:00:00,
d1c356c7-a230-4e49-abb6-3eb1f58155cd:account_owner:user-d1c356c7-a230-4e49-abb6-3eb1f58155cd,d1c356c7-a230-4e49-abb6-3eb1f58155cd,user-d1c356c7-a230-4e49-abb6-3eb1f58155cd,account_owner,true,2024-08-01T00:00:00,
993cbf30-efef-49e5-b5ad-7aaf3db149a3:account_owner:user-993cbf30-efef-49e5-b5ad-7aaf3db149a3,993cbf30-efef-49e5-b5ad-7aaf3db149a3,user-993cbf30-efef-49e5-b5ad-7aaf3db149a3,account_owner,true,2024-08-01T00:00:00,
1b25718d-795f-4b30-a424-50167ae8c0ad:account_owner:user-1b25718d-795f-4b30-a424-50167ae8c0ad,1b25718d-795f-4b30-a424-50167ae8c0ad,user-1b25718d-795f-4b30-a424-50167ae8c0ad,account_owner,true,2024-08-01T00:00:00,
d3adc9f1-fd4e-45ad-9d75-0919a6617f7a:account_owner:user-d3adc9f1-fd4e-45ad-9d75-0919a6617f7a,d3adc9f1-fd4e-45ad-9d75-0919a6617f7a,user-d3adc9f1-fd4e-45ad-9d75-0919a6617f7a,account_owner,true,2024-08-01T00:00:00,
4955904c-175f-43ec-b76a-bc70d836d508:account_owner:user-4955904c-175f-43ec-b76a-bc70d836d508,4955904c-175f-43ec-b76a-bc70d836d508,user-4955904c-175f-43ec-b76a-bc70d836d508,account_owner,true,2024-08-01T00:00:00,
d4d6e685-70a2-49ea-b511-383a54d18cfa:account_owner:user-d4d6e685-70a2-49ea-b511-383a54d18cfa,d4d6e685-70a2-49ea-b511-383a54d18cfa,user-d4d6e685-70a2-49ea-b511-383a54d18cfa,account_owner,true,2024-08-01T00:00:00,
1a1fa253-a2de-457a-9397-7c6c80d5d589:account_owner:user-1a1fa253-a2de-457a-9397-7c6c80d5d589,1a1fa253-a2de-457a-9397-7c6c80d5d589,user-1a1fa253-a2de-457a-9397-7c6c80d5d589,account_owner,true,2024-08-01T00:00:00,
1380e029-b899-4413-a8da-0741720a6a06:account_owner:user-1380e029-b899-4413-a8da-0741720a6a06,1380e029-b899-4413-a8da-0741720a6a06,user-1380e029-b899-4413-a8da-0741720a6a06,account_owner,true,2024-08-01T00:00:00,
b169789c-d0e8-4853-819c-555646263d18:account_owner:user-b169789c-d0e8-4853-819c-555646263d18,b169789c-d0e8-4853-819c-555646263d18,user-b169789c-d0e8-4853-819c-555646263d18,account_owner,true,2024-08-01T00:00:00,
f4835f98-d82c-487c-8788-26a05c249db0:account_owner:user-f4835f98-d82c-487c-8788-26a05c249db0,f4835f98-d82c-487c-8788-26a05c249db0,user-f4835f98-d82c-487c-8788-26a05c249db0,account_owner,true,2024-08-01T00:00:00,
d4d6c47d-5048-4008-b088-4f13691fbefd:account_owner:user-d4d6c47d-5048-4008-b088-4f13691fbefd,d4d6c47d-5048-4008-b088-4f13691fbefd,user-d4d6c47d-5048-4008-b088-4f13691fbefd,account_owner,true,2024-08-01T00:00:00,
c712217e-16e5-4f51-a9f4-055b5176e747:account_owner:user-c712217e-16e5-4f51-a9f4-055b5176e747,c712217e-16e5-4f51-a9f4-055b5176e747,user-c712217e-16e5-4f51-a9f4-055b5176e747,account_owner,true,2024-08-01T00:00:00,
73d9c423-e9d4-428f-bfaa-b073b2c1f454:account_owner:user-73d9c423-e9d4-428f-bfaa-b073b2c1f454,73d9c423-e9d4-428f-bfaa-b073b2c1f454,user-73d9c423-e9d4-428f-bfaa-b073b2c1f454,account_owner,true,2024-08-01T00:00:00,
af3dbfea-4df6-42c8-9826-57806904f81c:account_owner:user-af3dbfea-4df6-42c8-9826-57806904f81c,af3dbfea-4df6-42c8-9826-57806904f81c,user-af3dbfea-4df6-42c8-9826-57806904f81c,account_owner,true,2024-08-01T00:00:00,
41c59ae8-bcd0-4d00-b8e9-bfaa0ce5913b:account_owner:user-41c59ae8-bcd0-4d00-b8e9-bfaa0ce5913b,41c59ae8-bcd0-4d00-b8e9-bfaa0ce5913b,user-41c59ae8-bcd0-4d00-b8e9-bfaa0ce5913b,account_owner,true,2024-08-01T00:00:00,
08ed887d-1b8b-4850-a0ef-45b78a04e4d7:account_owner:user-08ed887d-1b8b-4850-a0ef-45b78a04e4d7,08ed887d-1b8b-4850-a0ef-45b78a04e4d7,user-08ed887d-1b8b-4850-a0ef-45b78a04e4d7,account_owner,true,2024-08-01T00:00:00,
6e4bc86a-7c8c-457f-bc7a-61c6187a18f4:account_owner:user-6e4bc86a-7c8c-457f-bc7a-61c6187a18f4,6e4bc86a-7c8c-457f-bc7a-61c6187a18f4,user-6e4bc86a-7c8c-457f-bc7a-61c6187a18f4,account_owner,true,2024-08-01T00:00:00,
3c4b0324-423a-4e3b-884c-c93438a59688:account_owner:user-3c4b0324-423a-4e3b-884c-c93438a59688,3c4b0324-423a-4e3b-884c-c93438a59688,user-3c4b0324-423a-4e3b-884c-c93438a59688,account_owner,true,2024-08-01T00:00:00,
58e0c4db-27d0-4c06-9252-c40364b1ae74:account_owner:user-58e0c4db-27d0-4c06-9252-c40364b1ae74,58e0c4db-27d0-4c06-9252-c40364b1ae74,user-58e0c4db-27d0-4c06-9252-c40364b1ae74,account_owner,true,2024-08-01T00:00:00,
d7615aca-6de3-4a17-8fd0-212330ca9c28:account_owner:user-d7615aca-6de3-4a17-8fd0-212330ca9c28,d7615aca-6de3-4a17-8fd0-212330ca9c28,user-d7615aca-6de3-4a17-8fd0-212330ca9c28,account_owner,true,2024-08-01T00:00:00,
65dbcba7-fbb7-4837-ace0-5cd3cc5dd4a4:account_owner:user-65dbcba7-fbb7-4837-ace0-5cd3cc5dd4a4,65dbcba7-fbb7-4837-ace0-5cd3cc5dd4a4,user-65dbcba7-fbb7-4837-ace0-5cd3cc5dd4a4,account_owner,true,2024-08-01T00:00:00,
e60ba363-7c8f-4fba-8c98-2d4952e8fbc5:account_owner:user-e60ba363-7c8f-4fba-8c98-2d4952e8fbc5,e60ba363-7c8f-4fba-8c98-2d4952e8fbc5,user-e60ba363-7c8f-4fba-8c98-2d4952e8fbc5,account_owner,true,2024-08-01T00:00:00,
e83c866a-6830-4488-8842-ce77146d8d41:account_owner:user-e83c866a-6830-4488-8842-ce77146d8d41,e83c866a-6830-4488-8842-ce77146d8d41,user-e83c866a-6830-4488-8842-ce77146d8d41,account_owner,true,2024-08-01T00:00:00,
090fb913-1317-4169-b150-64e304451d38:account_owner:user-090fb913-1317-4169-b150-64e304451d38,090fb913-1317-4169-b150-64e304451d38,user-090fb913-1317-4169-b150-64e304451d38,account_owner,true,2024-08-01T00:00:00,
22dc524c-5b2b-4982-a2a7-2a5f5a5b9ca5:account_owner:user-22dc524c-5b2b-4982-a2a7-2a5f5a5b9ca5,22dc524c-5b2b-4982-a2a7-2a5f5a5b9ca5,user-22dc524c-5b2b-4982-a2a7-2a5f5a5b9ca5,account_owner,true,2024-08-01T00:00:00,
103fcba9-e7d7-4b76-b162-0fc8a31cfa6b:account_owner:user-103fcba9-e7d7-4b76-b162-0fc8a31cfa6b,103fcba9-e7d7-4b76-b162-0fc8a31cfa6b,user-103fcba9-e7d7-4b76-b162-0fc8a31cfa6b,account_owner,true,2024-08-01T00:00:00,
a0a83e46-f548-4a18-a79a-5ecdd85b6c8e:account_owner:user-a0a83e46-f548-4a18-a79a-5ecdd85b6c8e,a0a83e46-f548-4a18-a79a-5ecdd85b6c8e,user-a0a83e46-f548-4a18-a79a-5ecdd85b6c8e,account_owner,true,2024-08-01T00:00:00,
f8b1caa2-10e7-4302-963a-252a15b4a714:account_owner:user-f8b1caa2-10e7-4302-963a-252a15b4a714,f8b1caa2-10e7-4302-963a-252a15b4a714,user-f8b1caa2-10e7-4302-963a-252a15b4a714,account_owner,true,2024-08-01T00:00:00,
3a1577eb-7860-498f-936a-da13e16cbd8c:account_owner:user-3a1577eb-7860-498f-936a-da13e16cbd8c,3a1577eb-7860-498f-936a-da13e16cbd8c,user-3a1577eb-7860-498f-936a-da13e16cbd8c,account_owner,true,2024-08-01T00:00:00,
c8544096-3228-4db0-b3de-4f0da1974b40:account_owner:user-c8544096-3228-4db0-b3de-4f0da1974b40,c8544096-3228-4db0-b3de-4f0da1974b40,user-c8544096-3228-4db0-b3de-4f0da1974b40,account_owner,true,2024-08-01T00:00:00,
2e2960d6-f2e9-4048-b234-fb21f0f72405:account_owner:user-2e2960d6-f2e9-4048-b234-fb21f0f72405,2e2960d6-f2e9-4048-b234-fb21f0f72405,user-2e2960d6-f2e9-4048-b234-fb21f0f72405,account_owner,true,2024-08-01T00:00:00,
cf5dd5d1-b2dc-47d4-9be1-b6c0e5b07a12:account_owner:user-cf5dd5d1-b2dc-47d4-9be1-b6c0e5b07a12,cf5dd5d1-b2dc-47d4-9be1-b6c0e5b07a12,user-cf5dd5d1-b2dc-47d4-9be1-b6c0e5b07a12,account_owner,true,2024-08-01T00:00:00,
acb70464-ce97-4c94-a4bf-b165bd1b2fed:account_owner:user-acb70464-ce97-4c94-a4bf-b165bd1b2fed,acb70464-ce97-4c94-a4bf-b165bd1b2fed,user-acb70464-ce97-4c94-a4bf-b165bd1b2fed,account_owner,true,2024-08-01T00:00:00,
96aa3e1c-ce39-4f76-b813-c9b4d59c0cdc:account_owner:user-96aa3e1c-ce39-4f76-b813-c9b4d59c0cdc,96aa3e1c-ce39-4f76-b813-c9b4d59c0cdc,user-96aa3e1c-ce39-4f76-b813-c9b4d59c0cdc,account_owner,true,2024-08-01T00:00:00,
5b6d3273-0554-4f9d-bc05-2157626c1ad0:account_owner:user-5b6d3273-0554-4f9d-bc05-2157626c1ad0,5b6d3273-0554-4f9d-bc05-2157626c1ad0,user-5b6d3273-0554-4f9d-bc05-2157626c1ad0,account_owner,true,2024-08-01T00:00:00,
94638355-4830-4837-8708-12531dc89dbf:account_owner:user-94638355-4830-4837-8708-12531dc89dbf,94638355-4830-4837-8708-12531dc89dbf,user-94638355-4830-4837-8708-12531dc89dbf,account_owner,true,2024-08-01T00:00:00,
bb9bad76-c7ec-4f36-842c-54c3bbb40467:account_owner:user-bb9bad76-c7ec-4f36-842c-54c3bbb40467,bb9bad76-c7ec-4f36-842c-54c3bbb40467,user-bb9bad76-c7ec-4f36-842c-54c3bbb40467,account_owner,true,2024-08-01T00:00:00,
54c7fff7-8475-4ccd-a380-7e8187501723:account_owner:user-54c7fff7-8475-4ccd-a380-7e8187501723,54c7fff7-8475-4ccd-a380-7e8187501723,user-54c7fff7-8475-4ccd-a380-7e8187501723,account_owner,true,2024-08-01T00:00:00,
b3f95dcd-caf0-4d0c-8890-a7b8e231c6b7:account_owner:user-b3f95dcd-caf0-4d0c-8890-a7b8e231c6b7,b3f95dcd-caf0-4d0c-8890-a7b8e231c6b7,user-b3f95dcd-caf0-4d0c-8890-a7b8e231c6b7,account_owner,true,2024-08-01T00:00:00,
2347081e-7ae5-4085-a0d6-d1f551721f69:account_owner:user-2347081e-7ae5-4085-a0d6-d1f551721f69,2347081e-7ae5-4085-a0d6-d1f551721f69,user-2347081e-7ae5-4085-a0d6-d1f551721f69,account_owner,true,2024-08-01T00:00:00,
6da78127-2929-4106-a298-2b58afca0a92:account_owner:user-6da78127-2929-4106-a298-2b58afca0a92,6da78127-2929-4106-a298-2b58afca0a92,user-6da78127-2929-4106-a298-2b58afca0a92,account_owner,true,2024-08-01T00:00:00,
787f43ea-3f2a-4f90-967d-6479bad4f1a9:account_owner:user-787f43ea-3f2a-4f90-967d-6479bad4f1a9,787f43ea-3f2a-4f90-967d-6479bad4f1a9,user-787f43ea-3f2a-4f90-967d-6479bad4f1a9,account_owner,true,2024-08-01T00:00:00,
dcddb844-390f-4861-a4ee-0a32b75bb218:account_owner:user-dcddb844-390f-4861-a4ee-0a32b75bb218,dcddb844-390f-4861-a4ee-0a32b75bb218,user-dcddb844-390f-4861-a4ee-0a32b75bb218,account_owner,true,2024-08-01T00:00:00,
6deb3adf-b348-4736-a975-af07bea72c06:account_owner:user-6deb3adf-b348-4736-a975-af07bea72c06,6deb3adf-b348-4736-a975-af07bea72c06,user-6deb3adf-b348-4736-a975-af07bea72c06,account_owner,true,2024-08-01T00:00:00,
44df0dc9-35a6-4159-8141-4a8bf47c0e2b:account_owner:user-44df0dc9-35a6-4159-8141-4a8bf47c0e2b,44df0dc9-35a6-4159-8141-4a8bf47c0e2b,user-44df0dc9-35a6-4159-8141-4a8bf47c0e2b,account_owner,true,2024-08-01T00:00:00,
c2457423-d813-4e9b-8cac-e77de71eef5d:account_owner:user-c2457423-d813-4e9b-8cac-e77de71eef5d,c2457423-d813-4e9b-8cac-e77de71eef5d,user-c2457423-d813-4e9b-8cac-e77de71eef5d,account_owner,true,2024-08-01T00:00:00,
b7428f06-b3dd-477e-8569-96068f3d3dcb:account_owner:user-b7428f06-b3dd-477e-8569-96068f3d3dcb,b7428f06-b3dd-477e-8569-96068f3d3dcb,user-b7428f06-b3dd-477e-8569-96068f3d3dcb,account_owner,true,2024-08-01T00:00:00,
6f2f044e-7270-4c80-8003-fd28bb66c57c:account_owner:user-6f2f044e-7270-4c80-8003-fd28bb66c57c,6f2f044e-7270-4c80-8003-fd28bb66c57c,user-6f2f044e-7270-4c80-8003-fd28bb66c57c,account_owner,true,2024-08-01T00:00:00,
0c621caa-4854-43bb-ab8f-74e1f79ba3e4:account_owner:user-0c621caa-4854-43bb-ab8f-74e1f79ba3e4,0c621caa-4854-43bb-ab8f-74e1f79ba3e4,user-0c621caa-4854-43bb-ab8f-74e1f79ba3e4,account_owner,true,2024-08-01T00:00:00,
3cec8c73-424f-46c6-a5a7-cb5cd5141538:account_owner:user-3cec8c73-424f-46c6-a5a7-cb5cd5141538,3cec8c73-424f-46c6-a5a7-cb5cd5141538,user-3cec8c73-424f-46c6-a5a7-cb5cd5141538,account_owner,true,2024-08-01T00:00:00,
866ec748-2021-45f8-9170-6c393fca1e65:account_owner:user-866ec748-2021-45f8-9170-6c393fca1e65,866ec748-2021-45f8-9170-6c393fca1e65,user-866ec748-2021-45f8-9170-6c393fca1e65,account_owner,true,2024-08-01T00:00:00,
3dc87d1c-7942-471e-b947-26b7ec78cedb:account_owner:user-3dc87d1c-7942-471e-b947-26b7ec78cedb,3dc87d1c-7942-471e-b947-26b7ec78cedb,user-3dc87d1c-7942-471e-b947-26b7ec78cedb,account_owner,true,2024-08-01T00:00:00,
a31129ac-6e82-4a23-86f3-3d708e019069:account_owner:user-a31129ac-6e82-4a23-86f3-3d708e019069,a31129ac-6e82-4a23-86f3-3d708e019069,user-a31129ac-6e82-4a23-86f3-3d708e019069,account_owner,true,2024-08-01T00:00:00,
122af8ba-58aa-4655-b297-e90d616f0bf6:account_owner:user-122af8ba-58aa-4655-b297-e90d616f0bf6,122af8ba-58aa-4655-b297-e90d616f0bf6,user-122af8ba-58aa-4655-b297-e90d616f0bf6,account_owner,true,2024-08-01T00:00:00,
859fee02-f1ae-4067-a05f-d5db7dbbb2d4:account_owner:user-859fee02-f1ae-4067-a05f-d5db7dbbb2d4,859fee02-f1ae-4067-a05f-d5db7dbbb2d4,user-859fee02-f1ae-4067-a05f-d5db7dbbb2d4,account_owner,true,2024-08-01T00:00:00,
0c7084bc-19a5-4ad6-bb26-a25f9c09b324:account_owner:user-0c7084bc-19a5-4ad6-bb26-a25f9c09b324,0c7084bc-19a5-4ad6-bb26-a25f9c09b324,user-0c7084bc-19a5-4ad6-bb26-a25f9c09b324,account_owner,true,2024-08-01T00:00:00,
284f711a-5e5a-4929-bb5d-5ddba9a4a773:account_owner:user-284f711a-5e5a-4929-bb5d-5ddba9a4a773,284f711a-5e5a-4929-bb5d-5ddba9a4a773,user-284f711a-5e5a-4929-bb5d-5ddba9a4a773,account_owner,true,2024-08-01T00:00:00,
d50199e3-7c9b-4921-9920-d234b5fc561a:account_owner:user-d50199e3-7c9b-4921-9920-d234b5fc561a,d50199e3-7c9b-4921-9920-d234b5fc561a,user-d50199e3-7c9b-4921-9920-d234b5fc561a,account_owner,true,2024-08-01T00:00:00,
1ed31084-8b68-49ca-91d6-7162d8521c02:account_owner:user-1ed31084-8b68-49ca-91d6-7162d8521c02,1ed31084-8b68-49ca-91d6-7162d8521c02,user-1ed31084-8b68-49ca-91d6-7162d8521c02,account_owner,true,2024-08-01T00:00:00,
8e91d584-8798-4b43-a077-64b5334460b3:account_owner:user-8e91d584-8798-4b43-a077-64b5334460b3,8e91d584-8798-4b43-a077-64b5334460b3,user-8e91d584-8798-4b43-a077-64b5334460b3,account_owner,true,2024-08-01T00:00:00,
19296d35-a0df-426f-88ed-d3f5323adb8a:account_owner:user-19296d35-a0df-426f-88ed-d3f5323adb8a,19296d35-a0df-426f-88ed-d3f5323adb8a,user-19296d35-a0df-426f-88ed-d3f5323adb8a,account_owner,true,2024-08-01T00:00:00,
073c6c4c-9988-45b0-9224-7ad4e69d8c6f:account_owner:user-073c6c4c-9988-45b0-9224-7ad4e69d8c6f,073c6c4c-9988-45b0-9224-7ad4e69d8c6f,user-073c6c4c-9988-45b0-9224-7ad4e69d8c6f,account_owner,true,2024-08-01T00:00:00,
8416975a-1321-43a3-b3e1-577aee3b59ae:account_owner:user-8416975a-1321-43a3-b3e1-577aee3b59ae,8416975a-1321-43a3-b3e1-577aee3b59ae,user-8416975a-1321-43a3-b3e1-577aee3b59ae,account_owner,true,2024-08-01T00:00:00,
c37c5233-7b26-4427-8ed9-ce36cc9ceb00:account_owner:user-c37c5233-7b26-4427-8ed9-ce36cc9ceb00,c37c5233-7b26-4427-8ed9-ce36cc9ceb00,user-c37c5233-7b26-4427-8ed9-ce36cc9ceb00,account_owner,true,2024-08-01T00:00:00,
6939d1d2-fba3-4888-8c53-6898bb73c26f:account_owner:user-6939d1d2-fba3-4888-8c53-6898bb73c26f,6939d1d2-fba3-4888-8c53-6898bb73c26f,user-6939d1d2-fba3-4888-8c53-6898bb73c26f,account_owner,true,2024-08-01T00:00:00,
4feef355-aeb7-41f9-a391-7f991eeb7b15:account_owner:user-4feef355-aeb7-41f9-a391-7f991eeb7b15,4feef355-aeb7-41f9-a391-7f991eeb7b15,user-4feef355-aeb7-41f9-a391-7f991eeb7b15,account_owner,true,2024-08-01T00:00:00,
b60e68c2-1b3c-4a8b-a056-a39fb4e6a320:account_owner:user-b60e68c2-1b3c-4a8b-a056-a39fb4e6a320,b60e68c2-1b3c-4a8b-a056-a39fb4e6a320,user-b60e68c2-1b3c-4a8b-a056-a39fb4e6a320,account_owner,true,2024-08-01T00:00:00,
e58c63e7-69a9-49cb-947e-5841010ca567:account_owner:user-e58c63e7-69a9-49cb-947e-5841010ca567,e58c63e7-69a9-49cb-947e-5841010ca567,user-e58c63e7-69a9-49cb-947e-5841010ca567,account_owner,true,2024-08-01T00:00:00,
aac35f19-8d02-4c6c-b979-74da55c9ddb1:account_owner:user-aac35f19-8d02-4c6c-b979-74da55c9ddb1,aac35f19-8d02-4c6c-b979-74da55c9ddb1,user-aac35f19-8d02-4c6c-b979-74da55c9ddb1,account_owner,true,2024-08-01T00:00:00,
58ebbf6d-7eee-4180-aa0d-151621abffcf:account_owner:user-58ebbf6d-7eee-4180-aa0d-151621abffcf,58ebbf6d-7eee-4180-aa0d-151621abffcf,user-58ebbf6d-7eee-4180-aa0d-151621abffcf,account_owner,true,2024-08-01T00:00:00,
a30edde1-4a46-4acb-905c-013e285a8101:account_owner:user-a30edde1-4a46-4acb-905c-013e285a8101,a30edde1-4a46-4acb-905c-013e285a8101,user-a30edde1-4a46-4acb-905c-013e285a8101,account_owner,true,2024-08-01T00:00:00,
57476af2-aff3-4f50-9313-77926b1859bc:account_owner:user-57476af2-aff3-4f50-9313-77926b1859bc,57476af2-aff3-4f50-9313-77926b1859bc,user-57476af2-aff3-4f50-9313-77926b1859bc,account_owner,true,2024-08-01T00:00:00,
eefcf9f0-dbd0-4907-a619-121deeb825dc:account_owner:user-eefcf9f0-dbd0-4907-a619-121deeb825dc,eefcf9f0-dbd0-4907-a619-121deeb825dc,user-eefcf9f0-dbd0-4907-a619-121deeb825dc,account_owner,true,2024-08-01T00:00:00,
388a03fa-6bff-4153-afbb-2349b43c876e:account_owner:user-388a03fa-6bff-4153-afbb-2349b43c876e,388a03fa-6bff-4153-afbb-2349b43c876e,user-388a03fa-6bff-4153-afbb-2349b43c876e,account_owner,true,2024-08-01T00:00:00,
f772193d-0b52-429c-ac06-5e9986fefa68:account_owner:user-f772193d-0b52-429c-ac06-5e9986fefa68,f772193d-0b52-429c-ac06-5e9986fefa68,user-f772193d-0b52-429c-ac06-5e9986fefa68,account_owner,true,2024-08-01T00:00:00,
33f27548-d085-481a-aa4f-a851fbebe0cd:account_owner:user-33f27548-d085-481a-aa4f-a851fbebe0cd,33f27548-d085-481a-aa4f-a851fbebe0cd,user-33f27548-d085-481a-aa4f-a851fbebe0cd,account_owner,true,2024-08-01T00:00:00,
631f0e93-e48f-414d-b220-0c466b7fc584:account_owner:user-631f0e93-e48f-414d-b220-0c466b7fc584,631f0e93-e48f-414d-b220-0c466b7fc584,user-631f0e93-e48f-414d-b220-0c466b7fc584,account_owner,true,2024-08-01T00:00:00,
bbffd265-99c5-491d-a03e-fee1fec9e123:account_owner:user-bbffd265-99c5-491d-a03e-fee1fec9e123,bbffd265-99c5-491d-a03e-fee1fec9e123,user-bbffd265-99c5-491d-a03e-fee1fec9e123,account_owner,true,2024-08-01T00:00:00,
a3f993fd-aeaa-43c7-9e5c-9ad7b7c0f8d9:account_owner:user-a3f993fd-aeaa-43c7-9e5c-9ad7b7c0f8d9,a3f993fd-aeaa-43c7-9e5c-9ad7b7c0f8d9,user-a3f993fd-aeaa-43c7-9e5c-9ad7b7c0f8d9,account_owner,true,2024-08-01T00:00:00,
3d0fd916-f8d9-4f59-9d2f-75d16ed75c58:account_owner:user-3d0fd916-f8d9-4f59-9d2f-75d16ed75c58,3d0fd916-f8d9-4f59-9d2f-75d16ed75c58,user-3d0fd916-f8d9-4f59-9d2f-75d16ed75c58,account_owner,true,2024-08-01T00:00:00,
66975479-1eec-445e-a34d-78b59cc44f64:account_owner:user-66975479-1eec-445e-a34d-78b59cc44f64,66975479-1eec-445e-a34d-78b59cc44f64,user-66975479-1eec-445e-a34d-78b59cc44f64,account_owner,true,2024-08-01T00:00:00,
a4c57aeb-c65a-4a1c-954e-acc7a7ba7c74:account_owner:user-a4c57aeb-c65a-4a1c-954e-acc7a7ba7c74,a4c57aeb-c65a-4a1c-954e-acc7a7ba7c74,user-a4c57aeb-c65a-4a1c-954e-acc7a7ba7c74,account_owner,true,2024-08-01T00:00:00,
26ce484a-a527-4fe1-903f-2809a03fd21a:account_owner:user-26ce484a-a527-4fe1-903f-2809a03fd21a,26ce484a-a527-4fe1-903f-2809a03fd21a,user-26ce484a-a527-4fe1-903f-2809a03fd21a,account_owner,true,2024-08-01T00:00:00,
f6489f0b-4a7a-4dd2-97d4-d0008f662858:account_owner:user-f6489f0b-4a7a-4dd2-97d4-d0008f662858,f6489f0b-4a7a-4dd2-97d4-d0008f662858,user-f6489f0b-4a7a-4dd2-97d4-d0008f662858,account_owner,true,2024-08-01T00:00:00,
1a1e8918-e445-4bc0-8fa1-5a470711d51d:account_owner:user-1a1e8918-e445-4bc0-8fa1-5a470711d51d,1a1e8918-e445-4bc0-8fa1-5a470711d51d,user-1a1e8918-e445-4bc0-8fa1-5a470711d51d,account_owner,true,2024-08-01T00:00:00,
01a03f19-633a-4474-990e-57e75b98e60b:account_owner:user-01a03f19-633a-4474-990e-57e75b98e60b,01a03f19-633a-4474-990e-57e75b98e60b,user-01a03f19-633a-4474-990e-57e75b98e60b,account_owner,true,2024-08-01T00:00:00,
c401aa52-5d86-4872-a6fc-75f431023457:account_owner:user-c401aa52-5d86-4872-a6fc-75f431023457,c401aa52-5d86-4872-a6fc-75f431023457,user-c401aa52-5d86-4872-a6fc-75f431023457,account_owner,true,2024-08-01T00:00:00,
cf2dbf35-0461-492d-81bd-a783c553409a:account_owner:user-cf2dbf35-0461-492d-81bd-a783c553409a,cf2dbf35-0461-492d-81bd-a783c553409a,user-cf2dbf35-0461-492d-81bd-a783c553409a,account_owner,true,2024-08-01T00:00:00,
8699b9d8-d299-411d-82bc-9ee94abdf576:account_owner:user-8699b9d8-d299-411d-82bc-9ee94abdf576,8699b9d8-d299-411d-82bc-9ee94abdf576,user-8699b9d8-d299-411d-82bc-9ee94abdf576,account_owner,true,2024-08-01T00:00:00,
ed46daf6-4c46-4af8-a80d-c0cf0b307966:account_owner:user-ed46daf6-4c46-4af8-a80d-c0cf0b307966,ed46daf6-4c46-4af8-a80d-c0cf0b307966,user-ed46daf6-4c46-4af8-a80d-c0cf0b307966,account_owner,true,2024-08-01T00:00:00,
298ca377-a08e-4e0d-91d6-b0b5aff14c1b:account_owner:user-298ca377-a08e-4e0d-91d6-b0b5aff14c1b,298ca377-a08e-4e0d-91d6-b0b5aff14c1b,user-298ca377-a08e-4e0d-91d6-b0b5aff14c1b,account_owner,true,2024-08-01T00:00:00,
333d41f0-5f4d-48cb-b3bd-042814f9b7f8:account_owner:user-333d41f0-5f4d-48cb-b3bd-042814f9b7f8,333d41f0-5f4d-48cb-b3bd-042814f9b7f8,user-333d41f0-5f4d-48cb-b3bd-042814f9b7f8,account_owner,true,2024-08-01T00:00:00,
0d78df79-b2dc-4cea-b7a0-712c91c0433d:account_owner:user-0d78df79-b2dc-4cea-b7a0-712c91c0433d,0d78df79-b2dc-4cea-b7a0-712c91c0433d,user-0d78df79-b2dc-4cea-b7a0-712c91c0433d,account_owner,true,2024-08-01T00:00:00,
26ef1453-7eb5-4f13-9c8c-22a3f738d060:account_owner:user-26ef1453-7eb5-4f13-9c8c-22a3f738d060,26ef1453-7eb5-4f13-9c8c-22a3f738d060,user-26ef1453-7eb5-4f13-9c8c-22a3f738d060,account_owner,true,2024-08-01T00:00:00,
62b38185-a937-473c-b04e-833be36219e6:account_owner:user-62b38185-a937-473c-b04e-833be36219e6,62b38185-a937-473c-b04e-833be36219e6,user-62b38185-a937-473c-b04e-833be36219e6,account_owner,true,2024-08-01T00:00:00,
701ab460-123c-42eb-bae0-fbe7a111ebd7:account_owner:user-701ab460-123c-42eb-bae0-fbe7a111ebd7,701ab460-123c-42eb-bae0-fbe7a111ebd7,user-701ab460-123c-42eb-bae0-fbe7a111ebd7,account_owner,true,2024-08-01T00:00:00,
6a9699dc-eba5-4045-9b96-91504f0cfe77:account_owner:user-6a9699dc-eba5-4045-9b96-91504f0cfe77,6a9699dc-eba5-4045-9b96-91504f0cfe77,user-6a9699dc-eba5-4045-9b96-91504f0cfe77,account_owner,true,2024-08-01T00:00:00,
3218db6b-84e5-453d-8de9-a966eecbacc6:account_owner:user-3218db6b-84e5-453d-8de9-a966eecbacc6,3218db6b-84e5-453d-8de9-a966eecbacc6,user-3218db6b-84e5-453d-8de9-a966eecbacc6,account_owner,true,2024-08-01T00:00:00,
cf1ff13a-ac47-45d6-92eb-1583ead19df6:account_owner:user-cf1ff13a-ac47-45d6-92eb-1583ead19df6,cf1ff13a-ac47-45d6-92eb-1583ead19df6,user-cf1ff13a-ac47-45d6-92eb-1583ead19df6,account_owner,true,2024-08-01T00:00:00,
0ea8c796-5c53-421e-9442-830bc190960b:account_owner:user-0ea8c796-5c53-421e-9442-830bc190960b,0ea8c796-5c53-421e-9442-830bc190960b,user-0ea8c796-5c53-421e-9442-830bc190960b,account_owner,true,2024-08-01T00:00:00,
6a7675ef-2c9d-4e2d-80c0-b5f38fffb6ea:account_owner:user-6a7675ef-2c9d-4e2d-80c0-b5f38fffb6ea,6a7675ef-2c9d-4e2d-80c0-b5f38fffb6ea,user-6a7675ef-2c9d-4e2d-80c0-b5f38fffb6ea,account_owner,true,2024-08-01T00:00:00,
4126c950-a88a-4305-895c-96d7e076897e:account_owner:user-4126c950-a88a-4305-895c-96d7e076897e,4126c950-a88a-4305-895c-96d7e076897e,user-4126c950-a88a-4305-895c-96d7e076897e,account_owner,true,2024-08-01T00:00:00,
8e5821f5-d035-421b-a56a-6ed02c100432:account_owner:user-8e5821f5-d035-421b-a56a-6ed02c100432,8e5821f5-d035-421b-a56a-6ed02c100432,user-8e5821f5-d035-421b-a56a-6ed02c100432,account_owner,true,2024-08-01T00:00:00,
d7290d30-60da-438f-a6f7-99a66828a1ba:account_owner:user-d7290d30-60da-438f-a6f7-99a66828a1ba,d7290d30-60da-438f-a6f7-99a66828a1ba,user-d7290d30-60da-438f-a6f7-99a66828a1ba,account_owner,true,2024-08-01T00:00:00,
3eaef1e6-c145-417b-875b-96a83a8a8dc8:account_owner:user-3eaef1e6-c145-417b-875b-96a83a8a8dc8,3eaef1e6-c145-417b-875b-96a83a8a8dc8,user-3eaef1e6-c145-417b-875b-96a83a8a8dc8,account_owner,true,2024-08-01T00:00:00,
187d49e0-634f-4e10-a10c-3b0be7408be0:account_owner:user-187d49e0-634f-4e10-a10c-3b0be7408be0,187d49e0-634f-4e10-a10c-3b0be7408be0,user-187d49e0-634f-4e10-a10c-3b0be7408be0,account_owner,true,2024-08-01T00:00:00,
36654075-c818-484d-aa9f-b6e8834b1bd5:account_owner:user-36654075-c818-484d-aa9f-b6e8834b1bd5,36654075-c818-484d-aa9f-b6e8834b1bd5,user-36654075-c818-484d-aa9f-b6e8834b1bd5,account_owner,true,2024-08-01T00:00:00,
7160f724-2528-4ac3-ba79-b6e99e6b8a01:account_owner:user-7160f724-2528-4ac3-ba79-b6e99e6b8a01,7160f724-2528-4ac3-ba79-b6e99e6b8a01,user-7160f724-2528-4ac3-ba79-b6e99e6b8a01,account_owner,true,2024-08-01T00:00:00,
1f2b91fc-75c1-4628-aec0-5cbebc88f0bf:account_owner:user-1f2b91fc-75c1-4628-aec0-5cbebc88f0bf,1f2b91fc-75c1-4628-aec0-5cbebc88f0bf,user-1f2b91fc-75c1-4628-aec0-5cbebc88f0bf,account_owner,true,2024-08-01T00:00:00,
63af441d-70c7-4c4e-b495-80b967849285:account_owner:user-63af441d-70c7-4c4e-b495-80b967849285,63af441d-70c7-4c4e-b495-80b967849285,user-63af441d-70c7-4c4e-b495-80b967849285,account_owner,true,2024-08-01T00:00:00,
eb16c915-257c-4e0d-8f75-ef88a49065b6:account_owner:user-eb16c915-257c-4e0d-8f75-ef88a49065b6,eb16c915-257c-4e0d-8f75-ef88a49065b6,user-eb16c915-257c-4e0d-8f75-ef88a49065b6,account_owner,true,2024-08-01T00:00:00,
9e22e2d2-ef3f-4b75-8aa0-f3ae453183e1:account_owner:user-9e22e2d2-ef3f-4b75-8aa0-f3ae453183e1,9e22e2d2-ef3f-4b75-8aa0-f3ae453183e1,user-9e22e2d2-ef3f-4b75-8aa0-f3ae453183e1,account_owner,true,2024-08-01T00:00:00,
05f69a50-2703-4591-a792-14e2e5994b43:account_owner:user-05f69a50-2703-4591-a792-14e2e5994b43,05f69a50-2703-4591-a792-14e2e5994b43,user-05f69a50-2703-4591-a792-14e2e5994b43,account_owner,true,2024-08-01T00:00:00,
31d39d83-97c5-4a86-8d98-c9ea5e4d6505:account_owner:user-31d39d83-97c5-4a86-8d98-c9ea5e4d6505,31d39d83-97c5-4a86-8d98-c9ea5e4d6505,user-31d39d83-97c5-4a86-8d98-c9ea5e4d6505,account_owner,true,2024-08-01T00:00:00,
a2ae6f2d-02bc-447f-9852-0d197780e7d4:account_owner:user-a2ae6f2d-02bc-447f-9852-0d197780e7d4,a2ae6f2d-02bc-447f-9852-0d197780e7d4,user-a2ae6f2d-02bc-447f-9852-0d197780e7d4,account_owner,true,2024-08-01T00:00:00,
672a02fc-236c-4c57-9ef9-218b783ce0e3:account_owner:user-672a02fc-236c-4c57-9ef9-218b783ce0e3,672a02fc-236c-4c57-9ef9-218b783ce0e3,user-672a02fc-236c-4c57-9ef9-218b783ce0e3,account_owner,true,2024-08-01T00:00:00,
c9d0d7ff-0b5c-4b60-ac5e-0389909cf62a:account_owner:user-c9d0d7ff-0b5c-4b60-ac5e-0389909cf62a,c9d0d7ff-0b5c-4b60-ac5e-0389909cf62a,user-c9d0d7ff-0b5c-4b60-ac5e-0389909cf62a,account_owner,true,2024-08-01T00:00:00,
caa8f40a-63c6-4789-87ad-05b99d694a15:account_owner:user-caa8f40a-63c6-4789-87ad-05b99d694a15,caa8f40a-63c6-4789-87ad-05b99d694a15,user-caa8f40a-63c6-4789-87ad-05b99d694a15,account_owner,true,2024-08-01T00:00:00,
a2053515-1d0d-41cb-a47d-485aed398e8b:account_owner:user-a2053515-1d0d-41cb-a47d-485aed398e8b,a2053515-1d0d-41cb-a47d-485aed398e8b,user-a2053515-1d0d-41cb-a47d-485aed398e8b,account_owner,true,2024-08-01T00:00:00,
85e030d5-7bbc-494b-baab-665c95549265:account_owner:user-85e030d5-7bbc-494b-baab-665c95549265,85e030d5-7bbc-494b-baab-665c95549265,user-85e030d5-7bbc-494b-baab-665c95549265,account_owner,true,2024-08-01T00:00:00,
e4adb740-2faa-44fc-bc18-4aa698032414:account_owner:user-e4adb740-2faa-44fc-bc18-4aa698032414,e4adb740-2faa-44fc-bc18-4aa698032414,user-e4adb740-2faa-44fc-bc18-4aa698032414,account_owner,true,2024-08-01T00:00:00,
8678daa5-37e5-4e54-8c81-551df8fb8c0a:account_owner:user-8678daa5-37e5-4e54-8c81-551df8fb8c0a,8678daa5-37e5-4e54-8c81-551df8fb8c0a,user-8678daa5-37e5-4e54-8c81-551df8fb8c0a,account_owner,true,2024-08-01T00:00:00,
4fc0f100-7ad9-49a8-9620-f0e3a0e42a80:account_owner:user-4fc0f100-7ad9-49a8-9620-f0e3a0e42a80,4fc0f100-7ad9-49a8-9620-f0e3a0e42a80,user-4fc0f100-7ad9-49a8-9620-f0e3a0e42a80,account_owner,true,2024-08-01T00:00:00,
6a49a618-20de-4b7a-af94-1b4afeb9a85e:account_owner:user-6a49a618-20de-4b7a-af94-1b4afeb9a85e,6a49a618-20de-4b7a-af94-1b4afeb9a85e,user-6a49a618-20de-4b7a-af94-1b4afeb9a85e,account_owner,true,2024-08-01T00:00:00,
d77ac8a9-6445-4f65-9a77-b0fb3abe853d:account_owner:user-d77ac8a9-6445-4f65-9a77-b0fb3abe853d,d77ac8a9-6445-4f65-9a77-b0fb3abe853d,user-d77ac8a9-6445-4f65-9a77-b0fb3abe853d,account_owner,true,2024-08-01T00:00:00,
27e89b40-f32c-4604-8a79-6d1613bde382:account_owner:user-27e89b40-f32c-4604-8a79-6d1613bde382,27e89b40-f32c-4604-8a79-6d1613bde382,user-27e89b40-f32c-4604-8a79-6d1613bde382,account_owner,true,2024-08-01T00:00:00,
fc41d86f-78f3-476a-882c-3eafc02d61f2:account_owner:user-fc41d86f-78f3-476a-882c-3eafc02d61f2,fc41d86f-78f3-476a-882c-3eafc02d61f2,user-fc41d86f-78f3-476a-882c-3eafc02d61f2,account_owner,true,2024-08-01T00:00:00,
d0299f60-146d-4716-bc55-eb830a04779e:account_owner:user-d0299f60-146d-4716-bc55-eb830a04779e,d0299f60-146d-4716-bc55-eb830a04779e,user-d0299f60-146d-4716-bc55-eb830a04779e,account_owner,true,2024-08-01T00:00:00,
3b5801eb-5e85-44e1-abb0-6e1879e5e0ac:account_owner:user-3b5801eb-5e85-44e1-abb0-6e1879e5e0ac,3b5801eb-5e85-44e1-abb0-6e1879e5e0ac,user-3b5801eb-5e85-44e1-abb0-6e1879e5e0ac,account_owner,true,2024-08-01T00:00:00,
63b6d2f8-4e38-4b4c-bf67-6651399b4453:account_owner:user-63b6d2f8-4e38-4b4c-bf67-6651399b4453,63b6d2f8-4e38-4b4c-bf67-6651399b4453,user-63b6d2f8-4e38-4b4c-bf67-6651399b4453,account_owner,true,2024-08-01T00:00:00,
d47fa6a3-60cc-4d46-8dc2-9b3fd5e43153:account_owner:user-d47fa6a3-60cc-4d46-8dc2-9b3fd5e43153,d47fa6a3-60cc-4d46-8dc2-9b3fd5e43153,user-d47fa6a3-60cc-4d46-8dc2-9b3fd5e43153,account_owner,true,2024-08-01T00:00:00,
aeea9d66-6c0a-4d7b-95ee-d3d25c66a5ac:account_owner:user-aeea9d66-6c0a-4d7b-95ee-d3d25c66a5ac,aeea9d66-6c0a-4d7b-95ee-d3d25c66a5ac,user-aeea9d66-6c0a-4d7b-95ee-d3d25c66a5ac,account_owner,true,2024-08-01T00:00:00,
a3d91be1-b5d9-4d3c-bdd8-ab49cd378f30:account_owner:user-a3d91be1-b5d9-4d3c-bdd8-ab49cd378f30,a3d91be1-b5d9-4d3c-bdd8-ab49cd378f30,user-a3d91be1-b5d9-4d3c-bdd8-ab49cd378f30,account_owner,true,2024-08-01T00:00:00,
8020c8de-2e83-4aae-8bd6-638db33f0978:account_owner:user-8020c8de-2e83-4aae-8bd6-638db33f0978,8020c8de-2e83-4aae-8bd6-638db33f0978,user-8020c8de-2e83-4aae-8bd6-638db33f0978,account_owner,true,2024-08-01T00:00:00,
f3abecde-d032-4605-876c-6373a9a9e65b:account_owner:user-f3abecde-d032-4605-876c-6373a9a9e65b,f3abecde-d032-4605-876c-6373a9a9e65b,user-f3abecde-d032-4605-876c-6373a9a9e65b,account_owner,true,2024-08-01T00:00:00,
35292459-521c-4d3a-a786-3b68116663fc:account_owner:user-35292459-521c-4d3a-a786-3b68116663fc,35292459-521c-4d3a-a786-3b68116663fc,user-35292459-521c-4d3a-a786-3b68116663fc,account_owner,true,2024-08-01T00:00:00,
b998f134-9c6e-4e5b-9a37-d0d9dbc72f85:account_owner:user-b998f134-9c6e-4e5b-9a37-d0d9dbc72f85,b998f134-9c6e-4e5b-9a37-d0d9dbc72f85,user-b998f134-9c6e-4e5b-9a37-d0d9dbc72f85,account_owner,true,2024-08-01T00:00:00,
dccd3e5d-2076-4fc6-aa79-87579e134ce1:account_owner:user-dccd3e5d-2076-4fc6-aa79-87579e134ce1,dccd3e5d-2076-4fc6-aa79-87579e134ce1,user-dccd3e5d-2076-4fc6-aa79-87579e134ce1,account_owner,true,2024-08-01T00:00:00,
0abcb3b4-7e1c-4638-a21c-af1df3702f27:account_owner:user-0abcb3b4-7e1c-4638-a21c-af1df3702f27,0abcb3b4-7e1c-4638-a21c-af1df3702f27,user-0abcb3b4-7e1c-4638-a21c-af1df3702f27,account_owner,true,2024-08-01T00:00:00,
2ef2eede-fcc3-4c79-a843-4f5ae828d591:account_owner:user-2ef2eede-fcc3-4c79-a843-4f5ae828d591,2ef2eede-fcc3-4c79-a843-4f5ae828d591,user-2ef2eede-fcc3-4c79-a843-4f5ae828d591,account_owner,true,2024-08-01T00:00:00,
1c4373e3-238c-46b7-83f5-6cf757228aba:account_owner:user-1c4373e3-238c-46b7-83f5-6cf757228aba,1c4373e3-238c-46b7-83f5-6cf757228aba,user-1c4373e3-238c-46b7-83f5-6cf757228aba,account_owner,true,2024-08-01T00:00:00,
b761dca2-f8ff-4709-b645-9b0591dfa353:account_owner:user-b761dca2-f8ff-4709-b645-9b0591dfa353,b761dca2-f8ff-4709-b645-9b0591dfa353,user-b761dca2-f8ff-4709-b645-9b0591dfa353,account_owner,true,2024-08-01T00:00:00,
98c7adf1-31bc-45c1-85fb-dbf53b4a53e2:account_owner:user-98c7adf1-31bc-45c1-85fb-dbf53b4a53e2,98c7adf1-31bc-45c1-85fb-dbf53b4a53e2,user-98c7adf1-31bc-45c1-85fb-dbf53b4a53e2,account_owner,true,2024-08-01T00:00:00,
6bb94756-3d64-40f4-9ecb-bc26ede41625:account_owner:user-6bb94756-3d64-40f4-9ecb-bc26ede41625,6bb94756-3d64-40f4-9ecb-bc26ede41625,user-6bb94756-3d64-40f4-9ecb-bc26ede41625,account_owner,true,2024-08-01T00:00:00,
efb0203d-c970-47ec-8644-2090a658224b:account_owner:user-efb0203d-c970-47ec-8644-2090a658224b,efb0203d-c970-47ec-8644-2090a658224b,user-efb0203d-c970-47ec-8644-2090a658224b,account_owner,true,2024-08-01T00:00:00,
6fcd3399-b9d5-4ab0-9d50-385be83fec9c:account_owner:user-6fcd3399-b9d5-4ab0-9d50-385be83fec9c,6fcd3399-b9d5-4ab0-9d50-385be83fec9c,user-6fcd3399-b9d5-4ab0-9d50-385be83fec9c,account_owner,true,2024-08-01T00:00:00,
7e7c62c1-b8a8-4e9a-ab94-81a82d76e3e5:account_owner:user-7e7c62c1-b8a8-4e9a-ab94-81a82d76e3e5,7e7c62c1-b8a8-4e9a-ab94-81a82d76e3e5,user-7e7c62c1-b8a8-4e9a-ab94-81a82d76e3e5,account_owner,true,2024-08-01T00:00:00,
bf32ccad-096c-457c-9147-6f220d46e227:account_owner:user-bf32ccad-096c-457c-9147-6f220d46e227,bf32ccad-096c-457c-9147-6f220d46e227,user-bf32ccad-096c-457c-9147-6f220d46e227,account_owner,true,2024-08-01T00:00:00,
5b4df518-7c6e-4957-8906-e33505acee31:account_owner:user-5b4df518-7c6e-4957-8906-e33505acee31,5b4df518-7c6e-4957-8906-e33505acee31,user-5b4df518-7c6e-4957-8906-e33505acee31,account_owner,true,2024-08-01T00:00:00,
212484cd-56e9-4934-ab9b-69d43228ee16:account_owner:user-212484cd-56e9-4934-ab9b-69d43228ee16,212484cd-56e9-4934-ab9b-69d43228ee16,user-212484cd-56e9-4934-ab9b-69d43228ee16,account_owner,true,2024-08-01T00:00:00,
1439dc05-4ab9-4995-90c7-d9437ae94f50:account_owner:user-1439dc05-4ab9-4995-90c7-d9437ae94f50,1439dc05-4ab9-4995-90c7-d9437ae94f50,user-1439dc05-4ab9-4995-90c7-d9437ae94f50,account_owner,true,2024-08-01T00:00:00,
91c5349a-5fb8-43b5-8af3-1b0018617bc3:account_owner:user-91c5349a-5fb8-43b5-8af3-1b0018617bc3,91c5349a-5fb8-43b5-8af3-1b0018617bc3,user-91c5349a-5fb8-43b5-8af3-1b0018617bc3,account_owner,true,2024-08-01T00:00:00,
e6debecd-a5cf-4ced-957e-7fb31720480c:account_owner:user-e6debecd-a5cf-4ced-957e-7fb31720480c,e6debecd-a5cf-4ced-957e-7fb31720480c,user-e6debecd-a5cf-4ced-957e-7fb31720480c,account_owner,true,2024-08-01T00:00:00,
c11308cb-8153-4e7b-9149-9b6b5c0aa137:account_owner:user-c11308cb-8153-4e7b-9149-9b6b5c0aa137,c11308cb-8153-4e7b-9149-9b6b5c0aa137,user-c11308cb-8153-4e7b-9149-9b6b5c0aa137,account_owner,true,2024-08-01T00:00:00,
7c0459a0-2d38-460e-8653-72aefbf15570:account_owner:user-7c0459a0-2d38-460e-8653-72aefbf15570,7c0459a0-2d38-460e-8653-72aefbf15570,user-7c0459a0-2d38-460e-8653-72aefbf15570,account_owner,true,2024-08-01T00:00:00,
43086963-8392-432e-84e0-ef1902202b4c:account_owner:user-43086963-8392-432e-84e0-ef1902202b4c,43086963-8392-432e-84e0-ef1902202b4c,user-43086963-8392-432e-84e0-ef1902202b4c,account_owner,true,2024-08-01T00:00:00,
d78e6e3f-3ff1-49b6-9dcb-129816aa0ecb:account_owner:user-d78e6e3f-3ff1-49b6-9dcb-129816aa0ecb,d78e6e3f-3ff1-49b6-9dcb-129816aa0ecb,user-d78e6e3f-3ff1-49b6-9dcb-129816aa0ecb,account_owner,true,2024-08-01T00:00:00,
2f76575f-2d85-40ca-8f3b-82b14debc678:account_owner:user-2f76575f-2d85-40ca-8f3b-82b14debc678,2f76575f-2d85-40ca-8f3b-82b14debc678,user-2f76575f-2d85-40ca-8f3b-82b14debc678,account_owner,true,2024-08-01T00:00:00,
fd12529b-56bd-40cf-a742-a90ad36add5e:account_owner:user-fd12529b-56bd-40cf-a742-a90ad36add5e,fd12529b-56bd-40cf-a742-a90ad36add5e,user-fd12529b-56bd-40cf-a742-a90ad36add5e,account_owner,true,2024-08-01T00:00:00,
6aff094b-52ed-46fe-8904-5752ec7e76ec:account_owner:user-6aff094b-52ed-46fe-8904-5752ec7e76ec,6aff094b-52ed-46fe-8904-5752ec7e76ec,user-6aff094b-52ed-46fe-8904-5752ec7e76ec,account_owner,true,2024-08-01T00:00:00,
fe21b6ad-ebab-42b3-b5ed-ad3529036009:account_owner:user-fe21b6ad-ebab-42b3-b5ed-ad3529036009,fe21b6ad-ebab-42b3-b5ed-ad3529036009,user-fe21b6ad-ebab-42b3-b5ed-ad3529036009,account_owner,true,2024-08-01T00:00:00,
77475cfc-c7a4-44fd-aa82-b68053aa7540:account_owner:user-77475cfc-c7a4-44fd-aa82-b68053aa7540,77475cfc-c7a4-44fd-aa82-b68053aa7540,user-77475cfc-c7a4-44fd-aa82-b68053aa7540,account_owner,true,2024-08-01T00:00:00,
2f0fa97b-f713-40a9-8e11-3e18580cd97b:account_owner:user-2f0fa97b-f713-40a9-8e11-3e18580cd97b,2f0fa97b-f713-40a9-8e11-3e18580cd97b,user-2f0fa97b-f713-40a9-8e11-3e18580cd97b,account_owner,true,2024-08-01T00:00:00,
ce8210c0-c537-4fd0-80ef-c3e8063b748a:account_owner:user-ce8210c0-c537-4fd0-80ef-c3e8063b748a,ce8210c0-c537-4fd0-80ef-c3e8063b748a,user-ce8210c0-c537-4fd0-80ef-c3e8063b748a,account_owner,true,2024-08-01T00:00:00,
2661b9e7-3b2c-40ea-b349-251363d10a4e:account_owner:user-2661b9e7-3b2c-40ea-b349-251363d10a4e,2661b9e7-3b2c-40ea-b349-251363d10a4e,user-2661b9e7-3b2c-40ea-b349-251363d10a4e,account_owner,true,2024-08-01T00:00:00,
d85d8387-2b7e-46a9-9f28-dad061a5fc01:account_owner:user-d85d8387-2b7e-46a9-9f28-dad061a5fc01,d85d8387-2b7e-46a9-9f28-dad061a5fc01,user-d85d8387-2b7e-46a9-9f28-dad061a5fc01,account_owner,true,2024-08-01T00:00:00,
8834bd0d-66fc-44cf-83bc-c787f024b078:account_owner:user-8834bd0d-66fc-44cf-83bc-c787f024b078,8834bd0d-66fc-44cf-83bc-c787f024b078,user-8834bd0d-66fc-44cf-83bc-c787f024b078,account_owner,true,2024-08-01T00:00:00,
8639eac0-9cd8-4fe5-9e10-8526a16018d1:account_owner:user-8639eac0-9cd8-4fe5-9e10-8526a16018d1,8639eac0-9cd8-4fe5-9e10-8526a16018d1,user-8639eac0-9cd8-4fe5-9e10-8526a16018d1,account_owner,true,2024-08-01T00:00:00,
4d481210-54e4-4e94-80f3-81ba408de5a5:account_owner:user-4d481210-54e4-4e94-80f3-81ba408de5a5,4d481210-54e4-4e94-80f3-81ba408de5a5,user-4d481210-54e4-4e94-80f3-81ba408de5a5,account_owner,true,2024-08-01T00:00:00,
8f34cf8e-4ab5-436b-b34d-d43e654c8d6b:account_owner:user-8f34cf8e-4ab5-436b-b34d-d43e654c8d6b,8f34cf8e-4ab5-436b-b34d-d43e654c8d6b,user-8f34cf8e-4ab5-436b-b34d-d43e654c8d6b,account_owner,true,2024-08-01T00:00:00,
6f1db361-6600-4690-8cd8-5520d4257b7f:account_owner:user-6f1db361-6600-4690-8cd8-5520d4257b7f,6f1db361-6600-4690-8cd8-5520d4257b7f,user-6f1db361-6600-4690-8cd8-5520d4257b7f,account_owner,true,2024-08-01T00:00:00,
582e9081-9542-4d02-9ed4-d41c93fa8b2c:account_owner:user-582e9081-9542-4d02-9ed4-d41c93fa8b2c,582e9081-9542-4d02-9ed4-d41c93fa8b2c,user-582e9081-9542-4d02-9ed4-d41c93fa8b2c,account_owner,true,2024-08-01T00:00:00,
5f22d013-c3f9-44a7-aeba-0975da12ffcc:account_owner:user-5f22d013-c3f9-44a7-aeba-0975da12ffcc,5f22d013-c3f9-44a7-aeba-0975da12ffcc,user-5f22d013-c3f9-44a7-aeba-0975da12ffcc,account_owner,true,2024-08-01T00:00:00,
c958448f-45d7-416d-a358-45098ec2a9da:account_owner:user-c958448f-45d7-416d-a358-45098ec2a9da,c958448f-45d7-416d-a358-45098ec2a9da,user-c958448f-45d7-416d-a358-45098ec2a9da,account_owner,true,2024-08-01T00:00:00,
9400a9f1-7dfe-440e-9992-ce7a2dd5b296:account_owner:user-9400a9f1-7dfe-440e-9992-ce7a2dd5b296,9400a9f1-7dfe-440e-9992-ce7a2dd5b296,user-9400a9f1-7dfe-440e-9992-ce7a2dd5b296,account_owner,true,2024-08-01T00:00:00,
1b221ed8-52ce-4d81-a181-c5317da12a7c:account_owner:user-1b221ed8-52ce-4d81-a181-c5317da12a7c,1b221ed8-52ce-4d81-a181-c5317da12a7c,user-1b221ed8-52ce-4d81-a181-c5317da12a7c,account_owner,true,2024-08-01T00:00:00,
49421d99-2baa-4a3f-bbff-4e4d4e0062aa:account_owner:user-49421d99-2baa-4a3f-bbff-4e4d4e0062aa,49421d99-2baa-4a3f-bbff-4e4d4e0062aa,user-49421d99-2baa-4a3f-bbff-4e4d4e0062aa,account_owner,true,2024-08-01T00:00:00,
f962820d-d110-4903-9fbd-86a2ba5a9687:account_owner:user-f962820d-d110-4903-9fbd-86a2ba5a9687,f962820d-d110-4903-9fbd-86a2ba5a9687,user-f962820d-d110-4903-9fbd-86a2ba5a9687,account_owner,true,2024-08-01T00:00:00,
f714d574-6aed-4017-952f-ff5bc4155939:account_owner:user-f714d574-6aed-4017-952f-ff5bc4155939,f714d574-6aed-4017-952f-ff5bc4155939,user-f714d574-6aed-4017-952f-ff5bc4155939,account_owner,true,2024-08-01T00:00:00,
cc1fc998-ac73-4d63-9bb0-03e1756e8d0d:account_owner:user-cc1fc998-ac73-4d63-9bb0-03e1756e8d0d,cc1fc998-ac73-4d63-9bb0-03e1756e8d0d,user-cc1fc998-ac73-4d63-9bb0-03e1756e8d0d,account_owner,true,2024-08-01T00:00:00,
f55982fc-a2f7-407d-b845-3b32df0463f7:account_owner:user-f55982fc-a2f7-407d-b845-3b32df0463f7,f55982fc-a2f7-407d-b845-3b32df0463f7,user-f55982fc-a2f7-407d-b845-3b32df0463f7,account_owner,true,2024-08-01T00:00:00,
254a6b6d-5dcb-4d20-88ce-e2e448935a93:account_owner:user-254a6b6d-5dcb-4d20-88ce-e2e448935a93,254a6b6d-5dcb-4d20-88ce-e2e448935a93,user-254a6b6d-5dcb-4d20-88ce-e2e448935a93,account_owner,true,2024-08-01T00:00:00,
c664111b-b80e-45ab-b2de-ee220ea29fbe:account_owner:user-c664111b-b80e-45ab-b2de-ee220ea29fbe,c664111b-b80e-45ab-b2de-ee220ea29fbe,user-c664111b-b80e-45ab-b2de-ee220ea29fbe,account_owner,true,2024-08-01T00:00:00,
49a68f77-776a-4b4b-b668-48e489f414ae:account_owner:user-49a68f77-776a-4b4b-b668-48e489f414ae,49a68f77-776a-4b4b-b668-48e489f414ae,user-49a68f77-776a-4b4b-b668-48e489f414ae,account_owner,true,2024-08-01T00:00:00,
6d83b2dd-2590-42ba-8d66-d65101b1a517:account_owner:user-6d83b2dd-2590-42ba-8d66-d65101b1a517,6d83b2dd-2590-42ba-8d66-d65101b1a517,user-6d83b2dd-2590-42ba-8d66-d65101b1a517,account_owner,true,2024-08-01T00:00:00,
1740f65f-2823-4d8a-9ff9-2bf6dfcddfb6:account_owner:user-1740f65f-2823-4d8a-9ff9-2bf6dfcddfb6,1740f65f-2823-4d8a-9ff9-2bf6dfcddfb6,user-1740f65f-2823-4d8a-9ff9-2bf6dfcddfb6,account_owner,true,2024-08-01T00:00:00,
6f80c5c6-04ed-4548-83b7-aee06e3700c4:account_owner:user-6f80c5c6-04ed-4548-83b7-aee06e3700c4,6f80c5c6-04ed-4548-83b7-aee06e3700c4,user-6f80c5c6-04ed-4548-83b7-aee06e3700c4,account_owner,true,2024-08-01T00:00:00,
779b7f09-bfd0-4ab7-a46f-9f6eecb13030:account_owner:user-779b7f09-bfd0-4ab7-a46f-9f6eecb13030,779b7f09-bfd0-4ab7-a46f-9f6eecb13030,user-779b7f09-bfd0-4ab7-a46f-9f6eecb13030,account_owner,true,2024-08-01T00:00:00,
9a689679-4c75-46ba-92d3-6b5b0c51a34a:account_owner:user-9a689679-4c75-46ba-92d3-6b5b0c51a34a,9a689679-4c75-46ba-92d3-6b5b0c51a34a,user-9a689679-4c75-46ba-92d3-6b5b0c51a34a,account_owner,true,2024-08-01T00:00:00,
a768163c-0781-430b-8703-ce1ce473c762:account_owner:user-a768163c-0781-430b-8703-ce1ce473c762,a768163c-0781-430b-8703-ce1ce473c762,user-a768163c-0781-430b-8703-ce1ce473c762,account_owner,true,2024-08-01T00:00:00,
ed79e1d1-f247-47da-b20f-17c6184db706:account_owner:user-ed79e1d1-f247-47da-b20f-17c6184db706,ed79e1d1-f247-47da-b20f-17c6184db706,user-ed79e1d1-f247-47da-b20f-17c6184db706,account_owner,true,2024-08-01T00:00:00,
758d0e66-e551-46a4-b8f9-0a98d7161e93:account_owner:user-758d0e66-e551-46a4-b8f9-0a98d7161e93,758d0e66-e551-46a4-b8f9-0a98d7161e93,user-758d0e66-e551-46a4-b8f9-0a98d7161e93,account_owner,true,2024-08-01T00:00:00,
1757e1cd-b99e-42a3-9e19-1b1305127836:account_owner:user-1757e1cd-b99e-42a3-9e19-1b1305127836,1757e1cd-b99e-42a3-9e19-1b1305127836,user-1757e1cd-b99e-42a3-9e19-1b1305127836,account_owner,true,2024-08-01T00:00:00,
40c889c0-2020-4661-bb9a-564950b1a262:account_owner:user-40c889c0-2020-4661-bb9a-564950b1a262,40c889c0-2020-4661-bb9a-564950b1a262,user-40c889c0-2020-4661-bb9a-564950b1a262,account_owner,true,2024-08-01T00:00:00,
b8cf5c4c-27e2-4106-9058-eb38559661e0:account_owner:user-b8cf5c4c-27e2-4106-9058-eb38559661e0,b8cf5c4c-27e2-4106-9058-eb38559661e0,user-b8cf5c4c-27e2-4106-9058-eb38559661e0,account_owner,true,2024-08-01T00:00:00,
7bb37398-522c-4b94-95aa-882d79ae2041:account_owner:user-7bb37398-522c-4b94-95aa-882d79ae2041,7bb37398-522c-4b94-95aa-882d79ae2041,user-7bb37398-522c-4b94-95aa-882d79ae2041,account_owner,true,2024-08-01T00:00:00,
670a79a3-05fc-4a33-8b9d-1b6df80347f4:account_owner:user-670a79a3-05fc-4a33-8b9d-1b6df80347f4,670a79a3-05fc-4a33-8b9d-1b6df80347f4,user-670a79a3-05fc-4a33-8b9d-1b6df80347f4,account_owner,true,2024-08-01T00:00:00,
c0a8be37-975c-4b34-8989-1eb846c63871:account_owner:user-c0a8be37-975c-4b34-8989-1eb846c63871,c0a8be37-975c-4b34-8989-1eb846c63871,user-c0a8be37-975c-4b34-8989-1eb846c63871,account_owner,true,2024-08-01T00:00:00,
5c3c91f4-9d48-426f-9862-e165bf8f616d:account_owner:user-5c3c91f4-9d48-426f-9862-e165bf8f616d,5c3c91f4-9d48-426f-9862-e165bf8f616d,user-5c3c91f4-9d48-426f-9862-e165bf8f616d,account_owner,true,2024-08-01T00:00:00,
7ea9b687-48e0-4f47-9245-7a3e02c88fec:account_owner:user-7ea9b687-48e0-4f47-9245-7a3e02c88fec,7ea9b687-48e0-4f47-9245-7a3e02c88fec,user-7ea9b687-48e0-4f47-9245-7a3e02c88fec,account_owner,true,2024-08-01T00:00:00,
6d622f69-5cf8-4eda-b7ff-4f57f0e66237:account_owner:user-6d622f69-5cf8-4eda-b7ff-4f57f0e66237,6d622f69-5cf8-4eda-b7ff-4f57f0e66237,user-6d622f69-5cf8-4eda-b7ff-4f57f0e66237,account_owner,true,2024-08-01T00:00:00,
7e394ed8-8aae-477f-9649-5d3e7f5658fb:account_owner:user-7e394ed8-8aae-477f-9649-5d3e7f5658fb,7e394ed8-8aae-477f-9649-5d3e7f5658fb,user-7e394ed8-8aae-477f-9649-5d3e7f5658fb,account_owner,true,2024-08-01T00:00:00,
95381466-0836-4fd0-b05c-e8ca6147a51f:account_owner:user-95381466-0836-4fd0-b05c-e8ca6147a51f,95381466-0836-4fd0-b05c-e8ca6147a51f,user-95381466-0836-4fd0-b05c-e8ca6147a51f,account_owner,true,2024-08-01T00:00:00,
3bcd90d3-7d42-4c9f-ad46-04d8af612206:account_owner:user-3bcd90d3-7d42-4c9f-ad46-04d8af612206,3bcd90d3-7d42-4c9f-ad46-04d8af612206,user-3bcd90d3-7d42-4c9f-ad46-04d8af612206,account_owner,true,2024-08-01T00:00:00,
6afcdfd4-7162-4241-9932-0cf1f3a2b6e7:account_owner:user-6afcdfd4-7162-4241-9932-0cf1f3a2b6e7,6afcdfd4-7162-4241-9932-0cf1f3a2b6e7,user-6afcdfd4-7162-4241-9932-0cf1f3a2b6e7,account_owner,true,2024-08-01T00:00:00,
07837268-1f07-43d7-a271-fa0ab4370eee:account_owner:user-07837268-1f07-43d7-a271-fa0ab4370eee,07837268-1f07-43d7-a271-fa0ab4370eee,user-07837268-1f07-43d7-a271-fa0ab4370eee,account_owner,true,2024-08-01T00:00:00,
84a120aa-c994-404e-9e74-8277a6f9eb4e:account_owner:user-84a120aa-c994-404e-9e74-8277a6f9eb4e,84a120aa-c994-404e-9e74-8277a6f9eb4e,user-84a120aa-c994-404e-9e74-8277a6f9eb4e,account_owner,true,2024-08-01T00:00:00,
17e24a9b-119c-4ea7-a53a-bb757c70ad0a:account_owner:user-17e24a9b-119c-4ea7-a53a-bb757c70ad0a,17e24a9b-119c-4ea7-a53a-bb757c70ad0a,user-17e24a9b-119c-4ea7-a53a-bb757c70ad0a,account_owner,true,2024-08-01T00:00:00,
cc9cb0b1-f5d5-4fbb-ae89-025a80fb57c1:account_owner:user-cc9cb0b1-f5d5-4fbb-ae89-025a80fb57c1,cc9cb0b1-f5d5-4fbb-ae89-025a80fb57c1,user-cc9cb0b1-f5d5-4fbb-ae89-025a80fb57c1,account_owner,true,2024-08-01T00:00:00,
7d4b9dcb-d4ff-42fa-9c58-5657c61f4954:account_owner:user-7d4b9dcb-d4ff-42fa-9c58-5657c61f4954,7d4b9dcb-d4ff-42fa-9c58-5657c61f4954,user-7d4b9dcb-d4ff-42fa-9c58-5657c61f4954,account_owner,true,2024-08-01T00:00:00,
6fb41f2c-72b6-4e3e-b896-89be93d85e5a:account_owner:user-6fb41f2c-72b6-4e3e-b896-89be93d85e5a,6fb41f2c-72b6-4e3e-b896-89be93d85e5a,user-6fb41f2c-72b6-4e3e-b896-89be93d85e5a,account_owner,true,2024-08-01T00:00:00,
33ab4667-4cdd-435a-875e-305ea36ebc4d:account_owner:user-33ab4667-4cdd-435a-875e-305ea36ebc4d,33ab4667-4cdd-435a-875e-305ea36ebc4d,user-33ab4667-4cdd-435a-875e-305ea36ebc4d,account_owner,true,2024-08-01T00:00:00,
a2effce6-3ad2-4811-940b-bbb5a4ad9b67:account_owner:user-a2effce6-3ad2-4811-940b-bbb5a4ad9b67,a2effce6-3ad2-4811-940b-bbb5a4ad9b67,user-a2effce6-3ad2-4811-940b-bbb5a4ad9b67,account_owner,true,2024-08-01T00:00:00,
f3c5c37f-bd98-40b6-8f8b-eeb75218bbed:account_owner:user-f3c5c37f-bd98-40b6-8f8b-eeb75218bbed,f3c5c37f-bd98-40b6-8f8b-eeb75218bbed,user-f3c5c37f-bd98-40b6-8f8b-eeb75218bbed,account_owner,true,2024-08-01T00:00:00,
249c5605-e2c1-49de-825b-aeef4ba19a9e:account_owner:user-249c5605-e2c1-49de-825b-aeef4ba19a9e,249c5605-e2c1-49de-825b-aeef4ba19a9e,user-249c5605-e2c1-49de-825b-aeef4ba19a9e,account_owner,true,2024-08-01T00:00:00,
87a00a98-1d65-4fba-92f9-41ac07bce2bd:account_owner:user-87a00a98-1d65-4fba-92f9-41ac07bce2bd,87a00a98-1d65-4fba-92f9-41ac07bce2bd,user-87a00a98-1d65-4fba-92f9-41ac07bce2bd,account_owner,true,2024-08-01T00:00:00,
aef5051b-ee62-4974-994d-fbb200c5f89c:account_owner:user-aef5051b-ee62-4974-994d-fbb200c5f89c,aef5051b-ee62-4974-994d-fbb200c5f89c,user-aef5051b-ee62-4974-994d-fbb200c5f89c,account_owner,true,2024-08-01T00:00:00,
21c61b96-d053-45f3-9730-c3483fe288d2:account_owner:user-21c61b96-d053-45f3-9730-c3483fe288d2,21c61b96-d053-45f3-9730-c3483fe288d2,user-21c61b96-d053-45f3-9730-c3483fe288d2,account_owner,true,2024-08-01T00:00:00,
aa006c1b-6b97-4f02-99a9-57923d13eb8f:account_owner:user-aa006c1b-6b97-4f02-99a9-57923d13eb8f,aa006c1b-6b97-4f02-99a9-57923d13eb8f,user-aa006c1b-6b97-4f02-99a9-57923d13eb8f,account_owner,true,2024-08-01T00:00:00,
bbe44e0a-dc83-4c13-a357-89d0c4f06f29:account_owner:user-bbe44e0a-dc83-4c13-a357-89d0c4f06f29,bbe44e0a-dc83-4c13-a357-89d0c4f06f29,user-bbe44e0a-dc83-4c13-a357-89d0c4f06f29,account_owner,true,2024-08-01T00:00:00,
cd67e795-f5fa-470f-9a4f-4060d5951279:account_owner:user-cd67e795-f5fa-470f-9a4f-4060d5951279,cd67e795-f5fa-470f-9a4f-4060d5951279,user-cd67e795-f5fa-470f-9a4f-4060d5951279,account_owner,true,2024-08-01T00:00:00,
2444fa55-4e76-4e0e-8880-6ccb037e3479:account_owner:user-2444fa55-4e76-4e0e-8880-6ccb037e3479,2444fa55-4e76-4e0e-8880-6ccb037e3479,user-2444fa55-4e76-4e0e-8880-6ccb037e3479,account_owner,true,2024-08-01T00:00:00,
adc6b3eb-08c6-47a0-a6ce-19384284547a:account_owner:user-adc6b3eb-08c6-47a0-a6ce-19384284547a,adc6b3eb-08c6-47a0-a6ce-19384284547a,user-adc6b3eb-08c6-47a0-a6ce-19384284547a,account_owner,true,2024-08-01T00:00:00,
c3f68ead-12e5-4a95-9f20-2c9529a5f08b:account_owner:user-c3f68ead-12e5-4a95-9f20-2c9529a5f08b,c3f68ead-12e5-4a95-9f20-2c9529a5f08b,user-c3f68ead-12e5-4a95-9f20-2c9529a5f08b,account_owner,true,2024-08-01T00:00:00,
2fac4408-7728-454c-94d8-16b7262380b0:account_owner:user-2fac4408-7728-454c-94d8-16b7262380b0,2fac4408-7728-454c-94d8-16b7262380b0,user-2fac4408-7728-454c-94d8-16b7262380b0,account_owner,true,2024-08-01T00:00:00,
5a056723-8fb6-4708-ba04-edc4e2854e74:account_owner:user-5a056723-8fb6-4708-ba04-edc4e2854e74,5a056723-8fb6-4708-ba04-edc4e2854e74,user-5a056723-8fb6-4708-ba04-edc4e2854e74,account_owner,true,2024-08-01T00:00:00,
6f595044-c1c1-4b1b-8b9a-6ba836a7d845:account_owner:user-6f595044-c1c1-4b1b-8b9a-6ba836a7d845,6f595044-c1c1-4b1b-8b9a-6ba836a7d845,user-6f595044-c1c1-4b1b-8b9a-6ba836a7d845,account_owner,true,2024-08-01T00:00:00,
8d5fa184-5966-49ce-b3e7-4acfaba98bfd:account_owner:user-8d5fa184-5966-49ce-b3e7-4acfaba98bfd,8d5fa184-5966-49ce-b3e7-4acfaba98bfd,user-8d5fa184-5966-49ce-b3e7-4acfaba98bfd,account_owner,true,2024-08-01T00:00:00,
3785fc7c-35aa-4e40-b620-f54b10e8a832:account_owner:user-3785fc7c-35aa-4e40-b620-f54b10e8a832,3785fc7c-35aa-4e40-b620-f54b10e8a832,user-3785fc7c-35aa-4e40-b620-f54b10e8a832,account_owner,true,2024-08-01T00:00:00,
436ca6dd-1cc3-4ff0-986c-eabb97606b9b:account_owner:user-436ca6dd-1cc3-4ff0-986c-eabb97606b9b,436ca6dd-1cc3-4ff0-986c-eabb97606b9b,user-436ca6dd-1cc3-4ff0-986c-eabb97606b9b,account_owner,true,2024-08-01T00:00:00,
64e25b29-1b93-4db3-a929-7fb7183288be:account_owner:user-64e25b29-1b93-4db3-a929-7fb7183288be,64e25b29-1b93-4db3-a929-7fb7183288be,user-64e25b29-1b93-4db3-a929-7fb7183288be,account_owner,true,2024-08-01T00:00:00,
4a0fcf58-3784-4070-96a6-0925fc23e36f:account_owner:user-4a0fcf58-3784-4070-96a6-0925fc23e36f,4a0fcf58-3784-4070-96a6-0925fc23e36f,user-4a0fcf58-3784-4070-96a6-0925fc23e36f,account_owner,true,2024-08-01T00:00:00,
e94d8a6e-9b23-411a-baf2-75f02c42d8cb:account_owner:user-e94d8a6e-9b23-411a-baf2-75f02c42d8cb,e94d8a6e-9b23-411a-baf2-75f02c42d8cb,user-e94d8a6e-9b23-411a-baf2-75f02c42d8cb,account_owner,true,2024-08-01T00:00:00,
8c5628d0-6d15-4a6d-80f2-9c723e39ba83:account_owner:user-8c5628d0-6d15-4a6d-80f2-9c723e39ba83,8c5628d0-6d15-4a6d-80f2-9c723e39ba83,user-8c5628d0-6d15-4a6d-80f2-9c723e39ba83,account_owner,true,2024-08-01T00:00:00,
7eaca096-c253-48ee-936a-8ea930759d59:account_owner:user-7eaca096-c253-48ee-936a-8ea930759d59,7eaca096-c253-48ee-936a-8ea930759d59,user-7eaca096-c253-48ee-936a-8ea930759d59,account_owner,true,2024-08-01T00:00:00,
e648e7c1-b5f5-4d67-b78c-7d41956f4eaf:account_owner:user-e648e7c1-b5f5-4d67-b78c-7d41956f4eaf,e648e7c1-b5f5-4d67-b78c-7d41956f4eaf,user-e648e7c1-b5f5-4d67-b78c-7d41956f4eaf,account_owner,true,2024-08-01T00:00:00,
ed5f2f3e-8bef-4da7-b30c-90c3fa5f40ea:account_owner:user-ed5f2f3e-8bef-4da7-b30c-90c3fa5f40ea,ed5f2f3e-8bef-4da7-b30c-90c3fa5f40ea,user-ed5f2f3e-8bef-4da7-b30c-90c3fa5f40ea,account_owner,true,2024-08-01T00:00:00,
cd709ef0-753a-4968-b981-ab264708b37a:account_owner:user-cd709ef0-753a-4968-b981-ab264708b37a,cd709ef0-753a-4968-b981-ab264708b37a,user-cd709ef0-753a-4968-b981-ab264708b37a,account_owner,true,2024-08-01T00:00:00,
72ad36e6-90e5-4d1f-8978-44a18ed7d4e0:account_owner:user-72ad36e6-90e5-4d1f-8978-44a18ed7d4e0,72ad36e6-90e5-4d1f-8978-44a18ed7d4e0,user-72ad36e6-90e5-4d1f-8978-44a18ed7d4e0,account_owner,true,2024-08-01T00:00:00,
b8edba64-3db4-4841-8f8d-dc00dce6fb67:account_owner:user-b8edba64-3db4-4841-8f8d-dc00dce6fb67,b8edba64-3db4-4841-8f8d-dc00dce6fb67,user-b8edba64-3db4-4841-8f8d-dc00dce6fb67,account_owner,true,2024-08-01T00:00:00,
7b4010bf-8e77-489c-83e9-0056299e9429:account_owner:user-7b4010bf-8e77-489c-83e9-0056299e9429,7b4010bf-8e77-489c-83e9-0056299e9429,user-7b4010bf-8e77-489c-83e9-0056299e9429,account_owner,true,2024-08-01T00:00:00,
446153de-73e0-4d85-a593-2c3ae8664564:account_owner:user-446153de-73e0-4d85-a593-2c3ae8664564,446153de-73e0-4d85-a593-2c3ae8664564,user-446153de-73e0-4d85-a593-2c3ae8664564,account_owner,true,2024-08-01T00:00:00,
5a2b4f14-e7ac-4b3a-bf58-688bca696e5f:account_owner:user-5a2b4f14-e7ac-4b3a-bf58-688bca696e5f,5a2b4f14-e7ac-4b3a-bf58-688bca696e5f,user-5a2b4f14-e7ac-4b3a-bf58-688bca696e5f,account_owner,true,2024-08-01T00:00:00,
10687c1c-9437-400c-a604-0e19882c65e1:account_owner:user-10687c1c-9437-400c-a604-0e19882c65e1,10687c1c-9437-400c-a604-0e19882c65e1,user-10687c1c-9437-400c-a604-0e19882c65e1,account_owner,true,2024-08-01T00:00:00,
03710ca1-feb1-4206-bd26-3bb8e6a1dac2:account_owner:user-03710ca1-feb1-4206-bd26-3bb8e6a1dac2,03710ca1-feb1-4206-bd26-3bb8e6a1dac2,user-03710ca1-feb1-4206-bd26-3bb8e6a1dac2,account_owner,true,2024-08-01T00:00:00,
153f6ea8-c8e7-4bfb-8273-72ac137733ea:account_owner:user-153f6ea8-c8e7-4bfb-8273-72ac137733ea,153f6ea8-c8e7-4bfb-8273-72ac137733ea,user-153f6ea8-c8e7-4bfb-8273-72ac137733ea,account_owner,true,2024-08-01T00:00:00,
6cb96ee5-043d-47e6-a79a-67e7b0fa034e:account_owner:user-6cb96ee5-043d-47e6-a79a-67e7b0fa034e,6cb96ee5-043d-47e6-a79a-67e7b0fa034e,user-6cb96ee5-043d-47e6-a79a-67e7b0fa034e,account_owner,true,2024-08-01T00:00:00,
67d2941c-ef55-4f74-9994-431a09ee14db:account_owner:user-67d2941c-ef55-4f74-9994-431a09ee14db,67d2941c-ef55-4f74-9994-431a09ee14db,user-67d2941c-ef55-4f74-9994-431a09ee14db,account_owner,true,2024-08-01T00:00:00,
afdabd06-a2b4-497a-93b8-7bcf582b5d3b:account_owner:user-afdabd06-a2b4-497a-93b8-7bcf582b5d3b,afdabd06-a2b4-497a-93b8-7bcf582b5d3b,user-afdabd06-a2b4-497a-93b8-7bcf582b5d3b,account_owner,true,2024-08-01T00:00:00,
0bc37503-ab88-4833-9b4e-1355bdd20deb:account_owner:user-0bc37503-ab88-4833-9b4e-1355bdd20deb,0bc37503-ab88-4833-9b4e-1355bdd20deb,user-0bc37503-ab88-4833-9b4e-1355bdd20deb,account_owner,true,2024-08-01T00:00:00,
b43ea9dd-823e-4930-9110-31ea0eaa05f3:account_owner:user-b43ea9dd-823e-4930-9110-31ea0eaa05f3,b43ea9dd-823e-4930-9110-31ea0eaa05f3,user-b43ea9dd-823e-4930-9110-31ea0eaa05f3,account_owner,true,2024-08-01T00:00:00,
f9f4d7f7-6884-4f0c-88d9-0d3432a666ca:account_owner:user-f9f4d7f7-6884-4f0c-88d9-0d3432a666ca,f9f4d7f7-6884-4f0c-88d9-0d3432a666ca,user-f9f4d7f7-6884-4f0c-88d9-0d3432a666ca,account_owner,true,2024-08-01T00:00:00,
07571aa5-5581-4cf0-9a68-006051f37c8c:account_owner:user-07571aa5-5581-4cf0-9a68-006051f37c8c,07571aa5-5581-4cf0-9a68-006051f37c8c,user-07571aa5-5581-4cf0-9a68-006051f37c8c,account_owner,true,2024-08-01T00:00:00,
71f1cea1-588b-47f5-93c3-4e649541a9e4:account_owner:user-71f1cea1-588b-47f5-93c3-4e649541a9e4,71f1cea1-588b-47f5-93c3-4e649541a9e4,user-71f1cea1-588b-47f5-93c3-4e649541a9e4,account_owner,true,2024-08-01T00:00:00,
6ffc9798-2bb6-43ca-823b-e9dda0935299:account_owner:user-6ffc9798-2bb6-43ca-823b-e9dda0935299,6ffc9798-2bb6-43ca-823b-e9dda0935299,user-6ffc9798-2bb6-43ca-823b-e9dda0935299,account_owner,true,2024-08-01T00:00:00,
1991aaf6-d1b3-45f3-a33b-7a9174d18f8b:account_owner:user-1991aaf6-d1b3-45f3-a33b-7a9174d18f8b,1991aaf6-d1b3-45f3-a33b-7a9174d18f8b,user-1991aaf6-d1b3-45f3-a33b-7a9174d18f8b,account_owner,true,2024-08-01T00:00:00,
86fb0f27-e52e-40a4-8499-5f1610574213:account_owner:user-86fb0f27-e52e-40a4-8499-5f1610574213,86fb0f27-e52e-40a4-8499-5f1610574213,user-86fb0f27-e52e-40a4-8499-5f1610574213,account_owner,true,2024-08-01T00:00:00,
2e1fd151-264e-4a4a-8584-733dd5da3152:account_owner:user-2e1fd151-264e-4a4a-8584-733dd5da3152,2e1fd151-264e-4a4a-8584-733dd5da3152,user-2e1fd151-264e-4a4a-8584-733dd5da3152,account_owner,true,2024-08-01T00:00:00,
8f4f1f50-62c9-4870-bf5b-bdcd357f8ad7:account_owner:user-8f4f1f50-62c9-4870-bf5b-bdcd357f8ad7,8f4f1f50-62c9-4870-bf5b-bdcd357f8ad7,user-8f4f1f50-62c9-4870-bf5b-bdcd357f8ad7,account_owner,true,2024-08-01T00:00:00,
37601558-3b79-4200-800f-fc03a28a5ec7:account_owner:user-37601558-3b79-4200-800f-fc03a28a5ec7,37601558-3b79-4200-800f-fc03a28a5ec7,user-37601558-3b79-4200-800f-fc03a28a5ec7,account_owner,true,2024-08-01T00:00:00,
f03fb49f-283d-405e-bf8d-52046ca6e77d:account_owner:user-f03fb49f-283d-405e-bf8d-52046ca6e77d,f03fb49f-283d-405e-bf8d-52046ca6e77d,user-f03fb49f-283d-405e-bf8d-52046ca6e77d,account_owner,true,2024-08-01T00:00:00,
f14bcc19-681e-43a6-94e0-9748a8455850:account_owner:user-f14bcc19-681e-43a6-94e0-9748a8455850,f14bcc19-681e-43a6-94e0-9748a8455850,user-f14bcc19-681e-43a6-94e0-9748a8455850,account_owner,true,2024-08-01T00:00:00,
bd081d89-0320-4774-bb4c-798b6e253b0e:account_owner:user-bd081d89-0320-4774-bb4c-798b6e253b0e,bd081d89-0320-4774-bb4c-798b6e253b0e,user-bd081d89-0320-4774-bb4c-798b6e253b0e,account_owner,true,2024-08-01T00:00:00,
27133460-80a8-449a-b422-65bfe97af456:account_owner:user-27133460-80a8-449a-b422-65bfe97af456,27133460-80a8-449a-b422-65bfe97af456,user-27133460-80a8-449a-b422-65bfe97af456,account_owner,true,2024-08-01T00:00:00,
ab13dd68-d82a-4dbe-b352-0f4df96ff5e3:account_owner:user-ab13dd68-d82a-4dbe-b352-0f4df96ff5e3,ab13dd68-d82a-4dbe-b352-0f4df96ff5e3,user-ab13dd68-d82a-4dbe-b352-0f4df96ff5e3,account_owner,true,2024-08-01T00:00:00,
bd72d373-2261-4193-bee7-41d3bfd08ef1:account_owner:user-bd72d373-2261-4193-bee7-41d3bfd08ef1,bd72d373-2261-4193-bee7-41d3bfd08ef1,user-bd72d373-2261-4193-bee7-41d3bfd08ef1,account_owner,true,2024-08-01T00:00:00,
b4624db2-8aba-4c57-a0f7-0f5cb8bf0a04:account_owner:user-b4624db2-8aba-4c57-a0f7-0f5cb8bf0a04,b4624db2-8aba-4c57-a0f7-0f5cb8bf0a04,user-b4624db2-8aba-4c57-a0f7-0f5cb8bf0a04,account_owner,true,2024-08-01T00:00:00,
8cf43099-d49e-4e95-8b08-3d61df8b947f:account_owner:user-8cf43099-d49e-4e95-8b08-3d61df8b947f,8cf43099-d49e-4e95-8b08-3d61df8b947f,user-8cf43099-d49e-4e95-8b08-3d61df8b947f,account_owner,true,2024-08-01T00:00:00,
625c6012-3c16-4c27-ab0c-a8512e488ad7:account_owner:user-625c6012-3c16-4c27-ab0c-a8512e488ad7,625c6012-3c16-4c27-ab0c-a8512e488ad7,user-625c6012-3c16-4c27-ab0c-a8512e488ad7,account_owner,true,2024-08-01T00:00:00,
0e105436-465e-4326-94d3-f6a0e7051725:account_owner:user-0e105436-465e-4326-94d3-f6a0e7051725,0e105436-465e-4326-94d3-f6a0e7051725,user-0e105436-465e-4326-94d3-f6a0e7051725,account_owner,true,2024-08-01T00:00:00,
32927010-1d7d-4cd9-a500-593804ff0e77:account_owner:user-32927010-1d7d-4cd9-a500-593804ff0e77,32927010-1d7d-4cd9-a500-593804ff0e77,user-32927010-1d7d-4cd9-a500-593804ff0e77,account_owner,true,2024-08-01T00:00:00,
0b7ba743-6819-4540-8542-b7fa14bd996d:account_owner:user-0b7ba743-6819-4540-8542-b7fa14bd996d,0b7ba743-6819-4540-8542-b7fa14bd996d,user-0b7ba743-6819-4540-8542-b7fa14bd996d,account_owner,true,2024-08-01T00:00:00,
fa5ae382-e7ab-4d94-bdfc-7d689bc335ab:account_owner:user-fa5ae382-e7ab-4d94-bdfc-7d689bc335ab,fa5ae382-e7ab-4d94-bdfc-7d689bc335ab,user-fa5ae382-e7ab-4d94-bdfc-7d689bc335ab,account_owner,true,2024-08-01T00:00:00,
62e44a82-c99b-4d04-9abb-f6a2eb97c7ec:account_owner:user-62e44a82-c99b-4d04-9abb-f6a2eb97c7ec,62e44a82-c99b-4d04-9abb-f6a2eb97c7ec,user-62e44a82-c99b-4d04-9abb-f6a2eb97c7ec,account_owner,true,2024-08-01T00:00:00,
758b4602-0ce0-440a-9584-ad59ce4216ad:account_owner:user-758b4602-0ce0-440a-9584-ad59ce4216ad,758b4602-0ce0-440a-9584-ad59ce4216ad,user-758b4602-0ce0-440a-9584-ad59ce4216ad,account_owner,true,2024-08-01T00:00:00,
920c0197-3c76-4cb7-90f7-b1a687043563:account_owner:user-920c0197-3c76-4cb7-90f7-b1a687043563,920c0197-3c76-4cb7-90f7-b1a687043563,user-920c0197-3c76-4cb7-90f7-b1a687043563,account_owner,true,2024-08-01T00:00:00,
4675a031-3216-463d-8c4d-42ea1283bd56:account_owner:user-4675a031-3216-463d-8c4d-42ea1283bd56,4675a031-3216-463d-8c4d-42ea1283bd56,user-4675a031-3216-463d-8c4d-42ea1283bd56,account_owner,true,2024-08-01T00:00:00,
a5066e8e-de65-4798-9ed5-f6cae5f86031:account_owner:user-a5066e8e-de65-4798-9ed5-f6cae5f86031,a5066e8e-de65-4798-9ed5-f6cae5f86031,user-a5066e8e-de65-4798-9ed5-f6cae5f86031,account_owner,true,2024-08-01T00:00:00,
99908d5f-92b2-4e74-812d-8fbf41ddc894:account_owner:user-99908d5f-92b2-4e74-812d-8fbf41ddc894,99908d5f-92b2-4e74-812d-8fbf41ddc894,user-99908d5f-92b2-4e74-812d-8fbf41ddc894,account_owner,true,2024-08-01T00:00:00,
c404f9e5-cfcd-428e-8459-c1e1fd0d586b:account_owner:user-c404f9e5-cfcd-428e-8459-c1e1fd0d586b,c404f9e5-cfcd-428e-8459-c1e1fd0d586b,user-c404f9e5-cfcd-428e-8459-c1e1fd0d586b,account_owner,true,2024-08-01T00:00:00,
902c8ddc-8ba2-42a6-b380-4afc64f50ffc:account_owner:user-902c8ddc-8ba2-42a6-b380-4afc64f50ffc,902c8ddc-8ba2-42a6-b380-4afc64f50ffc,user-902c8ddc-8ba2-42a6-b380-4afc64f50ffc,account_owner,true,2024-08-01T00:00:00,
376d586e-00b0-4a49-9695-ddac46fb337e:account_owner:user-376d586e-00b0-4a49-9695-ddac46fb337e,376d586e-00b0-4a49-9695-ddac46fb337e,user-376d586e-00b0-4a49-9695-ddac46fb337e,account_owner,true,2024-08-01T00:00:00,
89a5d615-2bb0-4843-8177-90bf7f452bfe:account_owner:user-89a5d615-2bb0-4843-8177-90bf7f452bfe,89a5d615-2bb0-4843-8177-90bf7f452bfe,user-89a5d615-2bb0-4843-8177-90bf7f452bfe,account_owner,true,2024-08-01T00:00:00,
8f9052f4-d761-416e-8b74-a71f640df0d7:account_owner:user-8f9052f4-d761-416e-8b74-a71f640df0d7,8f9052f4-d761-416e-8b74-a71f640df0d7,user-8f9052f4-d761-416e-8b74-a71f640df0d7,account_owner,true,2024-08-01T00:00:00,
359c05d0-e19d-463d-b3b4-43a0b4a3810f:account_owner:user-359c05d0-e19d-463d-b3b4-43a0b4a3810f,359c05d0-e19d-463d-b3b4-43a0b4a3810f,user-359c05d0-e19d-463d-b3b4-43a0b4a3810f,account_owner,true,2024-08-01T00:00:00,
fa7960f6-2060-4fc8-a154-148e0c543e8a:account_owner:user-fa7960f6-2060-4fc8-a154-148e0c543e8a,fa7960f6-2060-4fc8-a154-148e0c543e8a,user-fa7960f6-2060-4fc8-a154-148e0c543e8a,account_owner,true,2024-08-01T00:00:00,
11498734-cebc-4784-a055-6bd08a18f1dc:account_owner:user-11498734-cebc-4784-a055-6bd08a18f1dc,11498734-cebc-4784-a055-6bd08a18f1dc,user-11498734-cebc-4784-a055-6bd08a18f1dc,account_owner,true,2024-08-01T00:00:00,
33d208d7-91f2-4d70-9f75-c1bf87481c15:account_owner:user-33d208d7-91f2-4d70-9f75-c1bf87481c15,33d208d7-91f2-4d70-9f75-c1bf87481c15,user-33d208d7-91f2-4d70-9f75-c1bf87481c15,account_owner,true,2024-08-01T00:00:00,
848bb1e9-3367-4758-8f73-e886fadfadab:account_owner:user-848bb1e9-3367-4758-8f73-e886fadfadab,848bb1e9-3367-4758-8f73-e886fadfadab,user-848bb1e9-3367-4758-8f73-e886fadfadab,account_owner,true,2024-08-01T00:00:00,
45233069-2809-4274-b243-98792794b3e9:account_owner:user-45233069-2809-4274-b243-98792794b3e9,45233069-2809-4274-b243-98792794b3e9,user-45233069-2809-4274-b243-98792794b3e9,account_owner,true,2024-08-01T00:00:00,
5b16d3ac-510a-4143-8a0a-785ce783f3d8:account_owner:user-5b16d3ac-510a-4143-8a0a-785ce783f3d8,5b16d3ac-510a-4143-8a0a-785ce783f3d8,user-5b16d3ac-510a-4143-8a0a-785ce783f3d8,account_owner,true,2024-08-01T00:00:00,
5dbe3a93-bfd1-48f7-8040-dacc81b641f3:account_owner:user-5dbe3a93-bfd1-48f7-8040-dacc81b641f3,5dbe3a93-bfd1-48f7-8040-dacc81b641f3,user-5dbe3a93-bfd1-48f7-8040-dacc81b641f3,account_owner,true,2024-08-01T00:00:00,
f0496969-2829-4c93-834d-07ef9042cd86:account_owner:user-f0496969-2829-4c93-834d-07ef9042cd86,f0496969-2829-4c93-834d-07ef9042cd86,user-f0496969-2829-4c93-834d-07ef9042cd86,account_owner,true,2024-08-01T00:00:00,
70a0c69e-1bf5-4805-bf9c-4714e193f75d:account_owner:user-70a0c69e-1bf5-4805-bf9c-4714e193f75d,70a0c69e-1bf5-4805-bf9c-4714e193f75d,user-70a0c69e-1bf5-4805-bf9c-4714e193f75d,account_owner,true,2024-08-01T00:00:00,
b6b6f9ac-f08b-4ef6-8e52-a2c0bb49b17d:account_owner:user-b6b6f9ac-f08b-4ef6-8e52-a2c0bb49b17d,b6b6f9ac-f08b-4ef6-8e52-a2c0bb49b17d,user-b6b6f9ac-f08b-4ef6-8e52-a2c0bb49b17d,account_owner,true,2024-08-01T00:00:00,
0855291e-0a0d-4e17-931b-beabbc173f85:account_owner:user-0855291e-0a0d-4e17-931b-beabbc173f85,0855291e-0a0d-4e17-931b-beabbc173f85,user-0855291e-0a0d-4e17-931b-beabbc173f85,account_owner,true,2024-08-01T00:00:00,
50fb8eb8-955f-41ca-ab6a-faaff8141652:account_owner:user-50fb8eb8-955f-41ca-ab6a-faaff8141652,50fb8eb8-955f-41ca-ab6a-faaff8141652,user-50fb8eb8-955f-41ca-ab6a-faaff8141652,account_owner,true,2024-08-01T00:00:00,
661d2fc6-9fa2-4c79-9d19-44c73cb68448:account_owner:user-661d2fc6-9fa2-4c79-9d19-44c73cb68448,661d2fc6-9fa2-4c79-9d19-44c73cb68448,user-661d2fc6-9fa2-4c79-9d19-44c73cb68448,account_owner,true,2024-08-01T00:00:00,
bcff2252-fa4f-4a03-88eb-6ff7b0e010a0:account_owner:user-bcff2252-fa4f-4a03-88eb-6ff7b0e010a0,bcff2252-fa4f-4a03-88eb-6ff7b0e010a0,user-bcff2252-fa4f-4a03-88eb-6ff7b0e010a0,account_owner,true,2024-08-01T00:00:00,
4ba2a669-8d0b-4aef-96c0-aae24b7711ff:account_owner:user-4ba2a669-8d0b-4aef-96c0-aae24b7711ff,4ba2a669-8d0b-4aef-96c0-aae24b7711ff,user-4ba2a669-8d0b-4aef-96c0-aae24b7711ff,account_owner,true,2024-08-01T00:00:00,
f1c1c41c-e3ac-4d0f-9604-06a648c54aa4:account_owner:user-f1c1c41c-e3ac-4d0f-9604-06a648c54aa4,f1c1c41c-e3ac-4d0f-9604-06a648c54aa4,user-f1c1c41c-e3ac-4d0f-9604-06a648c54aa4,account_owner,true,2024-08-01T00:00:00,
0ed041f5-3d65-4f50-b23e-849b527ee107:account_owner:user-0ed041f5-3d65-4f50-b23e-849b527ee107,0ed041f5-3d65-4f50-b23e-849b527ee107,user-0ed041f5-3d65-4f50-b23e-849b527ee107,account_owner,true,2024-08-01T00:00:00,
01450c81-3eae-4663-a704-f91c175e17f0:account_owner:user-01450c81-3eae-4663-a704-f91c175e17f0,01450c81-3eae-4663-a704-f91c175e17f0,user-01450c81-3eae-4663-a704-f91c175e17f0,account_owner,true,2024-08-01T00:00:00,
5948da4d-8a3d-4122-9885-6f62f017c7b2:account_owner:user-5948da4d-8a3d-4122-9885-6f62f017c7b2,5948da4d-8a3d-4122-9885-6f62f017c7b2,user-5948da4d-8a3d-4122-9885-6f62f017c7b2,account_owner,true,2024-08-01T00:00:00,
67f25b4e-183c-4a43-9227-09966e445b42:account_owner:user-67f25b4e-183c-4a43-9227-09966e445b42,67f25b4e-183c-4a43-9227-09966e445b42,user-67f25b4e-183c-4a43-9227-09966e445b42,account_owner,true,2024-08-01T00:00:00,
46d34d7f-a3a4-4386-89ba-fa5ac15e5a69:account_owner:user-46d34d7f-a3a4-4386-89ba-fa5ac15e5a69,46d34d7f-a3a4-4386-89ba-fa5ac15e5a69,user-46d34d7f-a3a4-4386-89ba-fa5ac15e5a69,account_owner,true,2024-08-01T00:00:00,
7bb8fda6-2726-4199-a7aa-ed27cdfff312:account_owner:user-7bb8fda6-2726-4199-a7aa-ed27cdfff312,7bb8fda6-2726-4199-a7aa-ed27cdfff312,user-7bb8fda6-2726-4199-a7aa-ed27cdfff312,account_owner,true,2024-08-01T00:00:00,
3934f6b2-65db-491f-93be-76ec718440d9:account_owner:user-3934f6b2-65db-491f-93be-76ec718440d9,3934f6b2-65db-491f-93be-76ec718440d9,user-3934f6b2-65db-491f-93be-76ec718440d9,account_owner,true,2024-08-01T00:00:00,
547f74d3-e5b0-4e69-a707-74acc44f122c:account_owner:user-547f74d3-e5b0-4e69-a707-74acc44f122c,547f74d3-e5b0-4e69-a707-74acc44f122c,user-547f74d3-e5b0-4e69-a707-74acc44f122c,account_owner,true,2024-08-01T00:00:00,
b06bdac7-cb60-4550-a13d-62da39a1c53e:account_owner:user-b06bdac7-cb60-4550-a13d-62da39a1c53e,b06bdac7-cb60-4550-a13d-62da39a1c53e,user-b06bdac7-cb60-4550-a13d-62da39a1c53e,account_owner,true,2024-08-01T00:00:00,
b51ad0d8-7b4d-4859-8de9-fd9feb62c888:account_owner:user-b51ad0d8-7b4d-4859-8de9-fd9feb62c888,b51ad0d8-7b4d-4859-8de9-fd9feb62c888,user-b51ad0d8-7b4d-4859-8de9-fd9feb62c888,account_owner,true,2024-08-01T00:00:00,
543b48b5-22b5-41e4-8e3c-704fc8f03e8d:account_owner:user-543b48b5-22b5-41e4-8e3c-704fc8f03e8d,543b48b5-22b5-41e4-8e3c-704fc8f03e8d,user-543b48b5-22b5-41e4-8e3c-704fc8f03e8d,account_owner,true,2024-08-01T00:00:00,
b66095e0-346f-477d-8c25-3b70d4dfab70:account_owner:user-b66095e0-346f-477d-8c25-3b70d4dfab70,b66095e0-346f-477d-8c25-3b70d4dfab70,user-b66095e0-346f-477d-8c25-3b70d4dfab70,account_owner,true,2024-08-01T00:00:00,
8386c889-4e1d-49ce-9d61-12c967dad0f9:account_owner:user-8386c889-4e1d-49ce-9d61-12c967dad0f9,8386c889-4e1d-49ce-9d61-12c967dad0f9,user-8386c889-4e1d-49ce-9d61-12c967dad0f9,account_owner,true,2024-08-01T00:00:00,
07365e1d-9d4c-4185-859e-d5757178280c:account_owner:user-07365e1d-9d4c-4185-859e-d5757178280c,07365e1d-9d4c-4185-859e-d5757178280c,user-07365e1d-9d4c-4185-859e-d5757178280c,account_owner,true,2024-08-01T00:00:00,
33326773-e843-48d9-9641-9990733d705a:account_owner:user-33326773-e843-48d9-9641-9990733d705a,33326773-e843-48d9-9641-9990733d705a,user-33326773-e843-48d9-9641-9990733d705a,account_owner,true,2024-08-01T00:00:00,
2a6409ee-29ac-483f-a2a7-9074fcb50191:account_owner:user-2a6409ee-29ac-483f-a2a7-9074fcb50191,2a6409ee-29ac-483f-a2a7-9074fcb50191,user-2a6409ee-29ac-483f-a2a7-9074fcb50191,account_owner,true,2024-08-01T00:00:00,
8976b896-e0e8-4696-b268-5587e42efaa0:account_owner:user-8976b896-e0e8-4696-b268-5587e42efaa0,8976b896-e0e8-4696-b268-5587e42efaa0,user-8976b896-e0e8-4696-b268-5587e42efaa0,account_owner,true,2024-08-01T00:00:00,
41b09fe3-c0bf-4484-bc20-f48aedb5e7d5:account_owner:user-41b09fe3-c0bf-4484-bc20-f48aedb5e7d5,41b09fe3-c0bf-4484-bc20-f48aedb5e7d5,user-41b09fe3-c0bf-4484-bc20-f48aedb5e7d5,account_owner,true,2024-08-01T00:00:00,
69819ace-cccb-4f20-aa31-be439b1b8e2b:account_owner:user-69819ace-cccb-4f20-aa31-be439b1b8e2b,69819ace-cccb-4f20-aa31-be439b1b8e2b,user-69819ace-cccb-4f20-aa31-be439b1b8e2b,account_owner,true,2024-08-01T00:00:00,
19a91b0b-51dc-434f-978a-177588409f99:account_owner:user-19a91b0b-51dc-434f-978a-177588409f99,19a91b0b-51dc-434f-978a-177588409f99,user-19a91b0b-51dc-434f-978a-177588409f99,account_owner,true,2024-08-01T00:00:00,
d6ca3f18-6708-4e27-9196-8a2238aba9b0:account_owner:user-d6ca3f18-6708-4e27-9196-8a2238aba9b0,d6ca3f18-6708-4e27-9196-8a2238aba9b0,user-d6ca3f18-6708-4e27-9196-8a2238aba9b0,account_owner,true,2024-08-01T00:00:00,
78e4ffca-cfe4-42f3-9ef0-98ca1bb8cfa0:account_owner:user-78e4ffca-cfe4-42f3-9ef0-98ca1bb8cfa0,78e4ffca-cfe4-42f3-9ef0-98ca1bb8cfa0,user-78e4ffca-cfe4-42f3-9ef0-98ca1bb8cfa0,account_owner,true,2024-08-01T00:00:00,
628b0262-278b-4522-aa31-ed61da01b78a:account_owner:user-628b0262-278b-4522-aa31-ed61da01b78a,628b0262-278b-4522-aa31-ed61da01b78a,user-628b0262-278b-4522-aa31-ed61da01b78a,account_owner,true,2024-08-01T00:00:00,
a43342bc-a956-480b-8ef3-7b28e61c9b9b:account_owner:user-a43342bc-a956-480b-8ef3-7b28e61c9b9b,a43342bc-a956-480b-8ef3-7b28e61c9b9b,user-a43342bc-a956-480b-8ef3-7b28e61c9b9b,account_owner,true,2024-08-01T00:00:00,
296a6b8f-b21e-4485-ad7f-18c1262a0764:account_owner:user-296a6b8f-b21e-4485-ad7f-18c1262a0764,296a6b8f-b21e-4485-ad7f-18c1262a0764,user-296a6b8f-b21e-4485-ad7f-18c1262a0764,account_owner,true,2024-08-01T00:00:00,
7c45f68c-bbba-4b82-9457-03de08fe8287:account_owner:user-7c45f68c-bbba-4b82-9457-03de08fe8287,7c45f68c-bbba-4b82-9457-03de08fe8287,user-7c45f68c-bbba-4b82-9457-03de08fe8287,account_owner,true,2024-08-01T00:00:00,
be999c23-fb5b-4060-b4aa-bd50fe8ab5f6:account_owner:user-be999c23-fb5b-4060-b4aa-bd50fe8ab5f6,be999c23-fb5b-4060-b4aa-bd50fe8ab5f6,user-be999c23-fb5b-4060-b4aa-bd50fe8ab5f6,account_owner,true,2024-08-01T00:00:00,
8c39c27b-eb7a-452f-9581-a78bdf3ed9eb:account_owner:user-8c39c27b-eb7a-452f-9581-a78bdf3ed9eb,8c39c27b-eb7a-452f-9581-a78bdf3ed9eb,user-8c39c27b-eb7a-452f-9581-a78bdf3ed9eb,account_owner,true,2024-08-01T00:00:00,
430e5411-6ed3-439b-93c3-e885b2a37d0f:account_owner:user-430e5411-6ed3-439b-93c3-e885b2a37d0f,430e5411-6ed3-439b-93c3-e885b2a37d0f,user-430e5411-6ed3-439b-93c3-e885b2a37d0f,account_owner,true,2024-08-01T00:00:00,
b9915f58-4f74-4518-bb97-0b1e58c541a5:account_owner:user-b9915f58-4f74-4518-bb97-0b1e58c541a5,b9915f58-4f74-4518-bb97-0b1e58c541a5,user-b9915f58-4f74-4518-bb97-0b1e58c541a5,account_owner,true,2024-08-01T00:00:00,
4559b465-3dfc-40aa-84fe-31c153b4c0d8:account_owner:user-4559b465-3dfc-40aa-84fe-31c153b4c0d8,4559b465-3dfc-40aa-84fe-31c153b4c0d8,user-4559b465-3dfc-40aa-84fe-31c153b4c0d8,account_owner,true,2024-08-01T00:00:00,
239409e0-b3ad-4bf6-ba7c-08628ee3cbee:account_owner:user-239409e0-b3ad-4bf6-ba7c-08628ee3cbee,239409e0-b3ad-4bf6-ba7c-08628ee3cbee,user-239409e0-b3ad-4bf6-ba7c-08628ee3cbee,account_owner,true,2024-08-01T00:00:00,
45514547-8413-41d4-ba88-c1240763e5e8:account_owner:user-45514547-8413-41d4-ba88-c1240763e5e8,45514547-8413-41d4-ba88-c1240763e5e8,user-45514547-8413-41d4-ba88-c1240763e5e8,account_owner,true,2024-08-01T00:00:00,
ce5679e9-296a-4566-ba46-98a3e0a94136:account_owner:user-ce5679e9-296a-4566-ba46-98a3e0a94136,ce5679e9-296a-4566-ba46-98a3e0a94136,user-ce5679e9-296a-4566-ba46-98a3e0a94136,account_owner,true,2024-08-01T00:00:00,
02c02023-75d2-4ad2-89f6-ed2c2e7ae6f5:account_owner:user-02c02023-75d2-4ad2-89f6-ed2c2e7ae6f5,02c02023-75d2-4ad2-89f6-ed2c2e7ae6f5,user-02c02023-75d2-4ad2-89f6-ed2c2e7ae6f5,account_owner,true,2024-08-01T00:00:00,
300faed1-594b-427c-894e-c46855f06f22:account_owner:user-300faed1-594b-427c-894e-c46855f06f22,300faed1-594b-427c-894e-c46855f06f22,user-300faed1-594b-427c-894e-c46855f06f22,account_owner,true,2024-08-01T00:00:00,
aeb1bb4a-8548-48ed-a8e2-c31bc682b091:account_owner:user-aeb1bb4a-8548-48ed-a8e2-c31bc682b091,aeb1bb4a-8548-48ed-a8e2-c31bc682b091,user-aeb1bb4a-8548-48ed-a8e2-c31bc682b091,account_owner,true,2024-08-01T00:00:00,
20ae953d-06b1-4034-a24c-a173911af24e:account_owner:user-20ae953d-06b1-4034-a24c-a173911af24e,20ae953d-06b1-4034-a24c-a173911af24e,user-20ae953d-06b1-4034-a24c-a173911af24e,account_owner,true,2024-08-01T00:00:00,
4ed3232e-6117-4b38-9d59-265a217c91cf:account_owner:user-4ed3232e-6117-4b38-9d59-265a217c91cf,4ed3232e-6117-4b38-9d59-265a217c91cf,user-4ed3232e-6117-4b38-9d59-265a217c91cf,account_owner,true,2024-08-01T00:00:00,
8252af4b-fdbe-4139-b9a2-de4ceb670886:account_owner:user-8252af4b-fdbe-4139-b9a2-de4ceb670886,8252af4b-fdbe-4139-b9a2-de4ceb670886,user-8252af4b-fdbe-4139-b9a2-de4ceb670886,account_owner,true,2024-08-01T00:00:00,
254292b3-d9f3-4b20-be39-1db058d17bb9:account_owner:user-254292b3-d9f3-4b20-be39-1db058d17bb9,254292b3-d9f3-4b20-be39-1db058d17bb9,user-254292b3-d9f3-4b20-be39-1db058d17bb9,account_owner,true,2024-08-01T00:00:00,
4423c47b-1f8b-4df4-bfe9-531cd8e6441b:account_owner:user-4423c47b-1f8b-4df4-bfe9-531cd8e6441b,4423c47b-1f8b-4df4-bfe9-531cd8e6441b,user-4423c47b-1f8b-4df4-bfe9-531cd8e6441b,account_owner,true,2024-08-01T00:00:00,
a4512e27-9e9c-4aa8-bc00-11e9e1f1fd9f:account_owner:user-a4512e27-9e9c-4aa8-bc00-11e9e1f1fd9f,a4512e27-9e9c-4aa8-bc00-11e9e1f1fd9f,user-a4512e27-9e9c-4aa8-bc00-11e9e1f1fd9f,account_owner,true,2024-08-01T00:00:00,
36708614-1e24-453b-8593-b03eb1a7c5b8:account_owner:user-36708614-1e24-453b-8593-b03eb1a7c5b8,36708614-1e24-453b-8593-b03eb1a7c5b8,user-36708614-1e24-453b-8593-b03eb1a7c5b8,account_owner,true,2024-08-01T00:00:00,
f419edd5-8bb5-4809-8cfc-599ab209f6da:account_owner:user-f419edd5-8bb5-4809-8cfc-599ab209f6da,f419edd5-8bb5-4809-8cfc-599ab209f6da,user-f419edd5-8bb5-4809-8cfc-599ab209f6da,account_owner,true,2024-08-01T00:00:00,
4041ba09-7a39-4b37-9e0e-f39a765d9c82:account_owner:user-4041ba09-7a39-4b37-9e0e-f39a765d9c82,4041ba09-7a39-4b37-9e0e-f39a765d9c82,user-4041ba09-7a39-4b37-9e0e-f39a765d9c82,account_owner,true,2024-08-01T00:00:00,
d2d5925b-c91a-440d-a613-0c76f88845cc:account_owner:user-d2d5925b-c91a-440d-a613-0c76f88845cc,d2d5925b-c91a-440d-a613-0c76f88845cc,user-d2d5925b-c91a-440d-a613-0c76f88845cc,account_owner,true,2024-08-01T00:00:00,
a054cb90-d7e9-4236-9533-fc7fd2b1fd77:account_owner:user-a054cb90-d7e9-4236-9533-fc7fd2b1fd77,a054cb90-d7e9-4236-9533-fc7fd2b1fd77,user-a054cb90-d7e9-4236-9533-fc7fd2b1fd77,account_owner,true,2024-08-01T00:00:00,
84f7f075-d17e-4662-a11c-bc80e28b12f5:account_owner:user-84f7f075-d17e-4662-a11c-bc80e28b12f5,84f7f075-d17e-4662-a11c-bc80e28b12f5,user-84f7f075-d17e-4662-a11c-bc80e28b12f5,account_owner,true,2024-08-01T00:00:00,
0f1df561-31c0-417e-909b-4b054c45baaf:account_owner:user-0f1df561-31c0-417e-909b-4b054c45baaf,0f1df561-31c0-417e-909b-4b054c45baaf,user-0f1df561-31c0-417e-909b-4b054c45baaf,account_owner,true,2024-08-01T00:00:00,
5b817ccb-b122-4044-b74f-bde3d1df714d:account_owner:user-5b817ccb-b122-4044-b74f-bde3d1df714d,5b817ccb-b122-4044-b74f-bde3d1df714d,user-5b817ccb-b122-4044-b74f-bde3d1df714d,account_owner,true,2024-08-01T00:00:00,
c710ee81-7487-44d1-b65f-69a898acaf69:account_owner:user-c710ee81-7487-44d1-b65f-69a898acaf69,c710ee81-7487-44d1-b65f-69a898acaf69,user-c710ee81-7487-44d1-b65f-69a898acaf69,account_owner,true,2024-08-01T00:00:00,
7fcd9f31-c0cb-4414-9981-9d014f593081:account_owner:user-7fcd9f31-c0cb-4414-9981-9d014f593081,7fcd9f31-c0cb-4414-9981-9d014f593081,user-7fcd9f31-c0cb-4414-9981-9d014f593081,account_owner,true,2024-08-01T00:00:00,
d84ec4ed-ae05-416c-9cbe-eace4567132d:account_owner:user-d84ec4ed-ae05-416c-9cbe-eace4567132d,d84ec4ed-ae05-416c-9cbe-eace4567132d,user-d84ec4ed-ae05-416c-9cbe-eace4567132d,account_owner,true,2024-08-01T00:00:00,
41ca48ad-5cc0-4e25-83df-63d166b91a12:account_owner:user-41ca48ad-5cc0-4e25-83df-63d166b91a12,41ca48ad-5cc0-4e25-83df-63d166b91a12,user-41ca48ad-5cc0-4e25-83df-63d166b91a12,account_owner,true,2024-08-01T00:00:00,
5e3636fd-a0a7-44c0-96e8-3d906cdbb119:account_owner:user-5e3636fd-a0a7-44c0-96e8-3d906cdbb119,5e3636fd-a0a7-44c0-96e8-3d906cdbb119,user-5e3636fd-a0a7-44c0-96e8-3d906cdbb119,account_owner,true,2024-08-01T00:00:00,
b5261e71-886e-4d78-8d1d-310ed9754704:account_owner:user-b5261e71-886e-4d78-8d1d-310ed9754704,b5261e71-886e-4d78-8d1d-310ed9754704,user-b5261e71-886e-4d78-8d1d-310ed9754704,account_owner,true,2024-08-01T00:00:00,
50e6ae18-ad0a-4f68-bb3d-e1a8b80eb58f:account_owner:user-50e6ae18-ad0a-4f68-bb3d-e1a8b80eb58f,50e6ae18-ad0a-4f68-bb3d-e1a8b80eb58f,user-50e6ae18-ad0a-4f68-bb3d-e1a8b80eb58f,account_owner,true,2024-08-01T00:00:00,
adaf0597-4b7f-4b6a-8881-40f3787bc862:account_owner:user-adaf0597-4b7f-4b6a-8881-40f3787bc862,adaf0597-4b7f-4b6a-8881-40f3787bc862,user-adaf0597-4b7f-4b6a-8881-40f3787bc862,account_owner,true,2024-08-01T00:00:00,
a692df88-38f3-4725-84a6-73ec7e6c7ab5:account_owner:user-a692df88-38f3-4725-84a6-73ec7e6c7ab5,a692df88-38f3-4725-84a6-73ec7e6c7ab5,user-a692df88-38f3-4725-84a6-73ec7e6c7ab5,account_owner,true,2024-08-01T00:00:00,
76d2b7be-1fa1-441b-9de1-97c64d06c646:account_owner:user-76d2b7be-1fa1-441b-9de1-97c64d06c646,76d2b7be-1fa1-441b-9de1-97c64d06c646,user-76d2b7be-1fa1-441b-9de1-97c64d06c646,account_owner,true,2024-08-01T00:00:00,
fad2c57b-c35e-4270-8d10-2f067a5ee2b7:account_owner:user-fad2c57b-c35e-4270-8d10-2f067a5ee2b7,fad2c57b-c35e-4270-8d10-2f067a5ee2b7,user-fad2c57b-c35e-4270-8d10-2f067a5ee2b7,account_owner,true,2024-08-01T00:00:00,
5484b02b-221a-4bbe-86a3-3eccdcf8d2ae:account_owner:user-5484b02b-221a-4bbe-86a3-3eccdcf8d2ae,5484b02b-221a-4bbe-86a3-3eccdcf8d2ae,user-5484b02b-221a-4bbe-86a3-3eccdcf8d2ae,account_owner,true,2024-08-01T00:00:00,
c1d42cf2-74d9-44b1-a0a2-c85935c413be:account_owner:user-c1d42cf2-74d9-44b1-a0a2-c85935c413be,c1d42cf2-74d9-44b1-a0a2-c85935c413be,user-c1d42cf2-74d9-44b1-a0a2-c85935c413be,account_owner,true,2024-08-01T00:00:00,
e9f40ffc-bea9-4cc6-abca-7fe897f37903:account_owner:user-e9f40ffc-bea9-4cc6-abca-7fe897f37903,e9f40ffc-bea9-4cc6-abca-7fe897f37903,user-e9f40ffc-bea9-4cc6-abca-7fe897f37903,account_owner,true,2024-08-01T00:00:00,
7863e37d-24c8-4e18-8730-ea7e2a65606d:account_owner:user-7863e37d-24c8-4e18-8730-ea7e2a65606d,7863e37d-24c8-4e18-8730-ea7e2a65606d,user-7863e37d-24c8-4e18-8730-ea7e2a65606d,account_owner,true,2024-08-01T00:00:00,
a9976a20-42e5-4c26-a2d0-6ab72973887f:account_owner:user-a9976a20-42e5-4c26-a2d0-6ab72973887f,a9976a20-42e5-4c26-a2d0-6ab72973887f,user-a9976a20-42e5-4c26-a2d0-6ab72973887f,account_owner,true,2024-08-01T00:00:00,
d51ebab3-97b1-482d-9ccd-7368f01000f7:account_owner:user-d51ebab3-97b1-482d-9ccd-7368f01000f7,d51ebab3-97b1-482d-9ccd-7368f01000f7,user-d51ebab3-97b1-482d-9ccd-7368f01000f7,account_owner,true,2024-08-01T00:00:00,
e7f5d853-30ed-4302-9303-e11752f57b2f:account_owner:user-e7f5d853-30ed-4302-9303-e11752f57b2f,e7f5d853-30ed-4302-9303-e11752f57b2f,user-e7f5d853-30ed-4302-9303-e11752f57b2f,account_owner,true,2024-08-01T00:00:00,
8e6a03da-15e7-44e8-bec1-426b65edb389:account_owner:user-8e6a03da-15e7-44e8-bec1-426b65edb389,8e6a03da-15e7-44e8-bec1-426b65edb389,user-8e6a03da-15e7-44e8-bec1-426b65edb389,account_owner,true,2024-08-01T00:00:00,
2e0d6ce4-794d-4494-bd1d-f44dbca8683f:account_owner:user-2e0d6ce4-794d-4494-bd1d-f44dbca8683f,2e0d6ce4-794d-4494-bd1d-f44dbca8683f,user-2e0d6ce4-794d-4494-bd1d-f44dbca8683f,account_owner,true,2024-08-01T00:00:00,
0e4dbbf0-e4a8-4015-9595-c0b9bec0f9e5:account_owner:user-0e4dbbf0-e4a8-4015-9595-c0b9bec0f9e5,0e4dbbf0-e4a8-4015-9595-c0b9bec0f9e5,user-0e4dbbf0-e4a8-4015-9595-c0b9bec0f9e5,account_owner,true,2024-08-01T00:00:00,
7aa35447-7686-43f7-bb98-14b1bc5fe250:account_owner:user-7aa35447-7686-43f7-bb98-14b1bc5fe250,7aa35447-7686-43f7-bb98-14b1bc5fe250,user-7aa35447-7686-43f7-bb98-14b1bc5fe250,account_owner,true,2024-08-01T00:00:00,
fa6de1f2-ff8e-43ea-8da3-98d975b096da:account_owner:user-fa6de1f2-ff8e-43ea-8da3-98d975b096da,fa6de1f2-ff8e-43ea-8da3-98d975b096da,user-fa6de1f2-ff8e-43ea-8da3-98d975b096da,account_owner,true,2024-08-01T00:00:00,
e860f5d5-878c-468e-a446-059ba8434d4b:account_owner:user-e860f5d5-878c-468e-a446-059ba8434d4b,e860f5d5-878c-468e-a446-059ba8434d4b,user-e860f5d5-878c-468e-a446-059ba8434d4b,account_owner,true,2024-08-01T00:00:00,
ce5ac3ba-cbec-4482-816e-1ee6def437e2:account_owner:user-ce5ac3ba-cbec-4482-816e-1ee6def437e2,ce5ac3ba-cbec-4482-816e-1ee6def437e2,user-ce5ac3ba-cbec-4482-816e-1ee6def437e2,account_owner,true,2024-08-01T00:00:00,
0edeaba5-35f3-4e68-98ca-f412d9cd14b5:account_owner:user-0edeaba5-35f3-4e68-98ca-f412d9cd14b5,0edeaba5-35f3-4e68-98ca-f412d9cd14b5,user-0edeaba5-35f3-4e68-98ca-f412d9cd14b5,account_owner,true,2024-08-01T00:00:00,
4c710db6-7317-4d70-8dcb-6af9a4068e8d:account_owner:user-4c710db6-7317-4d70-8dcb-6af9a4068e8d,4c710db6-7317-4d70-8dcb-6af9a4068e8d,user-4c710db6-7317-4d70-8dcb-6af9a4068e8d,account_owner,true,2024-08-01T00:00:00,
a48b7707-e594-444f-854e-67d65eb9105d:account_owner:user-a48b7707-e594-444f-854e-67d65eb9105d,a48b7707-e594-444f-854e-67d65eb9105d,user-a48b7707-e594-444f-854e-67d65eb9105d,account_owner,true,2024-08-01T00:00:00,
2b4b540f-9423-4186-8164-4566e5e908f2:account_owner:user-2b4b540f-9423-4186-8164-4566e5e908f2,2b4b540f-9423-4186-8164-4566e5e908f2,user-2b4b540f-9423-4186-8164-4566e5e908f2,account_owner,true,2024-08-01T00:00:00,
03410ea3-1e8a-40ef-9322-bc532f78f7ff:account_owner:user-03410ea3-1e8a-40ef-9322-bc532f78f7ff,03410ea3-1e8a-40ef-9322-bc532f78f7ff,user-03410ea3-1e8a-40ef-9322-bc532f78f7ff,account_owner,true,2024-08-01T00:00:00,
f11283f0-4183-4d8d-a117-4b2a2c070ec2:account_owner:user-f11283f0-4183-4d8d-a117-4b2a2c070ec2,f11283f0-4183-4d8d-a117-4b2a2c070ec2,user-f11283f0-4183-4d8d-a117-4b2a2c070ec2,account_owner,true,2024-08-01T00:00:00,
a3867ed0-9303-4ce2-b40d-a9711a5efef0:account_owner:user-a3867ed0-9303-4ce2-b40d-a9711a5efef0,a3867ed0-9303-4ce2-b40d-a9711a5efef0,user-a3867ed0-9303-4ce2-b40d-a9711a5efef0,account_owner,true,2024-08-01T00:00:00,
1a1397df-b2b4-4791-93d9-87ac9062f545:account_owner:user-1a1397df-b2b4-4791-93d9-87ac9062f545,1a1397df-b2b4-4791-93d9-87ac9062f545,user-1a1397df-b2b4-4791-93d9-87ac9062f545,account_owner,true,2024-08-01T00:00:00,
447fed8a-4bae-41c5-b5cd-cbf6a09c4782:account_owner:user-447fed8a-4bae-41c5-b5cd-cbf6a09c4782,447fed8a-4bae-41c5-b5cd-cbf6a09c4782,user-447fed8a-4bae-41c5-b5cd-cbf6a09c4782,account_owner,true,2024-08-01T00:00:00,
28f88fb0-d9fb-4c32-8470-1738493e863b:account_owner:user-28f88fb0-d9fb-4c32-8470-1738493e863b,28f88fb0-d9fb-4c32-8470-1738493e863b,user-28f88fb0-d9fb-4c32-8470-1738493e863b,account_owner,true,2024-08-01T00:00:00,
1c8233dc-8ccb-4d27-84e7-e00d33ff6674:account_owner:user-1c8233dc-8ccb-4d27-84e7-e00d33ff6674,1c8233dc-8ccb-4d27-84e7-e00d33ff6674,user-1c8233dc-8ccb-4d27-84e7-e00d33ff6674,account_owner,true,2024-08-01T00:00:00,
2dcc7662-f1ce-442c-b998-bbe351d5e186:account_owner:user-2dcc7662-f1ce-442c-b998-bbe351d5e186,2dcc7662-f1ce-442c-b998-bbe351d5e186,user-2dcc7662-f1ce-442c-b998-bbe351d5e186,account_owner,true,2024-08-01T00:00:00,
c912d33f-5dc2-4ec9-a126-34b598046705:account_owner:user-c912d33f-5dc2-4ec9-a126-34b598046705,c912d33f-5dc2-4ec9-a126-34b598046705,user-c912d33f-5dc2-4ec9-a126-34b598046705,account_owner,true,2024-08-01T00:00:00,
bb35efe0-ac42-4801-bc72-7bea481716da:account_owner:user-bb35efe0-ac42-4801-bc72-7bea481716da,bb35efe0-ac42-4801-bc72-7bea481716da,user-bb35efe0-ac42-4801-bc72-7bea481716da,account_owner,true,2024-08-01T00:00:00,
da9de603-2c96-4356-820d-7c1e9ac4dde7:account_owner:user-da9de603-2c96-4356-820d-7c1e9ac4dde7,da9de603-2c96-4356-820d-7c1e9ac4dde7,user-da9de603-2c96-4356-820d-7c1e9ac4dde7,account_owner,true,2024-08-01T00:00:00,
5a95b7ee-17bf-44cc-9775-835c337d4cb4:account_owner:user-5a95b7ee-17bf-44cc-9775-835c337d4cb4,5a95b7ee-17bf-44cc-9775-835c337d4cb4,user-5a95b7ee-17bf-44cc-9775-835c337d4cb4,account_owner,true,2024-08-01T00:00:00,
a1a72036-c041-4a92-a719-9bbf0e21d53b:account_owner:user-a1a72036-c041-4a92-a719-9bbf0e21d53b,a1a72036-c041-4a92-a719-9bbf0e21d53b,user-a1a72036-c041-4a92-a719-9bbf0e21d53b,account_owner,true,2024-08-01T00:00:00,
2949aa7a-85ad-46d1-8409-bf608167f72a:account_owner:user-2949aa7a-85ad-46d1-8409-bf608167f72a,2949aa7a-85ad-46d1-8409-bf608167f72a,user-2949aa7a-85ad-46d1-8409-bf608167f72a,account_owner,true,2024-08-01T00:00:00,
f7d61334-5d22-49f8-a022-903921239047:account_owner:user-f7d61334-5d22-49f8-a022-903921239047,f7d61334-5d22-49f8-a022-903921239047,user-f7d61334-5d22-49f8-a022-903921239047,account_owner,true,2024-08-01T00:00:00,
7e26cac1-f9ea-443d-a6d7-b0d624d82143:account_owner:user-7e26cac1-f9ea-443d-a6d7-b0d624d82143,7e26cac1-f9ea-443d-a6d7-b0d624d82143,user-7e26cac1-f9ea-443d-a6d7-b0d624d82143,account_owner,true,2024-08-01T00:00:00,
4740d6a5-b760-477f-83d9-7d1c3e04f0ba:account_owner:user-4740d6a5-b760-477f-83d9-7d1c3e04f0ba,4740d6a5-b760-477f-83d9-7d1c3e04f0ba,user-4740d6a5-b760-477f-83d9-7d1c3e04f0ba,account_owner,true,2024-08-01T00:00:00,
34b17474-7fef-4a04-8009-f83028f66521:account_owner:user-34b17474-7fef-4a04-8009-f83028f66521,34b17474-7fef-4a04-8009-f83028f66521,user-34b17474-7fef-4a04-8009-f83028f66521,account_owner,true,2024-08-01T00:00:00,
0815e683-4b1e-4ea3-b9e8-9d06bbfaedb5:account_owner:user-0815e683-4b1e-4ea3-b9e8-9d06bbfaedb5,0815e683-4b1e-4ea3-b9e8-9d06bbfaedb5,user-0815e683-4b1e-4ea3-b9e8-9d06bbfaedb5,account_owner,true,2024-08-01T00:00:00,
64ad7907-f83e-403b-b5b4-b1deded9bb1d:account_owner:user-64ad7907-f83e-403b-b5b4-b1deded9bb1d,64ad7907-f83e-403b-b5b4-b1deded9bb1d,user-64ad7907-f83e-403b-b5b4-b1deded9bb1d,account_owner,true,2024-08-01T00:00:00,
6b991ab8-8048-4161-b67d-7f862b2cc13e:account_owner:user-6b991ab8-8048-4161-b67d-7f862b2cc13e,6b991ab8-8048-4161-b67d-7f862b2cc13e,user-6b991ab8-8048-4161-b67d-7f862b2cc13e,account_owner,true,2024-08-01T00:00:00,
69f9f173-1ee1-4ba2-a1be-005dc5f305fd:account_owner:user-69f9f173-1ee1-4ba2-a1be-005dc5f305fd,69f9f173-1ee1-4ba2-a1be-005dc5f305fd,user-69f9f173-1ee1-4ba2-a1be-005dc5f305fd,account_owner,true,2024-08-01T00:00:00,
b2310c7d-702b-4e62-b938-3b19262bd9e9:account_owner:user-b2310c7d-702b-4e62-b938-3b19262bd9e9,b2310c7d-702b-4e62-b938-3b19262bd9e9,user-b2310c7d-702b-4e62-b938-3b19262bd9e9,account_owner,true,2024-08-01T00:00:00,
05d8d4ba-5569-4f0e-985d-5f63fbfee659:account_owner:user-05d8d4ba-5569-4f0e-985d-5f63fbfee659,05d8d4ba-5569-4f0e-985d-5f63fbfee659,user-05d8d4ba-5569-4f0e-985d-5f63fbfee659,account_owner,true,2024-08-01T00:00:00,
7c66bbce-e687-4e15-be85-d960c3de159b:account_owner:user-7c66bbce-e687-4e15-be85-d960c3de159b,7c66bbce-e687-4e15-be85-d960c3de159b,user-7c66bbce-e687-4e15-be85-d960c3de159b,account_owner,true,2024-08-01T00:00:00,
42748981-2a95-4e95-91cf-9844c8aa9c69:account_owner:user-42748981-2a95-4e95-91cf-9844c8aa9c69,42748981-2a95-4e95-91cf-9844c8aa9c69,user-42748981-2a95-4e95-91cf-9844c8aa9c69,account_owner,true,2024-08-01T00:00:00,
2a082be2-fc91-4d5a-accd-200e91693b07:account_owner:user-2a082be2-fc91-4d5a-accd-200e91693b07,2a082be2-fc91-4d5a-accd-200e91693b07,user-2a082be2-fc91-4d5a-accd-200e91693b07,account_owner,true,2024-08-01T00:00:00,
066ca82d-85b8-45e6-b262-bac0bb3c0e21:account_owner:user-066ca82d-85b8-45e6-b262-bac0bb3c0e21,066ca82d-85b8-45e6-b262-bac0bb3c0e21,user-066ca82d-85b8-45e6-b262-bac0bb3c0e21,account_owner,true,2024-08-01T00:00:00,
e7297926-0c3c-47f0-a303-8e1ddfc0eb77:account_owner:user-e7297926-0c3c-47f0-a303-8e1ddfc0eb77,e7297926-0c3c-47f0-a303-8e1ddfc0eb77,user-e7297926-0c3c-47f0-a303-8e1ddfc0eb77,account_owner,true,2024-08-01T00:00:00,
2f162c0f-4d00-4d10-88ca-6dd2b94f24f5:account_owner:user-2f162c0f-4d00-4d10-88ca-6dd2b94f24f5,2f162c0f-4d00-4d10-88ca-6dd2b94f24f5,user-2f162c0f-4d00-4d10-88ca-6dd2b94f24f5,account_owner,true,2024-08-01T00:00:00,
d7af9974-5b4c-4c70-85c5-1f7ff782da88:account_owner:user-d7af9974-5b4c-4c70-85c5-1f7ff782da88,d7af9974-5b4c-4c70-85c5-1f7ff782da88,user-d7af9974-5b4c-4c70-85c5-1f7ff782da88,account_owner,true,2024-08-01T00:00:00,
a296a891-b126-44e1-a271-9228cc28b3bc:account_owner:user-a296a891-b126-44e1-a271-9228cc28b3bc,a296a891-b126-44e1-a271-9228cc28b3bc,user-a296a891-b126-44e1-a271-9228cc28b3bc,account_owner,true,2024-08-01T00:00:00,
7c2a3f62-d757-4322-a213-921d7c370838:account_owner:user-7c2a3f62-d757-4322-a213-921d7c370838,7c2a3f62-d757-4322-a213-921d7c370838,user-7c2a3f62-d757-4322-a213-921d7c370838,account_owner,true,2024-08-01T00:00:00,
c0ec2b5c-22e2-4010-a8f9-94431d5860c7:account_owner:user-c0ec2b5c-22e2-4010-a8f9-94431d5860c7,c0ec2b5c-22e2-4010-a8f9-94431d5860c7,user-c0ec2b5c-22e2-4010-a8f9-94431d5860c7,account_owner,true,2024-08-01T00:00:00,
8e119f8a-036b-4da9-bbae-98ab4fb61e2f:account_owner:user-8e119f8a-036b-4da9-bbae-98ab4fb61e2f,8e119f8a-036b-4da9-bbae-98ab4fb61e2f,user-8e119f8a-036b-4da9-bbae-98ab4fb61e2f,account_owner,true,2024-08-01T00:00:00,
834105ff-e792-4a6f-be6d-fb89b4d75d4a:account_owner:user-834105ff-e792-4a6f-be6d-fb89b4d75d4a,834105ff-e792-4a6f-be6d-fb89b4d75d4a,user-834105ff-e792-4a6f-be6d-fb89b4d75d4a,account_owner,true,2024-08-01T00:00:00,
120d57b9-de14-4717-aefe-ab126645435d:account_owner:user-120d57b9-de14-4717-aefe-ab126645435d,120d57b9-de14-4717-aefe-ab126645435d,user-120d57b9-de14-4717-aefe-ab126645435d,account_owner,true,2024-08-01T00:00:00,
26ebc43f-cfbf-4fa1-9c7f-9134871f7b65:account_owner:user-26ebc43f-cfbf-4fa1-9c7f-9134871f7b65,26ebc43f-cfbf-4fa1-9c7f-9134871f7b65,user-26ebc43f-cfbf-4fa1-9c7f-9134871f7b65,account_owner,true,2024-08-01T00:00:00,
2d4e6ed6-f081-4049-b92a-7792dbe97b89:account_owner:user-2d4e6ed6-f081-4049-b92a-7792dbe97b89,2d4e6ed6-f081-4049-b92a-7792dbe97b89,user-2d4e6ed6-f081-4049-b92a-7792dbe97b89,account_owner,true,2024-08-01T00:00:00,
73b79064-9e0d-4b3f-87d0-6ab33593b492:account_owner:user-73b79064-9e0d-4b3f-87d0-6ab33593b492,73b79064-9e0d-4b3f-87d0-6ab33593b492,user-73b79064-9e0d-4b3f-87d0-6ab33593b492,account_owner,true,2024-08-01T00:00:00,
4dba6ec7-4085-4058-9f0e-5109b846f1c1:account_owner:user-4dba6ec7-4085-4058-9f0e-5109b846f1c1,4dba6ec7-4085-4058-9f0e-5109b846f1c1,user-4dba6ec7-4085-4058-9f0e-5109b846f1c1,account_owner,true,2024-08-01T00:00:00,
abf52e51-d999-45fd-a6b0-6a9cd018fb47:account_owner:user-abf52e51-d999-45fd-a6b0-6a9cd018fb47,abf52e51-d999-45fd-a6b0-6a9cd018fb47,user-abf52e51-d999-45fd-a6b0-6a9cd018fb47,account_owner,true,2024-08-01T00:00:00,
eccb6e23-700f-4b9e-803e-9c681f12dd9e:account_owner:user-eccb6e23-700f-4b9e-803e-9c681f12dd9e,eccb6e23-700f-4b9e-803e-9c681f12dd9e,user-eccb6e23-700f-4b9e-803e-9c681f12dd9e,account_owner,true,2024-08-01T00:00:00,
3d6f18db-a49c-4563-9445-68d4e02bd664:account_owner:user-3d6f18db-a49c-4563-9445-68d4e02bd664,3d6f18db-a49c-4563-9445-68d4e02bd664,user-3d6f18db-a49c-4563-9445-68d4e02bd664,account_owner,true,2024-08-01T00:00:00,
df8c3dd7-4bc5-4996-98e5-18e7ec0046e9:account_owner:user-df8c3dd7-4bc5-4996-98e5-18e7ec0046e9,df8c3dd7-4bc5-4996-98e5-18e7ec0046e9,user-df8c3dd7-4bc5-4996-98e5-18e7ec0046e9,account_owner,true,2024-08-01T00:00:00,
e8014144-a99b-4ca2-8418-56404aee2f08:account_owner:user-e8014144-a99b-4ca2-8418-56404aee2f08,e8014144-a99b-4ca2-8418-56404aee2f08,user-e8014144-a99b-4ca2-8418-56404aee2f08,account_owner,true,2024-08-01T00:00:00,
82205f5f-43a1-4172-aab8-523ed6a89f26:account_owner:user-82205f5f-43a1-4172-aab8-523ed6a89f26,82205f5f-43a1-4172-aab8-523ed6a89f26,user-82205f5f-43a1-4172-aab8-523ed6a89f26,account_owner,true,2024-08-01T00:00:00,
51e5a1ad-d8d2-4387-82fe-860a54c87f4b:account_owner:user-51e5a1ad-d8d2-4387-82fe-860a54c87f4b,51e5a1ad-d8d2-4387-82fe-860a54c87f4b,user-51e5a1ad-d8d2-4387-82fe-860a54c87f4b,account_owner,true,2024-08-01T00:00:00,
d0c20886-5575-4356-8218-337197faa2fb:account_owner:user-d0c20886-5575-4356-8218-337197faa2fb,d0c20886-5575-4356-8218-337197faa2fb,user-d0c20886-5575-4356-8218-337197faa2fb,account_owner,true,2024-08-01T00:00:00,
8f054a96-7920-42dc-b286-f6980ea8dbeb:account_owner:user-8f054a96-7920-42dc-b286-f6980ea8dbeb,8f054a96-7920-42dc-b286-f6980ea8dbeb,user-8f054a96-7920-42dc-b286-f6980ea8dbeb,account_owner,true,2024-08-01T00:00:00,
e4d6980c-4b68-4255-97a5-2540f5ef35bc:account_owner:user-e4d6980c-4b68-4255-97a5-2540f5ef35bc,e4d6980c-4b68-4255-97a5-2540f5ef35bc,user-e4d6980c-4b68-4255-97a5-2540f5ef35bc,account_owner,true,2024-08-01T00:00:00,
9f72b282-1f70-450b-988f-9b3029fa121e:account_owner:user-9f72b282-1f70-450b-988f-9b3029fa121e,9f72b282-1f70-450b-988f-9b3029fa121e,user-9f72b282-1f70-450b-988f-9b3029fa121e,account_owner,true,2024-08-01T00:00:00,
4c11a926-7100-4d06-8910-5b0d5f3d7e9a:account_owner:user-4c11a926-7100-4d06-8910-5b0d5f3d7e9a,4c11a926-7100-4d06-8910-5b0d5f3d7e9a,user-4c11a926-7100-4d06-8910-5b0d5f3d7e9a,account_owner,true,2024-08-01T00:00:00,
099dd9b8-0a76-482f-92e1-f754d25d5aee:account_owner:user-099dd9b8-0a76-482f-92e1-f754d25d5aee,099dd9b8-0a76-482f-92e1-f754d25d5aee,user-099dd9b8-0a76-482f-92e1-f754d25d5aee,account_owner,true,2024-08-01T00:00:00,
