id,name,email,phone,status,created_at
user-50a2d1c4-d788-4498-a6f7-dd75d4db588f,Stephanie Love,stephanie.love.50a2d1c4@example.com,+15550000001,active,2024-08-01T00:00:00
user-438005c2-dd1d-48aa-8bfd-7fb06851b5f8,Kristi Keller,kristi.keller.438005c2@example.com,+15550000002,active,2024-08-01T00:00:00
user-5261268c-aa94-438a-921a-05efc0d414ac,Allison Oliver,allison.oliver.5261268c@example.com,+15550000003,active,2024-08-01T00:00:00
user-f8486fce-bc07-4a4f-a6e9-ed6a06ba996c,Nancy Austin,nancy.austin.f8486fce@example.com,+15550000004,active,2024-08-01T00:00:00
user-341ed9b2-1760-4720-a1b1-42681d273c63,Christy Rios,christy.rios.341ed9b2@example.com,+15550000005,active,2024-08-01T00:00:00
user-2660b7ac-6c46-4392-8ddc-26194c532341,Michael Mendoza,michael.mendoza.2660b7ac@example.com,+15550000006,active,2024-08-01T00:00:00
user-7e52ce3f-191d-4d27-a0a8-76706fd6173c,Beverly Peters,beverly.peters.7e52ce3f@example.com,+15550000007,active,2024-08-01T00:00:00
user-0000bd8e-496c-42aa-9430-fea7f9bd6a96,Connie Harrison,connie.harrison.0000bd8e@example.com,+15550000008,active,2024-08-01T00:00:00
user-3b47f466-5256-41a1-951c-efee13597676,Carly Harris,carly.harris.3b47f466@example.com,+15550000009,active,2024-08-01T00:00:00
user-2480125c-2d37-405c-96b9-ca32b2c75b33,Russell Mitchell,russell.mitchell.2480125c@example.com,+15550000010,active,2024-08-01T00:00:00
user-69731d27-9caa-46cf-8933-d01e29b20043,Jacqueline Pineda,jacqueline.pineda.69731d27@example.com,+15550000011,active,2024-08-01T00:00:00
user-7d0a9ece-1d73-43ea-98e7-8bbe21e890ec,Anthony Murillo,anthony.murillo.7d0a9ece@example.com,+15550000012,active,2024-08-01T00:00:00
user-861181e6-5d97-48a8-bbe4-226caa976140,Aaron Williams,aaron.williams.861181e6@example.com,+15550000013,active,2024-08-01T00:00:00
user-cc1816db-c3dd-4c16-8ea7-18fe313472b9,Brittany Johnson,brittany.johnson.cc1816db@example.com,+15550000014,active,2024-08-01T00:00:00
user-1bf35f99-4627-4c80-a5f8-0797538eaf54,Ashley Santiago,ashley.santiago.1bf35f99@example.com,+15550000015,active,2024-08-01T00:00:00
user-96f4e93c-c759-4fc7-b4a3-c8a153858bea,Lori Butler,lori.butler.96f4e93c@example.com,+15550000016,active,2024-08-01T00:00:00
user-6faa20a4-1e8f-43a8-9a45-33ae5f675190,Tyrone Ryan,tyrone.ryan.6faa20a4@example.com,+15550000017,active,2024-08-01T00:00:00
user-5bbca380-854e-47a4-ae5c-fd631650a115,Joseph Mcintyre,joseph.mcintyre.5bbca380@example.com,+15550000018,active,2024-08-01T00:00:00
user-84ee8f13-e5a2-4988-8f65-daa65801c5d1,Dylan Lopez,dylan.lopez.84ee8f13@example.com,+15550000019,active,2024-08-01T00:00:00
user-e4bced79-6e2c-4b22-a6d5-199ed87ca7ee,Michael Carter,michael.carter.e4bced79@example.com,+15550000020,active,2024-08-01T00:00:00
user-3f1fc492-e8ed-4840-97a0-a56592fdc1d9,Yvonne Watson,yvonne.watson.3f1fc492@example.com,+15550000021,active,2024-08-01T00:00:00
user-3483e39a-260f-4974-9366-50c2d833307f,Melissa Lopez,melissa.lopez.3483e39a@example.com,+15550000022,active,2024-08-01T00:00:00
user-0b4a904c-b6d7-4355-b1ff-3744b3831112,Nancy Hernandez MD,nancy.hernandez.md.0b4a904c@example.com,+15550000023,active,2024-08-01T00:00:00
user-3c7a4cde-d92b-4d90-a731-9c0461ae8c90,Nicole Jackson,nicole.jackson.3c7a4cde@example.com,+15550000024,active,2024-08-01T00:00:00
user-9ff834d1-4ca0-4dd5-bb53-ea96ad8611bb,Michael Williams,michael.williams.9ff834d1@example.com,+15550000025,active,2024-08-01T00:00:00
user-bbe9e834-7071-42d6-8970-aa7301b72ec2,Michael Cobb,michael.cobb.bbe9e834@example.com,+15550000026,active,2024-08-01T00:00:00
user-a311b0c8-1b63-4405-8097-09a984512389,Ray Mitchell,ray.mitchell.a311b0c8@example.com,+15550000027,active,2024-08-01T00:00:00
user-24ea0325-a7d6-4388-b86c-7b51e5805b26,Timothy Waller,timothy.waller.24ea0325@example.com,+15550000028,active,2024-08-01T00:00:00
user-d6de888a-0aee-4f77-a7d4-daba8f0da415,Christopher Kim,christopher.kim.d6de888a@example.com,+15550000029,active,2024-08-01T00:00:00
user-3f3af4f6-a87b-4f03-8669-2e1a8e3c6d8b,Carlos Leon,carlos.leon.3f3af4f6@example.com,+15550000030,active,2024-08-01T00:00:00
user-5ed25035-4723-4154-823d-a8c8b4c02e51,Jacob Reeves,jacob.reeves.5ed25035@example.com,+15550000031,active,2024-08-01T00:00:00
user-531465bc-638f-4adb-9b47-cf0c1dc55550,Daniel Small,daniel.small.531465bc@example.com,+15550000032,active,2024-08-01T00:00:00
user-d47a83f3-a765-4a20-b40c-e0993cf00e4f,Jasmine Murray,jasmine.murray.d47a83f3@example.com,+15550000033,active,2024-08-01T00:00:00
user-4b8b181e-668e-45d4-a8e3-7180a41cf064,Martin Barnes,martin.barnes.4b8b181e@example.com,+15550000034,active,2024-08-01T00:00:00
user-6d91807a-84e4-47c1-8e47-925d52e0dd48,Mark Barnett,mark.barnett.6d91807a@example.com,+15550000035,active,2024-08-01T00:00:00
user-848485f0-198f-4efa-8335-707db71a7434,Kristin Mcintyre,kristin.mcintyre.848485f0@example.com,+15550000036,active,2024-08-01T00:00:00
user-90b6264d-1278-47c8-a418-6498aac365ba,Nichole Brown,nichole.brown.90b6264d@example.com,+15550000037,active,2024-08-01T00:00:00
user-18b69140-479d-44b6-8369-04a49414f975,Pamela Lane,pamela.lane.18b69140@example.com,+15550000038,active,2024-08-01T00:00:00
user-4dc2aa9c-8633-4861-b795-5b285cf76a1f,Susan Castillo,susan.castillo.4dc2aa9c@example.com,+15550000039,active,2024-08-01T00:00:00
user-1076f00e-5dd1-41d1-b2a5-0c59e18a5310,Shelly Benitez,shelly.benitez.1076f00e@example.com,+15550000040,active,2024-08-01T00:00:00
user-9bac4be0-d703-4f1d-a088-1bdb362d3246,Scott Thompson,scott.thompson.9bac4be0@example.com,+15550000041,active,2024-08-01T00:00:00
user-0872893c-bf01-4853-b91f-a1cc0263fedf,Stephanie Quinn,stephanie.quinn.0872893c@example.com,+15550000042,active,2024-08-01T00:00:00
user-f5e8b3ff-659d-4bc9-bdc6-6b7fe343bcab,Amanda Johnson,amanda.johnson.f5e8b3ff@example.com,+15550000043,active,2024-08-01T00:00:00
user-1435b563-f156-4cd8-9f3d-6224260e26a4,Melissa Davis,melissa.davis.1435b563@example.com,+15550000044,active,2024-08-01T00:00:00
user-fdd86eaf-7a5b-4598-9a08-6f4f207743bb,Dana Smith,dana.smith.fdd86eaf@example.com,+15550000045,active,2024-08-01T00:00:00
user-b4413ac0-2fc9-4c91-b188-71c109d9be8f,Amy Wolf,amy.wolf.b4413ac0@example.com,+15550000046,active,2024-08-01T00:00:00
user-2dbed2c3-1c68-4b90-a343-39b51de57b45,Rachel Watson,rachel.watson.2dbed2c3@example.com,+15550000047,active,2024-08-01T00:00:00
user-b0da7a9b-77d7-407d-8506-51705503fa05,Sean Koch,sean.koch.b0da7a9b@example.com,+15550000048,active,2024-08-01T00:00:00
user-c5dde410-2c70-486e-bb0d-974b2798825b,Jessica Valdez,jessica.valdez.c5dde410@example.com,+15550000049,active,2024-08-01T00:00:00
user-5d59a09d-7696-4e1b-a171-abe3b79fff2d,Tracy Gibbs,tracy.gibbs.5d59a09d@example.com,+15550000050,active,2024-08-01T00:00:00
user-ddd9ed38-6351-4568-b08c-8f6c92cb84a8,Misty Lee,misty.lee.ddd9ed38@example.com,+15550000051,active,2024-08-01T00:00:00
user-9368e74c-0581-4d77-9358-94e415a80423,Martha Pineda DDS,martha.pineda.dds.9368e74c@example.com,+15550000052,active,2024-08-01T00:00:00
user-2609004e-90a8-450e-98f3-5ebc16841cd5,Joy Lam,joy.lam.2609004e@example.com,+15550000053,active,2024-08-01T00:00:00
user-3870073a-f764-4a2b-bc64-18e4569bf784,Elizabeth Shea,elizabeth.shea.3870073a@example.com,+15550000054,active,2024-08-01T00:00:00
user-710200a9-2c6c-4f21-b3f1-3ed6aa684fa2,Janet Robles,janet.robles.710200a9@example.com,+15550000055,active,2024-08-01T00:00:00
user-43217606-3354-4bb8-b967-c358331d8375,Douglas Hill,douglas.hill.43217606@example.com,+15550000056,active,2024-08-01T00:00:00
user-a7cebb21-0f26-4834-8a09-e3269b21a77b,Emma Mitchell,emma.mitchell.a7cebb21@example.com,+15550000057,active,2024-08-01T00:00:00
user-05fae288-07c2-4e99-a945-fa3fbfa123ed,Rodney Berry,rodney.berry.05fae288@example.com,+15550000058,active,2024-08-01T00:00:00
user-d9464bcd-0a19-4058-8fc1-bea843e6c339,Brittany Brown,brittany.brown.d9464bcd@example.com,+15550000059,active,2024-08-01T00:00:00
user-847d46dd-9721-4351-8bef-5c2292b57d6f,Kelly Singh,kelly.singh.847d46dd@example.com,+15550000060,active,2024-08-01T00:00:00
user-1c4a9464-3e0e-45d2-9ca2-87c36b03f80b,Benjamin Bell,benjamin.bell.1c4a9464@example.com,+15550000061,active,2024-08-01T00:00:00
user-5a589b0f-69ac-4256-aea8-df379845f417,Johnny Ryan,johnny.ryan.5a589b0f@example.com,+15550000062,active,2024-08-01T00:00:00
user-47e4f30d-f965-45df-8474-93d5aeaf7cb2,Christian Fernandez,christian.fernandez.47e4f30d@example.com,+15550000063,active,2024-08-01T00:00:00
user-0688ed48-bbd7-41d6-b5ef-c2cd771f72c2,Todd Burton,todd.burton.0688ed48@example.com,+15550000064,active,2024-08-01T00:00:00
user-28447ab4-5e16-465e-acd1-7fcacd2d97e2,Andrew Perez,andrew.perez.28447ab4@example.com,+15550000065,active,2024-08-01T00:00:00
user-d82c6a2f-7e02-40de-81c3-c42ef14d8460,Jerry Thompson II,jerry.thompson.ii.d82c6a2f@example.com,+15550000066,active,2024-08-01T00:00:00
user-013b644d-5645-44bd-8ca3-d7d254b2ba18,Keith Cook,keith.cook.013b644d@example.com,+15550000067,active,2024-08-01T00:00:00
user-66983396-cb40-4613-8d6d-306b8f9ca5c4,Alexander Burke,alexander.burke.66983396@example.com,+15550000068,active,2024-08-01T00:00:00
user-23c5eb35-05e9-4347-8854-ee86ec27393e,Nicholas Benson,nicholas.benson.23c5eb35@example.com,+15550000069,active,2024-08-01T00:00:00
user-a57c96be-0b7a-41c6-bd9a-9330e20c497a,Jessica Richard,jessica.richard.a57c96be@example.com,+15550000070,active,2024-08-01T00:00:00
user-f3feb7f9-9069-4fd7-be91-3800d1307935,Brittany Barrera,brittany.barrera.f3feb7f9@example.com,+15550000071,active,2024-08-01T00:00:00
user-967d3e2d-8b15-4f43-a6b5-d1dd3934707d,Jeffrey Bailey,jeffrey.bailey.967d3e2d@example.com,+15550000072,active,2024-08-01T00:00:00
user-0d2974c5-d4de-4163-bf27-73d86a77b048,Jessica Lewis,jessica.lewis.0d2974c5@example.com,+15550000073,active,2024-08-01T00:00:00
user-dc634429-12c2-417d-b460-f3ed4903d539,John Lowe,john.lowe.dc634429@example.com,+15550000074,active,2024-08-01T00:00:00
user-2bdeb3b7-a894-4fcf-8218-e41167bc557e,Brian Johnson,brian.johnson.2bdeb3b7@example.com,+15550000075,active,2024-08-01T00:00:00
user-84f816bd-12e2-4633-a419-fc80705977e6,Alicia Huerta,alicia.huerta.84f816bd@example.com,+15550000076,active,2024-08-01T00:00:00
user-0bb6fcf3-0741-4179-af46-d26c45b77171,Angela Hebert,angela.hebert.0bb6fcf3@example.com,+15550000077,active,2024-08-01T00:00:00
user-827eed18-8ab1-4e5d-ab00-5d8ac9bb168b,Larry Ward,larry.ward.827eed18@example.com,+15550000078,active,2024-08-01T00:00:00
user-9db0e79f-fdea-4290-ba7b-114141f33d1f,Katherine Odom,katherine.odom.9db0e79f@example.com,+15550000079,active,2024-08-01T00:00:00
user-2a2c365a-ac9d-4106-a494-678e09ae412c,Tyler Henderson,tyler.henderson.2a2c365a@example.com,+15550000080,active,2024-08-01T00:00:00
user-a970776b-59ce-47ec-9e77-946229a8be45,Cheryl Campos,cheryl.campos.a970776b@example.com,+15550000081,active,2024-08-01T00:00:00
user-fd788ea1-7f9f-477b-b5fa-9a64962eb7f0,Brad Williamson,brad.williamson.fd788ea1@example.com,+15550000082,active,2024-08-01T00:00:00
user-132425e2-d22d-43aa-a372-e3d9bfd77f8c,John Marshall,john.marshall.132425e2@example.com,+15550000083,active,2024-08-01T00:00:00
user-cee4269a-3771-43d9-adc4-762ba3bc1782,Alicia Clark,alicia.clark.cee4269a@example.com,+15550000084,active,2024-08-01T00:00:00
user-58491188-36e5-4fb3-ab3b-514e78a270a6,Brenda Miller,brenda.miller.58491188@example.com,+15550000085,active,2024-08-01T00:00:00
user-5fccc95a-c30f-4525-a4a6-43861baae99a,Karina Thompson,karina.thompson.5fccc95a@example.com,+15550000086,active,2024-08-01T00:00:00
user-b27a07f1-ddf4-4134-9f7d-1b1ac869b110,Patrick Knight,patrick.knight.b27a07f1@example.com,+15550000087,active,2024-08-01T00:00:00
user-16e8d4f8-2451-446f-a254-3bc68e40621b,Stacey Miller,stacey.miller.16e8d4f8@example.com,+15550000088,active,2024-08-01T00:00:00
user-2a0095cd-099e-45f3-a8ed-241dbe5cde18,William James,william.james.2a0095cd@example.com,+15550000089,active,2024-08-01T00:00:00
user-bbfdba43-2871-4e95-84d9-e2ff45960e7d,Christina Rollins,christina.rollins.bbfdba43@example.com,+15550000090,active,2024-08-01T00:00:00
user-2030e11b-f809-402e-8a1e-00aa3cb751da,Aaron Wilson,aaron.wilson.2030e11b@example.com,+15550000091,active,2024-08-01T00:00:00
user-c90ea8ef-05ef-4528-bb65-06a8180093d8,James Stuart,james.stuart.c90ea8ef@example.com,+15550000092,active,2024-08-01T00:00:00
user-9d37a85b-84b4-486d-b852-fd896a50fbf6,Jessica James,jessica.james.9d37a85b@example.com,+15550000093,active,2024-08-01T00:00:00
user-92bac428-565b-4fba-a911-e9f3dc3c5ad8,Rodney Gonzalez,rodney.gonzalez.92bac428@example.com,+15550000094,active,2024-08-01T00:00:00
user-9aaa8391-995f-4006-8413-c590098fc46a,Joshua Mann,joshua.mann.9aaa8391@example.com,+15550000095,active,2024-08-01T00:00:00
user-bacd6bed-844e-4650-8181-7f73dd1352e2,Kristin Frank,kristin.frank.bacd6bed@example.com,+15550000096,active,2024-08-01T00:00:00
user-9eac28b8-2264-4e48-9c2c-b3f7384bc20a,Karen Sanchez,karen.sanchez.9eac28b8@example.com,+15550000097,active,2024-08-01T00:00:00
user-83967256-31c2-4fcb-a61d-2378ac6f1ad6,Jeffrey Love,jeffrey.love.83967256@example.com,+15550000098,active,2024-08-01T00:00:00
user-3d2423f0-cecf-4060-b105-96b04f2ea442,Henry Zamora,henry.zamora.3d2423f0@example.com,+15550000099,active,2024-08-01T00:00:00
user-ce73a9b8-27f8-4c9f-941c-4b99a646fb32,Kenneth Hudson DDS,kenneth.hudson.dds.ce73a9b8@example.com,+15550000100,active,2024-08-01T00:00:00
user-76acc7d2-0fca-4530-89dd-39889b4f3bb3,Bruce Cole,bruce.cole.76acc7d2@example.com,+15550000101,active,2024-08-01T00:00:00
user-40cff0ad-5c91-46bc-b72b-737347aafb25,Carrie Russell MD,carrie.russell.md.40cff0ad@example.com,+15550000102,active,2024-08-01T00:00:00
user-4d6ee3e3-9ec6-4c2e-9552-a75af6d19f14,Aaron Gardner,aaron.gardner.4d6ee3e3@example.com,+15550000103,active,2024-08-01T00:00:00
user-94e0e084-e14c-4061-80da-7e6030bf14d5,Ryan Austin,ryan.austin.94e0e084@example.com,+15550000104,active,2024-08-01T00:00:00
user-5d5ea9b6-fefd-4e25-850a-9c2d365e7e27,Tracy Garcia,tracy.garcia.5d5ea9b6@example.com,+15550000105,active,2024-08-01T00:00:00
user-c6fb82d9-b6e6-445a-a3d3-0158405a9d16,Angela James,angela.james.c6fb82d9@example.com,+15550000106,active,2024-08-01T00:00:00
user-e6ef189a-76de-4ef5-ace2-676d69273e22,Wesley Jenkins,wesley.jenkins.e6ef189a@example.com,+15550000107,active,2024-08-01T00:00:00
user-352810e9-e0fe-4062-a808-83f47ad5f4d4,Dylan Anderson,dylan.anderson.352810e9@example.com,+15550000108,active,2024-08-01T00:00:00
user-d31efffd-fdc4-4168-ac26-83b67a6c5c47,Derek Smith,derek.smith.d31efffd@example.com,+15550000109,active,2024-08-01T00:00:00
user-fe2e9f59-c77b-4756-ad2e-fe864a560344,April Curtis,april.curtis.fe2e9f59@example.com,+15550000110,active,2024-08-01T00:00:00
user-c9276a13-5b0f-4ce9-8802-3e0ead192508,Melody Wright,melody.wright.c9276a13@example.com,+15550000111,active,2024-08-01T00:00:00
user-102e02b0-7f44-4058-881f-7896edc964b2,William Diaz,william.diaz.102e02b0@example.com,+15550000112,active,2024-08-01T00:00:00
user-34a9dd73-95d0-45d9-a3fb-636e4e080a6c,Jonathan Anderson,jonathan.anderson.34a9dd73@example.com,+15550000113,active,2024-08-01T00:00:00
user-cbda2de6-06db-4a9f-91af-cc36e8ba0bad,Wyatt Bates,wyatt.bates.cbda2de6@example.com,+15550000114,active,2024-08-01T00:00:00
user-5b2179c5-dd1c-45b4-b99c-10f1c7c201f4,Garrett Black,garrett.black.5b2179c5@example.com,+15550000115,active,2024-08-01T00:00:00
user-0206c59d-8464-4845-9680-9463df25efd9,Jose Fox,jose.fox.0206c59d@example.com,+15550000116,active,2024-08-01T00:00:00
user-a792d50a-1570-450f-901a-c26bc3b4a9dd,Debra Wolf,debra.wolf.a792d50a@example.com,+15550000117,active,2024-08-01T00:00:00
user-117c9a65-4a4c-494f-8a54-64305d57c551,John Anthony,john.anthony.117c9a65@example.com,+15550000118,active,2024-08-01T00:00:00
user-189edb91-3f25-4f32-bfb4-64bd4052cb1c,Tina Collins,tina.collins.189edb91@example.com,+15550000119,active,2024-08-01T00:00:00
user-2aee3fe5-2eb0-4391-bb79-d4d4ffdd9931,John Drake,john.drake.2aee3fe5@example.com,+15550000120,active,2024-08-01T00:00:00
user-3d0d96e7-a6da-4e11-a509-76b813d466f5,Alexis Cervantes,alexis.cervantes.3d0d96e7@example.com,+15550000121,active,2024-08-01T00:00:00
user-878f6e41-bcd7-4f18-aa89-90133272eafa,Patrick Thomas,patrick.thomas.878f6e41@example.com,+15550000122,active,2024-08-01T00:00:00
user-f044be50-29c1-40c4-a16c-a1dd1f95d6f3,Keith Phillips,keith.phillips.f044be50@example.com,+15550000123,active,2024-08-01T00:00:00
user-961b1333-d41e-443a-9880-0b1c8c59e141,Kyle Martin,kyle.martin.961b1333@example.com,+15550000124,active,2024-08-01T00:00:00
user-41db9c8c-af73-46c6-b7aa-64cee86dbe41,Brad Hogan,brad.hogan.41db9c8c@example.com,+15550000125,active,2024-08-01T00:00:00
user-72874237-a564-45ff-95cf-5fb3ab18e7c8,Katie Ruiz,katie.ruiz.72874237@example.com,+15550000126,active,2024-08-01T00:00:00
user-612533b6-7eaf-45a2-b9d4-06192ce5620e,Ryan Byrd,ryan.byrd.612533b6@example.com,+15550000127,active,2024-08-01T00:00:00
user-4b761c33-8a8a-4dbe-a0d0-fa3261b391ee,Renee Gibson,renee.gibson.4b761c33@example.com,+15550000128,active,2024-08-01T00:00:00
user-b1554012-ee9c-477f-a055-e067482499a6,Mr. Matthew Meyer,mr..matthew.meyer.b1554012@example.com,+15550000129,active,2024-08-01T00:00:00
user-9094466a-3714-44da-802d-85c2317b80e5,Joshua Gallagher,joshua.gallagher.9094466a@example.com,+15550000130,active,2024-08-01T00:00:00
user-d1a4b7a2-e152-4377-ad2c-08cb61ad6688,Rachel Rodriguez,rachel.rodriguez.d1a4b7a2@example.com,+15550000131,active,2024-08-01T00:00:00
user-f84190e8-5c4a-4bec-be4d-2e554dd46614,Erik Gordon,erik.gordon.f84190e8@example.com,+15550000132,active,2024-08-01T00:00:00
user-8e104807-9dc2-4625-a1b7-9d858ddd96de,Michael Perez,michael.perez.8e104807@example.com,+15550000133,active,2024-08-01T00:00:00
user-99b2e147-d4f4-4a75-8f55-17304a277ed2,Sara Henderson,sara.henderson.99b2e147@example.com,+15550000134,active,2024-08-01T00:00:00
user-34ec60c6-4248-4ad1-8dd9-759b309578a4,Leah Estrada,leah.estrada.34ec60c6@example.com,+15550000135,active,2024-08-01T00:00:00
user-f6722fed-e7e1-443f-84e8-a753dc7dcd63,Cameron Martin,cameron.martin.f6722fed@example.com,+15550000136,active,2024-08-01T00:00:00
user-faae2750-9c1c-4c70-96ed-e845374e4e5e,Roy Young,roy.young.faae2750@example.com,+15550000137,active,2024-08-01T00:00:00
user-aece6b12-b296-4a1b-991c-ab89ac207fed,Ashley Franco,ashley.franco.aece6b12@example.com,+15550000138,active,2024-08-01T00:00:00
user-2ffdab76-6ec7-4dce-bd58-e9b2f6da991c,Jacqueline Morris,jacqueline.morris.2ffdab76@example.com,+15550000139,active,2024-08-01T00:00:00
user-797a1a0b-31a6-4422-af8a-98fd4e5e1114,Justin Barrera,justin.barrera.797a1a0b@example.com,+15550000140,active,2024-08-01T00:00:00
user-b2263d08-d05d-4240-a470-6fe31527b9d2,Kathleen Rice,kathleen.rice.b2263d08@example.com,+15550000141,active,2024-08-01T00:00:00
user-bbc4757e-2351-486e-9ca8-f73b9dac716f,Barbara Pearson,barbara.pearson.bbc4757e@example.com,+15550000142,active,2024-08-01T00:00:00
user-07ef23e6-1d65-4721-a3ce-889f1c58f021,Wendy Bowman,wendy.bowman.07ef23e6@example.com,+15550000143,active,2024-08-01T00:00:00
user-534f7dee-6c8b-474d-b7be-41fa1dbbe93a,Jon Heath,jon.heath.534f7dee@example.com,+15550000144,active,2024-08-01T00:00:00
user-2ba287a4-72ee-4028-bc13-39a65e78db4d,Melvin Ingram,melvin.ingram.2ba287a4@example.com,+15550000145,active,2024-08-01T00:00:00
user-49a962c3-f4f1-4c85-accc-a1e3a243a202,Larry Gilmore,larry.gilmore.49a962c3@example.com,+15550000146,active,2024-08-01T00:00:00
user-b0382b3d-f5c4-4ecd-9e82-9ec911feb36a,Ronnie Anderson,ronnie.anderson.b0382b3d@example.com,+15550000147,active,2024-08-01T00:00:00
user-7745384f-ccaa-4363-a18b-5e9ff0a824c0,Emily Barnes,emily.barnes.7745384f@example.com,+15550000148,active,2024-08-01T00:00:00
user-4671e25f-30dd-4e69-bd9f-8b7f48135732,Matthew Chapman,matthew.chapman.4671e25f@example.com,+15550000149,active,2024-08-01T00:00:00
user-723f776c-3ad0-4fa2-8177-a80f2cab59d9,Darryl Green,darryl.green.723f776c@example.com,+15550000150,active,2024-08-01T00:00:00
user-3cc240f8-bb78-4677-a387-18bb7667c3ea,Arthur Evans,arthur.evans.3cc240f8@example.com,+15550000151,active,2024-08-01T00:00:00
user-7bfeca78-8e06-4644-9d0b-1470c32aa9e7,Dr. Maria Moreno MD,dr..maria.moreno.md.7bfeca78@example.com,+15550000152,active,2024-08-01T00:00:00
user-7d624fe1-d3a6-4326-a6e6-32ebc0c46ea9,Mark Mitchell,mark.mitchell.7d624fe1@example.com,+15550000153,active,2024-08-01T00:00:00
user-15b9a6ba-816d-4956-936f-2894eff8b72d,Casey Martinez,casey.martinez.15b9a6ba@example.com,+15550000154,active,2024-08-01T00:00:00
user-f285aab8-56d5-40ad-92f1-61b0a4498890,Andre Sanders,andre.sanders.f285aab8@example.com,+15550000155,active,2024-08-01T00:00:00
user-176aa5a0-a79f-4429-84fb-73d501c7e219,Charlene Robinson,charlene.robinson.176aa5a0@example.com,+15550000156,active,2024-08-01T00:00:00
user-b2664ec9-be42-46bd-9f6d-073a50105636,Dr. Shannon Carter,dr..shannon.carter.b2664ec9@example.com,+15550000157,active,2024-08-01T00:00:00
user-74b13d9f-159f-4adb-8b2c-a623d67b529e,Melissa Miller,melissa.miller.74b13d9f@example.com,+15550000158,active,2024-08-01T00:00:00
user-71c65b56-3757-459a-ac5b-b50c76fb6a5e,Tanner Mullen,tanner.mullen.71c65b56@example.com,+15550000159,active,2024-08-01T00:00:00
user-148d63de-77f4-461d-b3ca-5369e9a98e7b,Jennifer Garcia,jennifer.garcia.148d63de@example.com,+15550000160,active,2024-08-01T00:00:00
user-5f31277a-2dcf-4273-81e3-312413596a23,Scott Reyes,scott.reyes.5f31277a@example.com,+15550000161,active,2024-08-01T00:00:00
user-96f16837-3562-4765-b8dc-ddd863a970f2,Angela Moyer,angela.moyer.96f16837@example.com,+15550000162,active,2024-08-01T00:00:00
user-359ce707-dfea-41f8-be3e-8689b460486f,Ronnie Knight,ronnie.knight.359ce707@example.com,+15550000163,active,2024-08-01T00:00:00
user-be6fcaa5-9911-4bb6-b97c-47eb53c88b32,James Gardner,james.gardner.be6fcaa5@example.com,+15550000164,active,2024-08-01T00:00:00
user-3d097c4e-dd09-4cfa-8460-39fd4fb8a1cc,Robin Vargas,robin.vargas.3d097c4e@example.com,+15550000165,active,2024-08-01T00:00:00
user-1069ad16-5cc8-4f60-83a5-08e7e0beeb5c,Brendan Hawkins,brendan.hawkins.1069ad16@example.com,+15550000166,active,2024-08-01T00:00:00
user-4acffd44-9d77-4c09-afdb-e7f93ee5518b,Jennifer Richardson,jennifer.richardson.4acffd44@example.com,+15550000167,active,2024-08-01T00:00:00
user-e77008c8-b7e1-4bb6-93d8-8383d6385531,Michael Acosta,michael.acosta.e77008c8@example.com,+15550000168,active,2024-08-01T00:00:00
user-191feb1d-2def-4cbf-a8f8-ee3eb3856ea2,Adam Rowe,adam.rowe.191feb1d@example.com,+15550000169,active,2024-08-01T00:00:00
user-cfefbf12-9a5a-4d61-a708-d92f785af097,Julie Taylor,julie.taylor.cfefbf12@example.com,+15550000170,active,2024-08-01T00:00:00
user-1095b08b-dad8-473d-9ec9-bafeb20e71c9,Tamara Hinton,tamara.hinton.1095b08b@example.com,+15550000171,active,2024-08-01T00:00:00
user-b0cab1cc-6689-4922-a78f-5c6e1c458cd1,Alex Taylor,alex.taylor.b0cab1cc@example.com,+15550000172,active,2024-08-01T00:00:00
user-ff4e2ef5-4f72-41f4-90ea-4f40665b9f5b,Andrew Serrano,andrew.serrano.ff4e2ef5@example.com,+15550000173,active,2024-08-01T00:00:00
user-e2141773-bfb8-4698-a4da-2be4540c14a5,Micheal Ross,micheal.ross.e2141773@example.com,+15550000174,active,2024-08-01T00:00:00
user-e9647282-4e31-40a7-a07e-5d10cd7e447a,Anne Jackson,anne.jackson.e9647282@example.com,+15550000175,active,2024-08-01T00:00:00
user-6a0e8a99-d39a-4600-9876-1344b693450f,Amy Andrade,amy.andrade.6a0e8a99@example.com,+15550000176,active,2024-08-01T00:00:00
user-ea224baf-b892-4ba2-b9f3-d14cc512820c,Christopher Cooper,christopher.cooper.ea224baf@example.com,+15550000177,active,2024-08-01T00:00:00
user-1233e680-06d7-4b38-8c6e-796ef158556a,Chad Walsh,chad.walsh.1233e680@example.com,+15550000178,active,2024-08-01T00:00:00
user-3810f8e6-9278-4c26-9be0-d6d6c35fe477,Ashley Mcdaniel,ashley.mcdaniel.3810f8e6@example.com,+15550000179,active,2024-08-01T00:00:00
user-ffd40778-a37e-453c-81d1-9a769cac4692,Shannon Alexander,shannon.alexander.ffd40778@example.com,+15550000180,active,2024-08-01T00:00:00
user-8ebb4b7d-ed19-43be-a647-6c3a9a6a166a,David Mann,david.mann.8ebb4b7d@example.com,+15550000181,active,2024-08-01T00:00:00
user-e0cbd2e1-eee7-409c-9cf1-707eb4f867ce,Christopher Torres,christopher.torres.e0cbd2e1@example.com,+15550000182,active,2024-08-01T00:00:00
user-d285a28f-6fa3-4c70-9469-73e7fe1787ae,Elizabeth Ryan DVM,elizabeth.ryan.dvm.d285a28f@example.com,+15550000183,active,2024-08-01T00:00:00
user-77b903b9-c97e-44ae-8274-9dea7b101277,Christine Gonzales,christine.gonzales.77b903b9@example.com,+15550000184,active,2024-08-01T00:00:00
user-953ad96a-103b-4460-a3b5-14b78403eb5d,Lindsey Hunter,lindsey.hunter.953ad96a@example.com,+15550000185,active,2024-08-01T00:00:00
user-875e080f-6237-421c-b26b-433b3b0c6584,Dr. Matthew Hancock,dr..matthew.hancock.875e080f@example.com,+15550000186,active,2024-08-01T00:00:00
user-400ec64f-461d-45c5-b45e-b5c8dc21b4e1,Sara Valentine,sara.valentine.400ec64f@example.com,+15550000187,active,2024-08-01T00:00:00
user-d23755ac-d315-4dfd-ae80-4fa042f7d833,John Brewer,john.brewer.d23755ac@example.com,+15550000188,active,2024-08-01T00:00:00
user-47334d60-a9ec-4cf6-8af3-a2d030a6062f,Ryan Carpenter,ryan.carpenter.47334d60@example.com,+15550000189,active,2024-08-01T00:00:00
user-2a26f327-c9ef-40f4-bb8c-c809417caad1,Danny Walker,danny.walker.2a26f327@example.com,+15550000190,active,2024-08-01T00:00:00
user-f1c35457-d11b-4726-ae58-b98a09167675,Sarah Harris,sarah.harris.f1c35457@example.com,+15550000191,active,2024-08-01T00:00:00
user-3f13d579-3df8-478c-b978-eec7255facfa,Richard Lee,richard.lee.3f13d579@example.com,+15550000192,active,2024-08-01T00:00:00
user-40353a67-5df0-44ca-9c10-b42fab44c6f3,Robert Skinner,robert.skinner.40353a67@example.com,+15550000193,active,2024-08-01T00:00:00
user-baa48fe5-b7a4-4ea7-8eaf-5387ded157f7,Tracy Santiago MD,tracy.santiago.md.baa48fe5@example.com,+15550000194,active,2024-08-01T00:00:00
user-899ea741-e615-4f9e-ad30-286f6f306f00,Mr. Jeremy Cameron,mr..jeremy.cameron.899ea741@example.com,+15550000195,active,2024-08-01T00:00:00
user-0a42e609-2a53-4824-bf02-0088bdb9b149,Sharon Sawyer,sharon.sawyer.0a42e609@example.com,+15550000196,active,2024-08-01T00:00:00
user-5f8c9b91-24ee-43a2-b758-fece4c2fd787,Richard Holloway,richard.holloway.5f8c9b91@example.com,+15550000197,active,2024-08-01T00:00:00
user-46d24c86-1a31-430e-b1c4-1f4d8632c5ee,Glen King,glen.king.46d24c86@example.com,+15550000198,active,2024-08-01T00:00:00
user-143944c0-b4d0-48f7-ac1f-6ffaeff64a70,Lydia Khan,lydia.khan.143944c0@example.com,+15550000199,active,2024-08-01T00:00:00
user-b69dd468-7a0d-45e5-951c-ead1fcda2225,David Cooper DDS,david.cooper.dds.b69dd468@example.com,+15550000200,active,2024-08-01T00:00:00
user-a5781cf5-d32e-4370-b0f8-4f229bc0efa4,Madison Davis,madison.davis.a5781cf5@example.com,+15550000201,active,2024-08-01T00:00:00
user-0db82818-585b-4e3f-9898-2a72727c2e42,Mary Pacheco,mary.pacheco.0db82818@example.com,+15550000202,active,2024-08-01T00:00:00
user-cec4dd97-5c6e-415b-ba06-47dc8ef4570f,Terry Rice,terry.rice.cec4dd97@example.com,+15550000203,active,2024-08-01T00:00:00
user-b418aed1-0951-4085-9fe4-e750e7fe45f9,Peter Ross,peter.ross.b418aed1@example.com,+15550000204,active,2024-08-01T00:00:00
user-b4cc95b0-6dbf-4264-a3ef-43fbbadf652a,Devin Clayton,devin.clayton.b4cc95b0@example.com,+15550000205,active,2024-08-01T00:00:00
user-19a47a26-3ca3-42d2-9e2d-8da79f09b587,Suzanne Farley,suzanne.farley.19a47a26@example.com,+15550000206,active,2024-08-01T00:00:00
user-7528c8de-b892-4894-8892-94a29730aa9c,Andrea Moore,andrea.moore.7528c8de@example.com,+15550000207,active,2024-08-01T00:00:00
user-1826e2e6-ccef-4719-8707-4c18ec953356,Misty Reed,misty.reed.1826e2e6@example.com,+15550000208,active,2024-08-01T00:00:00
user-5daa5d95-314b-4f5e-8926-8d61c9d4daa1,Mr. Adam Carey,mr..adam.carey.5daa5d95@example.com,+15550000209,active,2024-08-01T00:00:00
user-d224c314-09b4-49c7-9490-53d3247615d2,Julie Dixon,julie.dixon.d224c314@example.com,+15550000210,active,2024-08-01T00:00:00
user-15aeedcc-eed4-453e-850c-7f876e54c4ab,Robert Lang,robert.lang.15aeedcc@example.com,+15550000211,active,2024-08-01T00:00:00
user-ac4632eb-3a22-4956-896e-0a3899a647f1,Deborah Page,deborah.page.ac4632eb@example.com,+15550000212,active,2024-08-01T00:00:00
user-890861ac-5e77-4568-aaff-807b37e6f872,Caitlyn Hill,caitlyn.hill.890861ac@example.com,+15550000213,active,2024-08-01T00:00:00
user-f7989645-3a12-42f6-a926-2a7388aeb297,Stacy Ibarra,stacy.ibarra.f7989645@example.com,+15550000214,active,2024-08-01T00:00:00
user-3bfe5d2b-8ab3-473f-b56c-cdd86fff8877,Martin Cook,martin.cook.3bfe5d2b@example.com,+15550000215,active,2024-08-01T00:00:00
user-bbce772f-b9b7-49f2-b79e-fa5d953ced6b,Debbie Lopez,debbie.lopez.bbce772f@example.com,+15550000216,active,2024-08-01T00:00:00
user-5da6ee93-0365-4464-849c-cba666614c05,Christina Roberts,christina.roberts.5da6ee93@example.com,+15550000217,active,2024-08-01T00:00:00
user-f4c4994a-5a77-4a2f-902b-4f69c22ccee3,Melissa Roberts,melissa.roberts.f4c4994a@example.com,+15550000218,active,2024-08-01T00:00:00
user-19fee9df-73a9-41e9-9777-18d2a79ab8b4,Amy Garcia,amy.garcia.19fee9df@example.com,+15550000219,active,2024-08-01T00:00:00
user-d6cf7caa-9dd8-48c6-b4ee-5a02f62bb280,David Webb,david.webb.d6cf7caa@example.com,+15550000220,active,2024-08-01T00:00:00
user-04edb858-b8d9-455a-a1f2-f236df11a91f,Curtis Moore,curtis.moore.04edb858@example.com,+15550000221,active,2024-08-01T00:00:00
user-94a6d963-227a-4d07-92a6-0bb60ebd66e6,Ann Yoder,ann.yoder.94a6d963@example.com,+15550000222,active,2024-08-01T00:00:00
user-627b564c-f368-4634-b7f8-d7e1c5ee980a,David Leonard,david.leonard.627b564c@example.com,+15550000223,active,2024-08-01T00:00:00
user-72492cee-bfcb-4501-9a63-5afe45f5215a,Crystal Mendez,crystal.mendez.72492cee@example.com,+15550000224,active,2024-08-01T00:00:00
user-bb0bc182-b8f7-4f26-b794-dca522dd4cec,Christina Ramirez,christina.ramirez.bb0bc182@example.com,+15550000225,active,2024-08-01T00:00:00
user-387603c1-d2a6-475e-ab4c-9ba7aa78bb27,James Thomas,james.thomas.387603c1@example.com,+15550000226,active,2024-08-01T00:00:00
user-125d87d5-a36a-4f4e-865c-3122386e88ca,Dale Berry,dale.berry.125d87d5@example.com,+15550000227,active,2024-08-01T00:00:00
user-bde10f4a-86e5-45d2-b176-3ec1222265c1,Vincent Clark,vincent.clark.bde10f4a@example.com,+15550000228,active,2024-08-01T00:00:00
user-ead66f31-3437-42c5-9145-8281898ce326,Rachael Hobbs,rachael.hobbs.ead66f31@example.com,+15550000229,active,2024-08-01T00:00:00
user-b91c4cbb-67d6-4515-b897-dd13e44c1101,Michelle White,michelle.white.b91c4cbb@example.com,+15550000230,active,2024-08-01T00:00:00
user-adf0d9db-c6a0-4226-a93f-30482ccd9d28,Donald Thomas,donald.thomas.adf0d9db@example.com,+15550000231,active,2024-08-01T00:00:00
user-34a7e239-a098-4105-a6ab-b1a2c1c1c160,Jay Haley,jay.haley.34a7e239@example.com,+15550000232,active,2024-08-01T00:00:00
user-438d7ce2-8d55-49cd-ab64-d781e25abb9e,Debra Simmons,debra.simmons.438d7ce2@example.com,+15550000233,active,2024-08-01T00:00:00
user-36df5a68-777a-4824-9342-f7f557e872ba,Kimberly Barnes,kimberly.barnes.36df5a68@example.com,+15550000234,active,2024-08-01T00:00:00
user-ed7f8737-2c99-408f-afd0-f91c740e414c,Sarah Ross,sarah.ross.ed7f8737@example.com,+15550000235,active,2024-08-01T00:00:00
user-a1be3ec3-e6d6-43ba-8011-02ffe7491e78,Jeffery Harrison,jeffery.harrison.a1be3ec3@example.com,+15550000236,active,2024-08-01T00:00:00
user-848c50eb-5e2a-4b53-b6b9-751bfad107b7,Cynthia Owens,cynthia.owens.848c50eb@example.com,+15550000237,active,2024-08-01T00:00:00
user-017413ff-58e5-4097-93e6-84f98038b20b,Angela Stephens,angela.stephens.017413ff@example.com,+15550000238,active,2024-08-01T00:00:00
user-367f1e9a-938e-4d15-8ec1-50ce91fef6ce,Virginia James,virginia.james.367f1e9a@example.com,+15550000239,active,2024-08-01T00:00:00
user-fa08fd03-3569-400d-9d63-e8ae15712195,Cody Gonzalez,cody.gonzalez.fa08fd03@example.com,+15550000240,active,2024-08-01T00:00:00
user-52ecad80-29ad-4b94-8e45-82007ac63dba,Emily Anderson,emily.anderson.52ecad80@example.com,+15550000241,active,2024-08-01T00:00:00
user-ff29ece6-95da-4800-acd2-b14950a339dd,Melissa Sanders,melissa.sanders.ff29ece6@example.com,+15550000242,active,2024-08-01T00:00:00
user-03a59f85-596f-4b87-9ab3-5f1a84f37beb,Samuel Washington,samuel.washington.03a59f85@example.com,+15550000243,active,2024-08-01T00:00:00
user-53dda453-796e-4167-b482-7449bd52694f,Tanya Anderson,tanya.anderson.53dda453@example.com,+15550000244,active,2024-08-01T00:00:00
user-f35eb7b6-1b25-433b-90b5-29212b72f6e2,Brittany Reed,brittany.reed.f35eb7b6@example.com,+15550000245,active,2024-08-01T00:00:00
user-28a5a7b8-b34b-47a6-91f7-8e384d6b6f59,Mark Jenkins,mark.jenkins.28a5a7b8@example.com,+15550000246,active,2024-08-01T00:00:00
user-3f78077b-93c7-4c4e-8976-f16cb11cfcfc,Brenda Kent,brenda.kent.3f78077b@example.com,+15550000247,active,2024-08-01T00:00:00
user-efc6a229-f984-41c8-b741-83d9a46c5fd1,Jay Cruz,jay.cruz.efc6a229@example.com,+15550000248,active,2024-08-01T00:00:00
user-8f40d15b-7ab5-4fdb-b9a0-767514af456f,Karen Obrien,karen.obrien.8f40d15b@example.com,+15550000249,active,2024-08-01T00:00:00
user-41653b96-0020-4b26-86da-cb8f9aac99a0,Heather Gomez MD,heather.gomez.md.41653b96@example.com,+15550000250,active,2024-08-01T00:00:00
user-2dc965e2-d3fc-4bc8-a118-d1636dbfe8c5,Sarah Thomas,sarah.thomas.2dc965e2@example.com,+15550000251,active,2024-08-01T00:00:00
user-2ef9867e-e76c-4d07-8089-7935ba03ca03,Ashley Bradley,ashley.bradley.2ef9867e@example.com,+15550000252,active,2024-08-01T00:00:00
user-6bb3949d-b446-4beb-bcc9-01846e7ef85f,Nicole Martin,nicole.martin.6bb3949d@example.com,+15550000253,active,2024-08-01T00:00:00
user-04b679f3-0691-47bc-975a-fdac41f52db4,Matthew Grant,matthew.grant.04b679f3@example.com,+15550000254,active,2024-08-01T00:00:00
user-4b503eb1-da2e-4115-8f64-b4dc888db448,Joshua Wells,joshua.wells.4b503eb1@example.com,+15550000255,active,2024-08-01T00:00:00
user-90249383-3427-4005-a185-d20f5542dae5,Christopher Villa,christopher.villa.90249383@example.com,+15550000256,active,2024-08-01T00:00:00
user-058a019d-da8d-434a-8e8b-621c3b214928,Danielle Weaver,danielle.weaver.058a019d@example.com,+15550000257,active,2024-08-01T00:00:00
user-598904ac-fa48-43af-8fe9-41388451ae53,Debra Hall,debra.hall.598904ac@example.com,+15550000258,active,2024-08-01T00:00:00
user-2068f48f-4c39-4084-81d1-95af149d8547,Sharon Sims,sharon.sims.2068f48f@example.com,+15550000259,active,2024-08-01T00:00:00
user-dec2b1be-3447-4044-b4e3-17848dfd390e,Diane Marshall,diane.marshall.dec2b1be@example.com,+15550000260,active,2024-08-01T00:00:00
user-6b9cd81e-126c-4c53-b6b5-575d78951256,Andrea Randall,andrea.randall.6b9cd81e@example.com,+15550000261,active,2024-08-01T00:00:00
user-0e7b96a0-3300-42a0-b46a-0376d91610eb,Tammy Watson,tammy.watson.0e7b96a0@example.com,+15550000262,active,2024-08-01T00:00:00
user-33a6f9f2-9265-47a5-ab40-37c29c87ed07,George Moore,george.moore.33a6f9f2@example.com,+15550000263,active,2024-08-01T00:00:00
user-3fa371d4-77dd-4e91-9a2f-86801b001903,Diane Davis,diane.davis.3fa371d4@example.com,+15550000264,active,2024-08-01T00:00:00
user-2977486c-8467-4a72-a290-db87a9022320,Michael Walker,michael.walker.2977486c@example.com,+15550000265,active,2024-08-01T00:00:00
user-2251b079-d6df-4d71-bd74-d2a00e841a9d,Jonathan Bennett,jonathan.bennett.2251b079@example.com,+15550000266,active,2024-08-01T00:00:00
user-26b9f21d-cabb-40f3-b28e-71549d01a6e1,Lynn Ramirez,lynn.ramirez.26b9f21d@example.com,+15550000267,active,2024-08-01T00:00:00
user-1fcec697-8153-4717-a361-5a4257e0c9b7,Courtney James,courtney.james.1fcec697@example.com,+15550000268,active,2024-08-01T00:00:00
user-d477b62b-46ba-4eaa-a26a-8e3d43ea5a28,Kelsey Miller,kelsey.miller.d477b62b@example.com,+15550000269,active,2024-08-01T00:00:00
user-55ae024c-4a5e-49d8-be84-2f493dc83880,Christopher Schmidt,christopher.schmidt.55ae024c@example.com,+15550000270,active,2024-08-01T00:00:00
user-71972ade-a5de-461b-aac8-49774ccb1a4a,Casey Barnes,casey.barnes.71972ade@example.com,+15550000271,active,2024-08-01T00:00:00
user-a6e1b4c7-24c0-48ca-96ee-6d0a46348a82,Michael Baker Jr.,michael.baker.jr..a6e1b4c7@example.com,+15550000272,active,2024-08-01T00:00:00
user-bab8979a-8cd9-477b-bbd7-2e1dbab88437,Dawn Williams,dawn.williams.bab8979a@example.com,+15550000273,active,2024-08-01T00:00:00
user-b8ccafb8-eae9-4e35-beb2-afbc3cb9690c,Zachary Holland MD,zachary.holland.md.b8ccafb8@example.com,+15550000274,active,2024-08-01T00:00:00
user-f24f29fa-33e9-41e2-8965-ac4e39be3919,Amber Lopez,amber.lopez.f24f29fa@example.com,+15550000275,active,2024-08-01T00:00:00
user-59292cdf-6314-4444-aee9-45a78c76dcbe,Paige Lawson,paige.lawson.59292cdf@example.com,+15550000276,active,2024-08-01T00:00:00
user-47ac22ab-9718-46c4-ac3b-e6473f31a413,Nicholas Mcdowell,nicholas.mcdowell.47ac22ab@example.com,+15550000277,active,2024-08-01T00:00:00
user-af16d888-ff4c-4c16-a2f8-9e2a3a9677c7,Jeffrey Gutierrez,jeffrey.gutierrez.af16d888@example.com,+15550000278,active,2024-08-01T00:00:00
user-7bd64d99-cfe2-4e61-aed9-8b6f3d410468,Kaitlin Hall,kaitlin.hall.7bd64d99@example.com,+15550000279,active,2024-08-01T00:00:00
user-2aaf9fc4-0801-4163-8cc8-39558682f704,Maria Cherry,maria.cherry.2aaf9fc4@example.com,+15550000280,active,2024-08-01T00:00:00
user-7e06ea60-a336-46ee-a77d-ca114267af0d,Alyssa Riddle,alyssa.riddle.7e06ea60@example.com,+15550000281,active,2024-08-01T00:00:00
user-8aff4c2d-48b5-4b85-bf21-20ad95d18b6c,George Farrell,george.farrell.8aff4c2d@example.com,+15550000282,active,2024-08-01T00:00:00
user-13ae1187-ebff-4588-bbf0-db26b1bbb598,Richard Cannon,richard.cannon.13ae1187@example.com,+15550000283,active,2024-08-01T00:00:00
user-b4eb2e6a-e0ab-46b4-8a7a-cb2e92d8e009,Erin Baker,erin.baker.b4eb2e6a@example.com,+15550000284,active,2024-08-01T00:00:00
user-167ce993-af12-4071-a5cb-fb3f09045741,Jennifer Singh,jennifer.singh.167ce993@example.com,+15550000285,active,2024-08-01T00:00:00
user-358fc32a-8446-4c62-b4a1-92b145a689e8,Erin Lucas,erin.lucas.358fc32a@example.com,+15550000286,active,2024-08-01T00:00:00
user-8cef9627-37e9-4bad-a5d7-69f87f291c90,Matthew Stewart,matthew.stewart.8cef9627@example.com,+15550000287,active,2024-08-01T00:00:00
user-8d5d45b6-2bf0-4380-85a0-b73fcbc86e94,William Valenzuela,william.valenzuela.8d5d45b6@example.com,+15550000288,active,2024-08-01T00:00:00
user-43317971-4c76-44db-9b97-011579286ea5,Christopher Hall,christopher.hall.43317971@example.com,+15550000289,active,2024-08-01T00:00:00
user-ef7f92e8-2f80-4e44-9e56-9ee276819791,Shelby Gonzalez,shelby.gonzalez.ef7f92e8@example.com,+15550000290,active,2024-08-01T00:00:00
user-6d24a27b-89f9-4e69-8c83-6f87ce5b6d33,Erik Mason,erik.mason.6d24a27b@example.com,+15550000291,active,2024-08-01T00:00:00
user-e8e92a9f-bec3-4873-951c-b05d0fe37715,Natasha Wright,natasha.wright.e8e92a9f@example.com,+15550000292,active,2024-08-01T00:00:00
user-7b971d80-7566-4bfa-93b7-b87270c4b732,Arthur Mendoza,arthur.mendoza.7b971d80@example.com,+15550000293,active,2024-08-01T00:00:00
user-d5e5a6a6-cb8d-4d62-8551-298dee7f1f9f,Gregory Werner,gregory.werner.d5e5a6a6@example.com,+15550000294,active,2024-08-01T00:00:00
user-6058494e-8390-41a7-9c1b-182902dda8db,Stephanie Williams,stephanie.williams.6058494e@example.com,+15550000295,active,2024-08-01T00:00:00
user-09a354a5-a7cb-4687-8a52-c4a71feba0d2,Frederick Wiggins,frederick.wiggins.09a354a5@example.com,+15550000296,active,2024-08-01T00:00:00
user-64fec69e-52e2-471f-9fbc-7a8e33f991bd,Stephen Archer,stephen.archer.64fec69e@example.com,+15550000297,active,2024-08-01T00:00:00
user-0327ed4c-b4a3-4746-9221-3bb172a05c50,Justin Duarte,justin.duarte.0327ed4c@example.com,+15550000298,active,2024-08-01T00:00:00
user-35bb651c-499f-433f-b5af-b793b285e727,Jesse Moore,jesse.moore.35bb651c@example.com,+15550000299,active,2024-08-01T00:00:00
user-e6e0c2ef-00b6-4d38-a129-32d4aa4e795d,Derek Cox,derek.cox.e6e0c2ef@example.com,+15550000300,active,2024-08-01T00:00:00
user-1fcfe435-1e78-4646-a517-19906c49735a,Deanna Torres,deanna.torres.1fcfe435@example.com,+15550000301,active,2024-08-01T00:00:00
user-bd463573-d217-4411-9ac0-8b72bd7609cd,Nicole Curtis,nicole.curtis.bd463573@example.com,+15550000302,active,2024-08-01T00:00:00
user-3f5140d0-d9ef-4655-a6ab-69e5e6921143,Christian Mathis,christian.mathis.3f5140d0@example.com,+15550000303,active,2024-08-01T00:00:00
user-e039c2ef-fe4c-4d60-97ee-99d043299f0e,Scott Chaney,scott.chaney.e039c2ef@example.com,+15550000304,active,2024-08-01T00:00:00
user-72fd6924-b954-4c8f-9c0b-2545d0efe53b,John Hughes,john.hughes.72fd6924@example.com,+15550000305,active,2024-08-01T00:00:00
user-ae6e644d-c310-4f23-84dc-5063fc2e2953,Kimberly Jackson,kimberly.jackson.ae6e644d@example.com,+15550000306,active,2024-08-01T00:00:00
user-341da637-6927-4a64-8183-13ec96005b5f,Carlos Bass Jr.,carlos.bass.jr..341da637@example.com,+15550000307,active,2024-08-01T00:00:00
user-3455f0ff-3219-4cd9-acd8-091f34518293,Chris Graves,chris.graves.3455f0ff@example.com,+15550000308,active,2024-08-01T00:00:00
user-40c4aa0f-6d19-4084-820c-5764f87d9184,Alexandria Jarvis,alexandria.jarvis.40c4aa0f@example.com,+15550000309,active,2024-08-01T00:00:00
user-257291a7-c562-45b7-9229-49a527229518,Traci Landry,traci.landry.257291a7@example.com,+15550000310,active,2024-08-01T00:00:00
user-795d2b23-6186-4d66-beb4-690083c579a2,Matthew Dawson,matthew.dawson.795d2b23@example.com,+15550000311,active,2024-08-01T00:00:00
user-0f8ab48c-b1fa-4600-9712-1bc2a02d8f45,Elizabeth Montgomery,elizabeth.montgomery.0f8ab48c@example.com,+15550000312,active,2024-08-01T00:00:00
user-22a4c19e-c3ff-455d-8a3b-d4a9bd6b8334,Victor Ramos,victor.ramos.22a4c19e@example.com,+15550000313,active,2024-08-01T00:00:00
user-13b24541-2c78-41cb-a6b6-e8713ab9a16f,Bethany Baker,bethany.baker.13b24541@example.com,+15550000314,active,2024-08-01T00:00:00
user-5d24b6bc-2eea-4766-a11d-b0aed43f038a,Cameron Smith,cameron.smith.5d24b6bc@example.com,+15550000315,active,2024-08-01T00:00:00
user-b5b5a474-4e05-47bf-b9a2-872e5dc9a328,Dwayne Johnson,dwayne.johnson.b5b5a474@example.com,+15550000316,active,2024-08-01T00:00:00
user-9c98b2d4-f4f3-440f-b28d-0e1ca7a152a5,Jacob Brown,jacob.brown.9c98b2d4@example.com,+15550000317,active,2024-08-01T00:00:00
user-c64e9b29-2c3f-4a02-bf80-175c5a980c92,Pamela Smith,pamela.smith.c64e9b29@example.com,+15550000318,active,2024-08-01T00:00:00
user-4cd79f83-9fc7-43e4-a4c1-89402b7124e1,John Price,john.price.4cd79f83@example.com,+15550000319,active,2024-08-01T00:00:00
user-f78c30cb-fcda-4209-9aea-0ae7ce4f7b81,Alyssa Martinez,alyssa.martinez.f78c30cb@example.com,+15550000320,active,2024-08-01T00:00:00
user-5bc5dd9e-3670-4c84-be25-41eace68a711,Erin Flores PhD,erin.flores.phd.5bc5dd9e@example.com,+15550000321,active,2024-08-01T00:00:00
user-a0f290f7-884a-4d5d-b502-f43702abb2db,Rhonda Gomez,rhonda.gomez.a0f290f7@example.com,+15550000322,active,2024-08-01T00:00:00
user-9ede5407-362e-465c-a234-482e1f2411c1,Heidi Randall,heidi.randall.9ede5407@example.com,+15550000323,active,2024-08-01T00:00:00
user-ab833d6f-87cf-4229-a1f8-707b52a55e5e,Luis Francis,luis.francis.ab833d6f@example.com,+15550000324,active,2024-08-01T00:00:00
user-66dda3b2-66cf-4b2b-90b2-91abe28f6aa4,Stephanie Williams,stephanie.williams.66dda3b2@example.com,+15550000325,active,2024-08-01T00:00:00
user-b6552330-9932-4624-8855-b5b7aa13d3f4,Ann Morris,ann.morris.b6552330@example.com,+15550000326,active,2024-08-01T00:00:00
user-7532eee7-0f38-4249-9459-e40b83d75db2,George Bennett,george.bennett.7532eee7@example.com,+15550000327,active,2024-08-01T00:00:00
user-9455079c-4344-4995-939d-8184d7eb02e7,Douglas Shelton,douglas.shelton.9455079c@example.com,+15550000328,active,2024-08-01T00:00:00
user-8beae791-1455-41dd-a451-67f75ee83ea7,Michael Conner,michael.conner.8beae791@example.com,+15550000329,active,2024-08-01T00:00:00
user-cb969dd8-a609-4b10-b213-d1011a90ef2b,Theodore Anderson,theodore.anderson.cb969dd8@example.com,+15550000330,active,2024-08-01T00:00:00
user-771f8441-b432-4b8a-8f8c-8890904c8a52,Kayla Brooks,kayla.brooks.771f8441@example.com,+15550000331,active,2024-08-01T00:00:00
user-5350fafc-45eb-4871-a195-d1cc090f9d9c,Christopher Graham,christopher.graham.5350fafc@example.com,+15550000332,active,2024-08-01T00:00:00
user-d88e53e9-6885-44c1-a0ce-e8ea44f2dcfc,Nicole Hall,nicole.hall.d88e53e9@example.com,+15550000333,active,2024-08-01T00:00:00
user-8a77ab59-ae1e-4b71-ab66-66bda4615cfd,Amy Taylor,amy.taylor.8a77ab59@example.com,+15550000334,active,2024-08-01T00:00:00
user-117583ee-3cd8-4690-89c9-d804aedc86a8,Carol Lee,carol.lee.117583ee@example.com,+15550000335,active,2024-08-01T00:00:00
user-0d0eb3cb-f3ad-4673-8ef1-3b4600242421,Mikayla Rivera,mikayla.rivera.0d0eb3cb@example.com,+15550000336,active,2024-08-01T00:00:00
user-bea5ef1d-43b9-4df5-b3d1-436f675ec066,Daniel Cuevas,daniel.cuevas.bea5ef1d@example.com,+15550000337,active,2024-08-01T00:00:00
user-96e4788e-210c-4cc9-97f7-b6b855134e0b,Lori Williams,lori.williams.96e4788e@example.com,+15550000338,active,2024-08-01T00:00:00
user-40da201b-b0f6-453a-97ca-b9d61306ad15,Brandon Parker,brandon.parker.40da201b@example.com,+15550000339,active,2024-08-01T00:00:00
user-285bfea1-4dec-4f9d-a9f6-3b3cb20fdde9,Joshua Turner,joshua.turner.285bfea1@example.com,+15550000340,active,2024-08-01T00:00:00
user-a5f46489-06cf-45af-9efd-dbd27067716c,Brittany Turner,brittany.turner.a5f46489@example.com,+15550000341,active,2024-08-01T00:00:00
user-4ecae9d3-e8de-48eb-baf6-e76c81c58c66,Mr. Clayton Kramer,mr..clayton.kramer.4ecae9d3@example.com,+15550000342,active,2024-08-01T00:00:00
user-a98f640e-492a-445a-8a0d-7d444e98f1a9,Carrie Abbott,carrie.abbott.a98f640e@example.com,+15550000343,active,2024-08-01T00:00:00
user-e50d93de-3e78-4f09-8406-df4f27f26c8f,Leslie Conner,leslie.conner.e50d93de@example.com,+15550000344,active,2024-08-01T00:00:00
user-10d7cb3c-5a86-4eae-9da6-611ddf67fdd8,Stephanie Hanna,stephanie.hanna.10d7cb3c@example.com,+15550000345,active,2024-08-01T00:00:00
user-c6abaffa-11df-4987-9806-71dced92f534,Elizabeth David,elizabeth.david.c6abaffa@example.com,+15550000346,active,2024-08-01T00:00:00
user-fe1ef2c8-17e9-4560-bca8-d42ce43d899f,James Jordan,james.jordan.fe1ef2c8@example.com,+15550000347,active,2024-08-01T00:00:00
user-71ed3bfb-d094-47b4-bd02-9589f31e4c1d,Kyle Jones,kyle.jones.71ed3bfb@example.com,+15550000348,active,2024-08-01T00:00:00
user-3e28e5b6-fe21-474e-b5bc-95ac85c187ad,Rebecca Torres,rebecca.torres.3e28e5b6@example.com,+15550000349,active,2024-08-01T00:00:00
user-0a34659d-f0b2-4bdb-bf92-759aea838e90,Edward Bush,edward.bush.0a34659d@example.com,+15550000350,active,2024-08-01T00:00:00
user-b0581066-18c7-4fcf-8fa6-a671cb141ca5,Richard Li,richard.li.b0581066@example.com,+15550000351,active,2024-08-01T00:00:00
user-e0df02ff-f788-4191-9881-df0d6c775206,Todd Cook,todd.cook.e0df02ff@example.com,+15550000352,active,2024-08-01T00:00:00
user-e8da2040-0489-4880-a881-ef127727f204,Natalie Hatfield,natalie.hatfield.e8da2040@example.com,+15550000353,active,2024-08-01T00:00:00
user-c50959f1-d990-44ff-837f-4062c769ae54,Megan Sharp,megan.sharp.c50959f1@example.com,+15550000354,active,2024-08-01T00:00:00
user-b01b46fd-8f75-4db5-806d-c5c5980008c4,Paul Gomez,paul.gomez.b01b46fd@example.com,+15550000355,active,2024-08-01T00:00:00
user-53ed5bac-fa7d-4b1d-a73c-6c2b9845c1d1,Ryan Garcia,ryan.garcia.53ed5bac@example.com,+15550000356,active,2024-08-01T00:00:00
user-89c10b53-36ee-4f1c-8430-7090dbf04a44,Courtney Martinez,courtney.martinez.89c10b53@example.com,+15550000357,active,2024-08-01T00:00:00
user-8fd99d74-d73b-4014-a8fa-a37b39befe36,Manuel Mooney,manuel.mooney.8fd99d74@example.com,+15550000358,active,2024-08-01T00:00:00
user-fa2a460e-af12-4197-b38d-d2822d96e879,Douglas Coffey,douglas.coffey.fa2a460e@example.com,+15550000359,active,2024-08-01T00:00:00
user-4a81b4c3-9e04-4757-a7c6-3191447eadc3,Holly Walker,holly.walker.4a81b4c3@example.com,+15550000360,active,2024-08-01T00:00:00
user-9adbebb4-c5dd-473e-b0ca-c36f10577392,Amanda Fowler,amanda.fowler.9adbebb4@example.com,+15550000361,active,2024-08-01T00:00:00
user-d64805ac-2294-4438-af7d-1f1483e8fd7b,Cassandra Torres,cassandra.torres.d64805ac@example.com,+15550000362,active,2024-08-01T00:00:00
user-18e7baeb-a66e-4a7d-882d-355810698bc3,Brian Bradford,brian.bradford.18e7baeb@example.com,+15550000363,active,2024-08-01T00:00:00
user-ec4bebdf-042b-4c0a-9846-f86a1a9685e9,Tricia Garcia,tricia.garcia.ec4bebdf@example.com,+15550000364,active,2024-08-01T00:00:00
user-e5873f83-602d-4424-9c5e-184c56c9d4ba,Rebecca Roberson,rebecca.roberson.e5873f83@example.com,+15550000365,active,2024-08-01T00:00:00
user-5bf14829-99bd-4d3c-b504-edd1e45593a0,Henry Harris,henry.harris.5bf14829@example.com,+15550000366,active,2024-08-01T00:00:00
user-a3c5ffdb-8383-4846-a0c1-c9bf88ba6832,Charles Allen,charles.allen.a3c5ffdb@example.com,+15550000367,active,2024-08-01T00:00:00
user-c502b1f4-b287-444d-b643-953150ebee0d,Daniel Greer,daniel.greer.c502b1f4@example.com,+15550000368,active,2024-08-01T00:00:00
user-a2388294-855e-4447-a3d5-b3649380d30e,Paul Perez,paul.perez.a2388294@example.com,+15550000369,active,2024-08-01T00:00:00
user-e9415456-41d5-4caa-84d2-e8a6d49cb1ae,Christopher Benitez,christopher.benitez.e9415456@example.com,+15550000370,active,2024-08-01T00:00:00
user-416cd82a-8e13-48b3-a6e1-dadbf5a29d2d,Kathleen Lucas,kathleen.lucas.416cd82a@example.com,+15550000371,active,2024-08-01T00:00:00
user-f9c2b37f-2e88-4008-a277-99f35c4760bf,John Phillips,john.phillips.f9c2b37f@example.com,+15550000372,active,2024-08-01T00:00:00
user-3207b0f3-9af4-4ba4-acb1-6ba8ea25f52e,Kevin Arroyo,kevin.arroyo.3207b0f3@example.com,+15550000373,active,2024-08-01T00:00:00
user-425be648-8195-4636-880e-d86e4cd8e38f,Angela Roberson,angela.roberson.425be648@example.com,+15550000374,active,2024-08-01T00:00:00
user-4ba45839-9bf9-4071-b1ca-52719a49c9fa,Heather Ferguson,heather.ferguson.4ba45839@example.com,+15550000375,active,2024-08-01T00:00:00
user-80968676-93cd-4bf5-a9f9-595055ff800a,Dr. Ryan Wright,dr..ryan.wright.80968676@example.com,+15550000376,active,2024-08-01T00:00:00
user-3b0faafa-80d0-490d-bdd0-fe1f13d22058,Victoria Terrell,victoria.terrell.3b0faafa@example.com,+15550000377,active,2024-08-01T00:00:00
user-c052cca8-a71b-4e49-b713-c012bcfce146,Noah Jones,noah.jones.c052cca8@example.com,+15550000378,active,2024-08-01T00:00:00
user-b08f3b44-9c9f-407f-a89d-961068f5f58c,Erin King,erin.king.b08f3b44@example.com,+15550000379,active,2024-08-01T00:00:00
user-aa0533fd-252b-49cb-8070-77b5c88b04ee,Sandra Myers,sandra.myers.aa0533fd@example.com,+15550000380,active,2024-08-01T00:00:00
user-863114b5-ba0b-4849-bbc4-d76d59fd0215,Gregory Moore,gregory.moore.863114b5@example.com,+15550000381,active,2024-08-01T00:00:00
user-4b14013f-d7e7-44b8-a287-329bf6e298c3,Patricia Williamson,patricia.williamson.4b14013f@example.com,+15550000382,active,2024-08-01T00:00:00
user-b30877a4-5c8f-4cdb-94ea-3569b516061a,Melissa Wilkinson,melissa.wilkinson.b30877a4@example.com,+15550000383,active,2024-08-01T00:00:00
user-355d89d9-bf5a-41df-9382-a5e57cbbbec4,Reginald Smith,reginald.smith.355d89d9@example.com,+15550000384,active,2024-08-01T00:00:00
user-8fe1e8f7-9891-4978-ae6c-34234f35c728,Paula Garcia,paula.garcia.8fe1e8f7@example.com,+15550000385,active,2024-08-01T00:00:00
user-53352c2c-02b9-41af-b276-94d6d22379fe,Dana Wolfe,dana.wolfe.53352c2c@example.com,+15550000386,active,2024-08-01T00:00:00
user-019bbbbd-bb75-49d2-8d74-d1c01012bd21,David Nguyen,david.nguyen.019bbbbd@example.com,+15550000387,active,2024-08-01T00:00:00
user-d45ce04e-1258-4744-ab7d-af982c28565d,Jordan Mccullough,jordan.mccullough.d45ce04e@example.com,+15550000388,active,2024-08-01T00:00:00
user-7755a749-3460-4f0c-a33c-428dccd20885,Shannon Baker,shannon.baker.7755a749@example.com,+15550000389,active,2024-08-01T00:00:00
user-0f708081-5838-40db-84a9-ca8b6845336f,Monica Bender,monica.bender.0f708081@example.com,+15550000390,active,2024-08-01T00:00:00
user-ce69d742-4723-467f-9e5d-262fff84a6a6,Jeffrey Cannon,jeffrey.cannon.ce69d742@example.com,+15550000391,active,2024-08-01T00:00:00
user-913a8985-53b2-4a69-b2a2-3e44370275d4,Jason Rodriguez,jason.rodriguez.913a8985@example.com,+15550000392,active,2024-08-01T00:00:00
user-cc6e430a-d0ba-4c08-8809-84cbb2347a9f,Alec Ayala,alec.ayala.cc6e430a@example.com,+15550000393,active,2024-08-01T00:00:00
user-5f2b73d5-f495-401c-82ee-47cf4886bfa2,Matthew Harper,matthew.harper.5f2b73d5@example.com,+15550000394,active,2024-08-01T00:00:00
user-e7e3f8e8-5e9a-4cea-90ea-8ba71ec98685,Michelle Tran,michelle.tran.e7e3f8e8@example.com,+15550000395,active,2024-08-01T00:00:00
user-7902cccb-bb75-45ac-92b3-688e65d231bb,Kimberly Coleman,kimberly.coleman.7902cccb@example.com,+15550000396,active,2024-08-01T00:00:00
user-b81636bb-71f3-4ace-8eb7-628abe1eac07,Heather Mason,heather.mason.b81636bb@example.com,+15550000397,active,2024-08-01T00:00:00
user-b66b0e13-b74e-40e7-b3e7-1583f2f08a9b,Samantha Coleman,samantha.coleman.b66b0e13@example.com,+15550000398,active,2024-08-01T00:00:00
user-b65fff66-1997-4dd8-bc91-1349a415e4a0,Madeline Smith,madeline.smith.b65fff66@example.com,+15550000399,active,2024-08-01T00:00:00
user-05e61dfb-4365-41c3-8f86-f9b259998765,Nancy Jackson,nancy.jackson.05e61dfb@example.com,+15550000400,active,2024-08-01T00:00:00
user-31006b42-8446-43cf-bd23-af4d84ca2c85,Susan Odom,susan.odom.31006b42@example.com,+15550000401,active,2024-08-01T00:00:00
user-8f06b288-f9eb-454f-adef-47f12b7572d7,Megan Baker,megan.baker.8f06b288@example.com,+15550000402,active,2024-08-01T00:00:00
user-d18e4429-67b8-4ac0-8d74-6c1d026d15a7,Adam Roberts,adam.roberts.d18e4429@example.com,+15550000403,active,2024-08-01T00:00:00
user-83864095-dda9-4a16-ab3a-ba6429fa3dbd,Sarah Robertson,sarah.robertson.83864095@example.com,+15550000404,active,2024-08-01T00:00:00
user-45ed3c5a-3c94-463b-91d2-73d3333fe5fc,James Calderon,james.calderon.45ed3c5a@example.com,+15550000405,active,2024-08-01T00:00:00
user-68f7b3c8-c205-42bc-bb75-a97603ceab5f,Jerry Kelly,jerry.kelly.68f7b3c8@example.com,+15550000406,active,2024-08-01T00:00:00
user-5a62f2b9-646a-4b84-b570-661ca33a139f,Norman Martin,norman.martin.5a62f2b9@example.com,+15550000407,active,2024-08-01T00:00:00
user-89c8f0cc-3bd3-4bf1-9560-ae8aad1315ce,Douglas Brown,douglas.brown.89c8f0cc@example.com,+15550000408,active,2024-08-01T00:00:00
user-8e5c2f29-44ce-4f60-b818-8b728f60b79b,Brendan Rodriguez,brendan.rodriguez.8e5c2f29@example.com,+15550000409,active,2024-08-01T00:00:00
user-fd9f1577-416e-472f-aad7-7bd5c56293f5,Emily Dunlap,emily.dunlap.fd9f1577@example.com,+15550000410,active,2024-08-01T00:00:00
user-f459a5e8-b280-49fd-904a-3cd3746f4f16,Kristen Jacobs,kristen.jacobs.f459a5e8@example.com,+15550000411,active,2024-08-01T00:00:00
user-9813cce1-ec92-4b06-b6e3-ed8a73e34436,Jill Reynolds,jill.reynolds.9813cce1@example.com,+15550000412,active,2024-08-01T00:00:00
user-4d9a6ab4-f181-4f8c-9beb-e4cd9774b5d7,Wyatt Carter,wyatt.carter.4d9a6ab4@example.com,+15550000413,active,2024-08-01T00:00:00
user-d6914b8f-0d72-4044-a61b-055adb02f005,Robert Allen,robert.allen.d6914b8f@example.com,+15550000414,active,2024-08-01T00:00:00
user-c9750567-c933-4797-9313-ec159ddcb6d2,Steven Huang,steven.huang.c9750567@example.com,+15550000415,active,2024-08-01T00:00:00
user-4232e434-92ef-4ff9-a069-d1e5312ebda2,Steven Carter,steven.carter.4232e434@example.com,+15550000416,active,2024-08-01T00:00:00
user-06a161e4-302f-4ae9-b96b-2734ad33f946,Laura Taylor,laura.taylor.06a161e4@example.com,+15550000417,active,2024-08-01T00:00:00
user-bf060a41-af0e-4932-b757-4f010ccf07f1,Malik Cain,malik.cain.bf060a41@example.com,+15550000418,active,2024-08-01T00:00:00
user-270b35bf-74ca-4601-91d8-16fe5196ca5a,Amanda Bates,amanda.bates.270b35bf@example.com,+15550000419,active,2024-08-01T00:00:00
user-0488eb84-da07-441d-ba11-055850946457,Cynthia Thomas,cynthia.thomas.0488eb84@example.com,+15550000420,active,2024-08-01T00:00:00
user-28c1b6d1-da1f-4187-98af-4e43f096b00d,Brian Estrada,brian.estrada.28c1b6d1@example.com,+15550000421,active,2024-08-01T00:00:00
user-e52a8700-3ab9-4c47-8a16-e799e997a931,Jean Hansen,jean.hansen.e52a8700@example.com,+15550000422,active,2024-08-01T00:00:00
user-ba2bf5e1-4b63-4bb3-b83a-f10438f84258,Shawna Knox,shawna.knox.ba2bf5e1@example.com,+15550000423,active,2024-08-01T00:00:00
user-2f771a5a-3d76-48e3-985b-b7e91e092c46,Ryan Rose,ryan.rose.2f771a5a@example.com,+15550000424,active,2024-08-01T00:00:00
user-c108b321-1696-4fbd-8457-87fd61ca65d8,Courtney Dunlap,courtney.dunlap.c108b321@example.com,+15550000425,active,2024-08-01T00:00:00
user-49c4bc11-2495-438d-9b87-3c395574433f,Tony Murphy,tony.murphy.49c4bc11@example.com,+15550000426,active,2024-08-01T00:00:00
user-1bc088f8-fdf1-442f-9491-1287abc066d3,John Barton,john.barton.1bc088f8@example.com,+15550000427,active,2024-08-01T00:00:00
user-495a6541-1c93-4076-90e3-345d72d9c83c,Jermaine Young,jermaine.young.495a6541@example.com,+15550000428,active,2024-08-01T00:00:00
user-5b070f80-9227-43fd-951b-4c758d20070e,Trevor Pierce,trevor.pierce.5b070f80@example.com,+15550000429,active,2024-08-01T00:00:00
user-23fd6560-8719-45ae-a5f0-6d81f0484750,Samantha Holmes,samantha.holmes.23fd6560@example.com,+15550000430,active,2024-08-01T00:00:00
user-bf03895d-6d44-49a2-8183-81c4e89eac75,Valerie Russo,valerie.russo.bf03895d@example.com,+15550000431,active,2024-08-01T00:00:00
user-3eb1c53f-4af3-42d8-8608-40548ce4843d,Edward Young,edward.young.3eb1c53f@example.com,+15550000432,active,2024-08-01T00:00:00
user-e6173937-b216-46db-b863-ec7526285150,Patricia Patterson MD,patricia.patterson.md.e6173937@example.com,+15550000433,active,2024-08-01T00:00:00
user-b43d4e7f-d2c2-4f0e-a706-cfd02d61a398,Duane Martin,duane.martin.b43d4e7f@example.com,+15550000434,active,2024-08-01T00:00:00
user-cbd53684-acf0-447d-b61b-35f8bcde6edf,Robert Marsh,robert.marsh.cbd53684@example.com,+15550000435,active,2024-08-01T00:00:00
user-314d5517-f29b-49b2-a076-3abe12756120,Jennifer Davis,jennifer.davis.314d5517@example.com,+15550000436,active,2024-08-01T00:00:00
user-cd8175bc-ff34-4742-8b86-61ec290e632f,Stanley James,stanley.james.cd8175bc@example.com,+15550000437,active,2024-08-01T00:00:00
user-93c6c6a9-16fb-43ad-bd64-1ee5eccdd750,Jacqueline Lewis,jacqueline.lewis.93c6c6a9@example.com,+15550000438,active,2024-08-01T00:00:00
user-a46b9550-42ae-47e4-9a08-0f32481d5191,Michelle Velez,michelle.velez.a46b9550@example.com,+15550000439,active,2024-08-01T00:00:00
user-466ab61a-8180-4d06-90cc-2a380a0e6f0f,Alexis Gutierrez,alexis.gutierrez.466ab61a@example.com,+15550000440,active,2024-08-01T00:00:00
user-f4c0d073-250c-455a-a84a-848e56ae7048,Melanie Riggs,melanie.riggs.f4c0d073@example.com,+15550000441,active,2024-08-01T00:00:00
user-d10408ec-2013-471e-b6a9-e3bcf0e25322,Kristin Payne,kristin.payne.d10408ec@example.com,+15550000442,active,2024-08-01T00:00:00
user-7767d63a-0293-4866-ae0a-724670463aa1,Cynthia Martinez,cynthia.martinez.7767d63a@example.com,+15550000443,active,2024-08-01T00:00:00
user-e69b7e32-9292-400a-b228-b3ecc6727760,Benjamin Williams,benjamin.williams.e69b7e32@example.com,+15550000444,active,2024-08-01T00:00:00
user-19d5ac88-a8cd-46b8-9f3d-d5ef3a0adfe2,Scott Young,scott.young.19d5ac88@example.com,+15550000445,active,2024-08-01T00:00:00
user-e215d555-cc18-4890-8969-89abf72d28ae,Audrey Marshall,audrey.marshall.e215d555@example.com,+15550000446,active,2024-08-01T00:00:00
user-3cbc7f74-54e3-47c2-b02f-229f7ca60a5c,Amanda Young,amanda.young.3cbc7f74@example.com,+15550000447,active,2024-08-01T00:00:00
user-6d883826-0157-47c4-a6cc-cb8134bcc6db,Patrick White,patrick.white.6d883826@example.com,+15550000448,active,2024-08-01T00:00:00
user-43df30db-068d-40fc-8576-7e2f6e62f2f6,Ellen Henderson,ellen.henderson.43df30db@example.com,+15550000449,active,2024-08-01T00:00:00
user-943fb486-16d5-4258-99e7-8340b1862e76,Adam Barrett,adam.barrett.943fb486@example.com,+15550000450,active,2024-08-01T00:00:00
user-8dcd5fa7-1a1d-413e-9468-5f4b02f2f3fe,Nicholas Jones,nicholas.jones.8dcd5fa7@example.com,+15550000451,active,2024-08-01T00:00:00
user-139f4019-998c-4c6f-8c4f-a97a756af68c,Zachary Turner,zachary.turner.139f4019@example.com,+15550000452,active,2024-08-01T00:00:00
user-529867fe-75f6-4cd9-b913-543b3d6e583c,Michael Rodriguez,michael.rodriguez.529867fe@example.com,+15550000453,active,2024-08-01T00:00:00
user-8e312b31-712d-4fc0-84dd-27ff2b1dd09b,David Schroeder,david.schroeder.8e312b31@example.com,+15550000454,active,2024-08-01T00:00:00
user-a4bf9059-6cd4-4e62-9a86-ff20975d7434,Jody Foster,jody.foster.a4bf9059@example.com,+15550000455,active,2024-08-01T00:00:00
user-c5ee9489-e7ea-4da3-9a86-b34c76f6d340,Audrey Campbell,audrey.campbell.c5ee9489@example.com,+15550000456,active,2024-08-01T00:00:00
user-5960ff74-c2aa-4a55-9cee-c8f0532e2256,Miguel Evans,miguel.evans.5960ff74@example.com,+15550000457,active,2024-08-01T00:00:00
user-e100dd4b-6c96-4036-88a6-8813aa5a718f,Ricky Lawson,ricky.lawson.e100dd4b@example.com,+15550000458,active,2024-08-01T00:00:00
user-d33f758e-ba0e-463c-ba18-0cd99108c547,Nicholas Meyer,nicholas.meyer.d33f758e@example.com,+15550000459,active,2024-08-01T00:00:00
user-97bbee89-2209-4d9a-9f20-d3327baf7efe,Paul Grant,paul.grant.97bbee89@example.com,+15550000460,active,2024-08-01T00:00:00
user-80617fda-335d-411d-aed3-ca3917a8cff2,Johnny Ward,johnny.ward.80617fda@example.com,+15550000461,active,2024-08-01T00:00:00
user-4d97e8a1-7720-4190-b326-dccfa2ec4426,Daniel Wells,daniel.wells.4d97e8a1@example.com,+15550000462,active,2024-08-01T00:00:00
user-9668fd00-799b-4cff-811f-a3e0528d255d,Cory Hansen,cory.hansen.9668fd00@example.com,+15550000463,active,2024-08-01T00:00:00
user-b745eacd-b8ee-4507-82ff-98d3c4daffc7,Elizabeth Cole,elizabeth.cole.b745eacd@example.com,+15550000464,active,2024-08-01T00:00:00
user-1bcdbd0d-0e2f-4fdf-a8d5-214d3b49c7e2,Misty Robinson,misty.robinson.1bcdbd0d@example.com,+15550000465,active,2024-08-01T00:00:00
user-1c3dc001-75eb-4fb9-b3ad-59a3be5b31ac,Charles Edwards,charles.edwards.1c3dc001@example.com,+15550000466,active,2024-08-01T00:00:00
user-afa83ff8-2b40-47b8-8bcf-1f9285c11695,Terry Welch,terry.welch.afa83ff8@example.com,+15550000467,active,2024-08-01T00:00:00
user-61004774-fb70-403c-ae81-a1e9cd187146,Heidi Smith,heidi.smith.61004774@example.com,+15550000468,active,2024-08-01T00:00:00
user-63b14504-d172-4e5e-b0fa-abd9cb43352e,Victoria Villarreal,victoria.villarreal.63b14504@example.com,+15550000469,active,2024-08-01T00:00:00
user-816f5acb-1a37-44ba-8ce8-25c40cec4d06,Jim Moon,jim.moon.816f5acb@example.com,+15550000470,active,2024-08-01T00:00:00
user-30380af9-7c90-4e56-9717-61064c5ca79c,Kimberly Evans,kimberly.evans.30380af9@example.com,+15550000471,active,2024-08-01T00:00:00
user-5bc10fee-ced7-43f1-91e5-597bd89faff6,Annette Turner,annette.turner.5bc10fee@example.com,+15550000472,active,2024-08-01T00:00:00
user-922d63c5-873c-4693-9775-df99ba006ccd,Evan Williams,evan.williams.922d63c5@example.com,+15550000473,active,2024-08-01T00:00:00
user-265cf9a7-b023-492e-9e62-3896325f1c48,Mr. Jonathan Taylor,mr..jonathan.taylor.265cf9a7@example.com,+15550000474,active,2024-08-01T00:00:00
user-12c154ff-46ac-45a7-921c-2404994ecc21,Andrew Foster,andrew.foster.12c154ff@example.com,+15550000475,active,2024-08-01T00:00:00
user-89b94667-2d12-4e7a-bfdd-f37056d10195,David Alvarez,david.alvarez.89b94667@example.com,+15550000476,active,2024-08-01T00:00:00
user-51d5c171-5764-4f95-8919-dd46d204df4b,Brian Lopez,brian.lopez.51d5c171@example.com,+15550000477,active,2024-08-01T00:00:00
user-748db0ca-899a-4da8-8177-2fa1ec2a9302,Jeremiah Sandoval,jeremiah.sandoval.748db0ca@example.com,+15550000478,active,2024-08-01T00:00:00
user-cc6587b9-1ad1-4f99-bb8b-dc23f1621ea6,Francisco Meyer,francisco.meyer.cc6587b9@example.com,+15550000479,active,2024-08-01T00:00:00
user-12d19891-03e3-455b-b4f2-7d8f8f6b8f01,Michelle Conner,michelle.conner.12d19891@example.com,+15550000480,active,2024-08-01T00:00:00
user-303bc5db-08d0-4431-b6df-29c80d0321da,Timothy Ferguson,timothy.ferguson.303bc5db@example.com,+15550000481,active,2024-08-01T00:00:00
user-485b6c22-4f0b-4e0f-bfba-0c9d38a0122d,Christopher Mitchell,christopher.mitchell.485b6c22@example.com,+15550000482,active,2024-08-01T00:00:00
user-3e5dc535-3e67-47d0-8eed-547c7f51e8c9,Lindsay Noble,lindsay.noble.3e5dc535@example.com,+15550000483,active,2024-08-01T00:00:00
user-21e6a119-3caa-43ab-9905-08bda65f8493,Jeffrey Brandt,jeffrey.brandt.21e6a119@example.com,+15550000484,active,2024-08-01T00:00:00
user-7e2a9b35-5e70-4df4-889c-34732fd2ee32,Brandy Dean,brandy.dean.7e2a9b35@example.com,+15550000485,active,2024-08-01T00:00:00
user-a59ab98c-fe50-412b-aa83-a693a561092f,Mrs. Denise Allen,mrs..denise.allen.a59ab98c@example.com,+15550000486,active,2024-08-01T00:00:00
user-ef097aa6-f4d9-4c16-bc17-a7cc87116f35,Richard Jones,richard.jones.ef097aa6@example.com,+15550000487,active,2024-08-01T00:00:00
user-1d94038e-346e-4263-a10f-7fa4e5d1179e,Mary Mills,mary.mills.1d94038e@example.com,+15550000488,active,2024-08-01T00:00:00
user-4da311cb-8e0d-487a-8fdd-4a94529db3e4,Lucas Fields,lucas.fields.4da311cb@example.com,+15550000489,active,2024-08-01T00:00:00
user-1922f6f3-ba06-4233-8d88-c1a9303a6a2a,Theresa Pennington,theresa.pennington.1922f6f3@example.com,+15550000490,active,2024-08-01T00:00:00
user-87fc5559-9d20-4780-8c0e-b7c248cd6236,Michelle Mendoza,michelle.mendoza.87fc5559@example.com,+15550000491,active,2024-08-01T00:00:00
user-3ad60b3b-8b4b-4504-9d49-adfd74fe548c,Kimberly Butler,kimberly.butler.3ad60b3b@example.com,+15550000492,active,2024-08-01T00:00:00
user-d63f06df-5e5d-4adc-b0a5-43b4bac6bf5c,Patricia Webb,patricia.webb.d63f06df@example.com,+15550000493,active,2024-08-01T00:00:00
user-b0fb926f-1c66-426d-b796-e9d801b13122,Mindy Wagner,mindy.wagner.b0fb926f@example.com,+15550000494,active,2024-08-01T00:00:00
user-f639b5da-4c4d-46ef-8ffe-75cca075bc23,Kimberly Jones,kimberly.jones.f639b5da@example.com,+15550000495,active,2024-08-01T00:00:00
user-1acd402c-8758-4f7a-9a24-57636d44ede6,David Garza,david.garza.1acd402c@example.com,+15550000496,active,2024-08-01T00:00:00
user-d6ca14b1-9b55-47f7-be97-787002ca26e5,Robin Reed,robin.reed.d6ca14b1@example.com,+15550000497,active,2024-08-01T00:00:00
user-0313557a-f7d4-4834-be26-3977f30a5235,Faith Duncan,faith.duncan.0313557a@example.com,+15550000498,active,2024-08-01T00:00:00
user-14dec3ce-7570-4c3f-af8c-e9c0d74cfcd2,Katie Keller,katie.keller.14dec3ce@example.com,+15550000499,active,2024-08-01T00:00:00
user-c630fcf6-11c8-465f-9498-0839aee67e55,Ryan Wallace,ryan.wallace.c630fcf6@example.com,+15550000500,active,2024-08-01T00:00:00
user-d1c356c7-a230-4e49-abb6-3eb1f58155cd,Gregory Glenn,gregory.glenn.d1c356c7@example.com,+15550000501,active,2024-08-01T00:00:00
user-993cbf30-efef-49e5-b5ad-7aaf3db149a3,Andrea Jackson,andrea.jackson.993cbf30@example.com,+15550000502,active,2024-08-01T00:00:00
user-1b25718d-795f-4b30-a424-50167ae8c0ad,Nathan Cox,nathan.cox.1b25718d@example.com,+15550000503,active,2024-08-01T00:00:00
user-d3adc9f1-fd4e-45ad-9d75-0919a6617f7a,Diana Robinson,diana.robinson.d3adc9f1@example.com,+15550000504,active,2024-08-01T00:00:00
user-4955904c-175f-43ec-b76a-bc70d836d508,Wendy Tapia,wendy.tapia.4955904c@example.com,+15550000505,active,2024-08-01T00:00:00
user-d4d6e685-70a2-49ea-b511-383a54d18cfa,Mrs. Stephanie Riley,mrs..stephanie.riley.d4d6e685@example.com,+15550000506,active,2024-08-01T00:00:00
user-1a1fa253-a2de-457a-9397-7c6c80d5d589,Corey Francis,corey.francis.1a1fa253@example.com,+15550000507,active,2024-08-01T00:00:00
user-1380e029-b899-4413-a8da-0741720a6a06,Kelly Kelly,kelly.kelly.1380e029@example.com,+15550000508,active,2024-08-01T00:00:00
user-b169789c-d0e8-4853-819c-555646263d18,Stacy Ferguson,stacy.ferguson.b169789c@example.com,+15550000509,active,2024-08-01T00:00:00
user-f4835f98-d82c-487c-8788-26a05c249db0,Jose Cook,jose.cook.f4835f98@example.com,+15550000510,active,2024-08-01T00:00:00
user-d4d6c47d-5048-4008-b088-4f13691fbefd,Mr. Christopher Price,mr..christopher.price.d4d6c47d@example.com,+15550000511,active,2024-08-01T00:00:00
user-c712217e-16e5-4f51-a9f4-055b5176e747,Donna Crawford,donna.crawford.c712217e@example.com,+15550000512,active,2024-08-01T00:00:00
user-73d9c423-e9d4-428f-bfaa-b073b2c1f454,Tiffany Logan,tiffany.logan.73d9c423@example.com,+15550000513,active,2024-08-01T00:00:00
user-af3dbfea-4df6-42c8-9826-57806904f81c,Leah Miller,leah.miller.af3dbfea@example.com,+15550000514,active,2024-08-01T00:00:00
user-41c59ae8-bcd0-4d00-b8e9-bfaa0ce5913b,Melissa Pearson,melissa.pearson.41c59ae8@example.com,+15550000515,active,2024-08-01T00:00:00
user-08ed887d-1b8b-4850-a0ef-45b78a04e4d7,Lisa Brown,lisa.brown.08ed887d@example.com,+15550000516,active,2024-08-01T00:00:00
user-6e4bc86a-7c8c-457f-bc7a-61c6187a18f4,Jennifer Manning,jennifer.manning.6e4bc86a@example.com,+15550000517,active,2024-08-01T00:00:00
user-3c4b0324-423a-4e3b-884c-c93438a59688,Roger Campbell,roger.campbell.3c4b0324@example.com,+15550000518,active,2024-08-01T00:00:00
user-58e0c4db-27d0-4c06-9252-c40364b1ae74,Natasha Thompson,natasha.thompson.58e0c4db@example.com,+15550000519,active,2024-08-01T00:00:00
user-d7615aca-6de3-4a17-8fd0-212330ca9c28,Susan Humphrey,susan.humphrey.d7615aca@example.com,+15550000520,active,2024-08-01T00:00:00
user-65dbcba7-fbb7-4837-ace0-5cd3cc5dd4a4,Kyle Saunders,kyle.saunders.65dbcba7@example.com,+15550000521,active,2024-08-01T00:00:00
user-e60ba363-7c8f-4fba-8c98-2d4952e8fbc5,James Graham,james.graham.e60ba363@example.com,+15550000522,active,2024-08-01T00:00:00
user-e83c866a-6830-4488-8842-ce77146d8d41,Jessica Duke,jessica.duke.e83c866a@example.com,+15550000523,active,2024-08-01T00:00:00
user-090fb913-1317-4169-b150-64e304451d38,Devin Cabrera,devin.cabrera.090fb913@example.com,+15550000524,active,2024-08-01T00:00:00
user-22dc524c-5b2b-4982-a2a7-2a5f5a5b9ca5,Nicholas Mason,nicholas.mason.22dc524c@example.com,+15550000525,active,2024-08-01T00:00:00
user-103fcba9-e7d7-4b76-b162-0fc8a31cfa6b,Christine Morrison,christine.morrison.103fcba9@example.com,+15550000526,active,2024-08-01T00:00:00
user-a0a83e46-f548-4a18-a79a-5ecdd85b6c8e,Patrick Holloway,patrick.holloway.a0a83e46@example.com,+15550000527,active,2024-08-01T00:00:00
user-f8b1caa2-10e7-4302-963a-252a15b4a714,Tony Lewis,tony.lewis.f8b1caa2@example.com,+15550000528,active,2024-08-01T00:00:00
user-3a1577eb-7860-498f-936a-da13e16cbd8c,Brandy Joseph,brandy.joseph.3a1577eb@example.com,+15550000529,active,2024-08-01T00:00:00
user-c8544096-3228-4db0-b3de-4f0da1974b40,Dwayne Gilbert,dwayne.gilbert.c8544096@example.com,+15550000530,active,2024-08-01T00:00:00
user-2e2960d6-f2e9-4048-b234-fb21f0f72405,Steven Hall,steven.hall.2e2960d6@example.com,+15550000531,active,2024-08-01T00:00:00
user-cf5dd5d1-b2dc-47d4-9be1-b6c0e5b07a12,Casey Miller,casey.miller.cf5dd5d1@example.com,+15550000532,active,2024-08-01T00:00:00
user-acb70464-ce97-4c94-a4bf-b165bd1b2fed,Kimberly Johnson,kimberly.johnson.acb70464@example.com,+15550000533,active,2024-08-01T00:00:00
user-96aa3e1c-ce39-4f76-b813-c9b4d59c0cdc,Sarah Smith,sarah.smith.96aa3e1c@example.com,+15550000534,active,2024-08-01T00:00:00
user-5b6d3273-0554-4f9d-bc05-2157626c1ad0,Victoria Parker,victoria.parker.5b6d3273@example.com,+15550000535,active,2024-08-01T00:00:00
user-94638355-4830-4837-8708-12531dc89dbf,Glenn Galvan,glenn.galvan.94638355@example.com,+15550000536,active,2024-08-01T00:00:00
user-bb9bad76-c7ec-4f36-842c-54c3bbb40467,Katherine Spencer,katherine.spencer.bb9bad76@example.com,+15550000537,active,2024-08-01T00:00:00
user-54c7fff7-8475-4ccd-a380-7e8187501723,Alejandro Adams,alejandro.adams.54c7fff7@example.com,+15550000538,active,2024-08-01T00:00:00
user-b3f95dcd-caf0-4d0c-8890-a7b8e231c6b7,Michael Porter,michael.porter.b3f95dcd@example.com,+15550000539,active,2024-08-01T00:00:00
user-2347081e-7ae5-4085-a0d6-d1f551721f69,Henry Strickland,henry.strickland.2347081e@example.com,+15550000540,active,2024-08-01T00:00:00
user-6da78127-2929-4106-a298-2b58afca0a92,Anthony Dunn,anthony.dunn.6da78127@example.com,+15550000541,active,2024-08-01T00:00:00
user-787f43ea-3f2a-4f90-967d-6479bad4f1a9,Justin Miller,justin.miller.787f43ea@example.com,+15550000542,active,2024-08-01T00:00:00
user-dcddb844-390f-4861-a4ee-0a32b75bb218,Vanessa Jones,vanessa.jones.dcddb844@example.com,+15550000543,active,2024-08-01T00:00:00
user-6deb3adf-b348-4736-a975-af07bea72c06,Brenda Daniel,brenda.daniel.6deb3adf@example.com,+15550000544,active,2024-08-01T00:00:00
user-44df0dc9-35a6-4159-8141-4a8bf47c0e2b,Chelsea Schultz,chelsea.schultz.44df0dc9@example.com,+15550000545,active,2024-08-01T00:00:00
user-c2457423-d813-4e9b-8cac-e77de71eef5d,Douglas Vasquez,douglas.vasquez.c2457423@example.com,+15550000546,active,2024-08-01T00:00:00
user-b7428f06-b3dd-477e-8569-96068f3d3dcb,Shari Mills,shari.mills.b7428f06@example.com,+15550000547,active,2024-08-01T00:00:00
user-6f2f044e-7270-4c80-8003-fd28bb66c57c,Emily Liu,emily.liu.6f2f044e@example.com,+15550000548,active,2024-08-01T00:00:00
user-0c621caa-4854-43bb-ab8f-74e1f79ba3e4,Michelle Barton,michelle.barton.0c621caa@example.com,+15550000549,active,2024-08-01T00:00:00
user-3cec8c73-424f-46c6-a5a7-cb5cd5141538,Sean Barnes,sean.barnes.3cec8c73@example.com,+15550000550,active,2024-08-01T00:00:00
user-866ec748-2021-45f8-9170-6c393fca1e65,Carol Vasquez,carol.vasquez.866ec748@example.com,+15550000551,active,2024-08-01T00:00:00
user-3dc87d1c-7942-471e-b947-26b7ec78cedb,Traci Hicks,traci.hicks.3dc87d1c@example.com,+15550000552,active,2024-08-01T00:00:00
user-a31129ac-6e82-4a23-86f3-3d708e019069,Larry Roberts,larry.roberts.a31129ac@example.com,+15550000553,active,2024-08-01T00:00:00
user-122af8ba-58aa-4655-b297-e90d616f0bf6,Kyle Hart,kyle.hart.122af8ba@example.com,+15550000554,active,2024-08-01T00:00:00
user-859fee02-f1ae-4067-a05f-d5db7dbbb2d4,Aaron Smith,aaron.smith.859fee02@example.com,+15550000555,active,2024-08-01T00:00:00
user-0c7084bc-19a5-4ad6-bb26-a25f9c09b324,Dustin Andrade,dustin.andrade.0c7084bc@example.com,+15550000556,active,2024-08-01T00:00:00
user-284f711a-5e5a-4929-bb5d-5ddba9a4a773,Christopher Cain,christopher.cain.284f711a@example.com,+15550000557,active,2024-08-01T00:00:00
user-d50199e3-7c9b-4921-9920-d234b5fc561a,Dominique Reed,dominique.reed.d50199e3@example.com,+15550000558,active,2024-08-01T00:00:00
user-1ed31084-8b68-49ca-91d6-7162d8521c02,Sherri Hernandez,sherri.hernandez.1ed31084@example.com,+15550000559,active,2024-08-01T00:00:00
user-8e91d584-8798-4b43-a077-64b5334460b3,Matthew Zuniga,matthew.zuniga.8e91d584@example.com,+15550000560,active,2024-08-01T00:00:00
user-19296d35-a0df-426f-88ed-d3f5323adb8a,Richard Lawrence,richard.lawrence.19296d35@example.com,+15550000561,active,2024-08-01T00:00:00
user-073c6c4c-9988-45b0-9224-7ad4e69d8c6f,David Perry,david.perry.073c6c4c@example.com,+15550000562,active,2024-08-01T00:00:00
user-8416975a-1321-43a3-b3e1-577aee3b59ae,Brandon Espinoza,brandon.espinoza.8416975a@example.com,+15550000563,active,2024-08-01T00:00:00
user-c37c5233-7b26-4427-8ed9-ce36cc9ceb00,Karen Oliver,karen.oliver.c37c5233@example.com,+15550000564,active,2024-08-01T00:00:00
user-6939d1d2-fba3-4888-8c53-6898bb73c26f,Theresa Williams,theresa.williams.6939d1d2@example.com,+15550000565,active,2024-08-01T00:00:00
user-4feef355-aeb7-41f9-a391-7f991eeb7b15,Kathleen Hudson,kathleen.hudson.4feef355@example.com,+15550000566,active,2024-08-01T00:00:00
user-b60e68c2-1b3c-4a8b-a056-a39fb4e6a320,John Dunn,john.dunn.b60e68c2@example.com,+15550000567,active,2024-08-01T00:00:00
user-e58c63e7-69a9-49cb-947e-5841010ca567,Brandy Harrington,brandy.harrington.e58c63e7@example.com,+15550000568,active,2024-08-01T00:00:00
user-aac35f19-8d02-4c6c-b979-74da55c9ddb1,Fred Gibson,fred.gibson.aac35f19@example.com,+15550000569,active,2024-08-01T00:00:00
user-58ebbf6d-7eee-4180-aa0d-151621abffcf,William Rodriguez,william.rodriguez.58ebbf6d@example.com,+15550000570,active,2024-08-01T00:00:00
user-a30edde1-4a46-4acb-905c-013e285a8101,Pamela Rosales,pamela.rosales.a30edde1@example.com,+15550000571,active,2024-08-01T00:00:00
user-57476af2-aff3-4f50-9313-77926b1859bc,Shannon Yoder,shannon.yoder.57476af2@example.com,+15550000572,active,2024-08-01T00:00:00
user-eefcf9f0-dbd0-4907-a619-121deeb825dc,Cheryl Jenkins,cheryl.jenkins.eefcf9f0@example.com,+15550000573,active,2024-08-01T00:00:00
user-388a03fa-6bff-4153-afbb-2349b43c876e,Gregory Good,gregory.good.388a03fa@example.com,+15550000574,active,2024-08-01T00:00:00
user-f772193d-0b52-429c-ac06-5e9986fefa68,Kimberly Cherry,kimberly.cherry.f772193d@example.com,+15550000575,active,2024-08-01T00:00:00
user-33f27548-d085-481a-aa4f-a851fbebe0cd,Diana Rogers,diana.rogers.33f27548@example.com,+15550000576,active,2024-08-01T00:00:00
user-631f0e93-e48f-414d-b220-0c466b7fc584,Sarah Porter,sarah.porter.631f0e93@example.com,+15550000577,active,2024-08-01T00:00:00
user-bbffd265-99c5-491d-a03e-fee1fec9e123,Pamela Davis,pamela.davis.bbffd265@example.com,+15550000578,active,2024-08-01T00:00:00
user-a3f993fd-aeaa-43c7-9e5c-9ad7b7c0f8d9,Hannah Davis,hannah.davis.a3f993fd@example.com,+15550000579,active,2024-08-01T00:00:00
user-3d0fd916-f8d9-4f59-9d2f-75d16ed75c58,Lisa Mason,lisa.mason.3d0fd916@example.com,+15550000580,active,2024-08-01T00:00:00
user-66975479-1eec-445e-a34d-78b59cc44f64,Michelle Olson,michelle.olson.66975479@example.com,+15550000581,active,2024-08-01T00:00:00
user-a4c57aeb-c65a-4a1c-954e-acc7a7ba7c74,Karla Vang,karla.vang.a4c57aeb@example.com,+15550000582,active,2024-08-01T00:00:00
user-26ce484a-a527-4fe1-903f-2809a03fd21a,Margaret Roberts,margaret.roberts.26ce484a@example.com,+15550000583,active,2024-08-01T00:00:00
user-f6489f0b-4a7a-4dd2-97d4-d0008f662858,Robert Cortez,robert.cortez.f6489f0b@example.com,+15550000584,active,2024-08-01T00:00:00
user-1a1e8918-e445-4bc0-8fa1-5a470711d51d,Brandon Lopez,brandon.lopez.1a1e8918@example.com,+15550000585,active,2024-08-01T00:00:00
user-01a03f19-633a-4474-990e-57e75b98e60b,Stephanie Watkins,stephanie.watkins.01a03f19@example.com,+15550000586,active,2024-08-01T00:00:00
user-c401aa52-5d86-4872-a6fc-75f431023457,Vanessa Serrano,vanessa.serrano.c401aa52@example.com,+15550000587,active,2024-08-01T00:00:00
user-cf2dbf35-0461-492d-81bd-a783c553409a,Karen Reynolds,karen.reynolds.cf2dbf35@example.com,+15550000588,active,2024-08-01T00:00:00
user-8699b9d8-d299-411d-82bc-9ee94abdf576,Shawn Rogers,shawn.rogers.8699b9d8@example.com,+15550000589,active,2024-08-01T00:00:00
user-ed46daf6-4c46-4af8-a80d-c0cf0b307966,Seth Atkinson,seth.atkinson.ed46daf6@example.com,+15550000590,active,2024-08-01T00:00:00
user-298ca377-a08e-4e0d-91d6-b0b5aff14c1b,Benjamin Adkins,benjamin.adkins.298ca377@example.com,+15550000591,active,2024-08-01T00:00:00
user-333d41f0-5f4d-48cb-b3bd-042814f9b7f8,Kristina Snow,kristina.snow.333d41f0@example.com,+15550000592,active,2024-08-01T00:00:00
user-0d78df79-b2dc-4cea-b7a0-712c91c0433d,John Fischer,john.fischer.0d78df79@example.com,+15550000593,active,2024-08-01T00:00:00
user-26ef1453-7eb5-4f13-9c8c-22a3f738d060,Matthew Williams,matthew.williams.26ef1453@example.com,+15550000594,active,2024-08-01T00:00:00
user-62b38185-a937-473c-b04e-833be36219e6,Scott Ray,scott.ray.62b38185@example.com,+15550000595,active,2024-08-01T00:00:00
user-701ab460-123c-42eb-bae0-fbe7a111ebd7,Natasha Carter,natasha.carter.701ab460@example.com,+15550000596,active,2024-08-01T00:00:00
user-6a9699dc-eba5-4045-9b96-91504f0cfe77,Rhonda Ward,rhonda.ward.6a9699dc@example.com,+15550000597,active,2024-08-01T00:00:00
user-3218db6b-84e5-453d-8de9-a966eecbacc6,James Brennan,james.brennan.3218db6b@example.com,+15550000598,active,2024-08-01T00:00:00
user-cf1ff13a-ac47-45d6-92eb-1583ead19df6,David Edwards,david.edwards.cf1ff13a@example.com,+15550000599,active,2024-08-01T00:00:00
user-0ea8c796-5c53-421e-9442-830bc190960b,Jill Johnson,jill.johnson.0ea8c796@example.com,+15550000600,active,2024-08-01T00:00:00
user-6a7675ef-2c9d-4e2d-80c0-b5f38fffb6ea,Erika Mccarthy,erika.mccarthy.6a7675ef@example.com,+15550000601,active,2024-08-01T00:00:00
user-4126c950-a88a-4305-895c-96d7e076897e,Pamela Harris,pamela.harris.4126c950@example.com,+15550000602,active,2024-08-01T00:00:00
user-8e5821f5-d035-421b-a56a-6ed02c100432,Dillon Jennings,dillon.jennings.8e5821f5@example.com,+15550000603,active,2024-08-01T00:00:00
user-d7290d30-60da-438f-a6f7-99a66828a1ba,Alexandra Cain,alexandra.cain.d7290d30@example.com,+15550000604,active,2024-08-01T00:00:00
user-3eaef1e6-c145-417b-875b-96a83a8a8dc8,Omar Reeves,omar.reeves.3eaef1e6@example.com,+15550000605,active,2024-08-01T00:00:00
user-187d49e0-634f-4e10-a10c-3b0be7408be0,Brett Allen,brett.allen.187d49e0@example.com,+15550000606,active,2024-08-01T00:00:00
user-36654075-c818-484d-aa9f-b6e8834b1bd5,Blake Matthews,blake.matthews.36654075@example.com,+15550000607,active,2024-08-01T00:00:00
user-7160f724-2528-4ac3-ba79-b6e99e6b8a01,Brian Velasquez,brian.velasquez.7160f724@example.com,+15550000608,active,2024-08-01T00:00:00
user-1f2b91fc-75c1-4628-aec0-5cbebc88f0bf,Jason Garrison,jason.garrison.1f2b91fc@example.com,+15550000609,active,2024-08-01T00:00:00
user-63af441d-70c7-4c4e-b495-80b967849285,James Robertson,james.robertson.63af441d@example.com,+15550000610,active,2024-08-01T00:00:00
user-eb16c915-257c-4e0d-8f75-ef88a49065b6,Edward Carrillo,edward.carrillo.eb16c915@example.com,+15550000611,active,2024-08-01T00:00:00
user-9e22e2d2-ef3f-4b75-8aa0-f3ae453183e1,Tracie Martinez,tracie.martinez.9e22e2d2@example.com,+15550000612,active,2024-08-01T00:00:00
user-05f69a50-2703-4591-a792-14e2e5994b43,Matthew Carrillo,matthew.carrillo.05f69a50@example.com,+15550000613,active,2024-08-01T00:00:00
user-31d39d83-97c5-4a86-8d98-c9ea5e4d6505,Paul Barnes,paul.barnes.31d39d83@example.com,+15550000614,active,2024-08-01T00:00:00
user-a2ae6f2d-02bc-447f-9852-0d197780e7d4,Scott Jackson,scott.jackson.a2ae6f2d@example.com,+15550000615,active,2024-08-01T00:00:00
user-672a02fc-236c-4c57-9ef9-218b783ce0e3,Michelle Barnett,michelle.barnett.672a02fc@example.com,+15550000616,active,2024-08-01T00:00:00
user-c9d0d7ff-0b5c-4b60-ac5e-0389909cf62a,Mark Smith,mark.smith.c9d0d7ff@example.com,+15550000617,active,2024-08-01T00:00:00
user-caa8f40a-63c6-4789-87ad-05b99d694a15,Ryan Mclaughlin,ryan.mclaughlin.caa8f40a@example.com,+15550000618,active,2024-08-01T00:00:00
user-a2053515-1d0d-41cb-a47d-485aed398e8b,Richard Hayes,richard.hayes.a2053515@example.com,+15550000619,active,2024-08-01T00:00:00
user-85e030d5-7bbc-494b-baab-665c95549265,Sharon Smith,sharon.smith.85e030d5@example.com,+15550000620,active,2024-08-01T00:00:00
user-e4adb740-2faa-44fc-bc18-4aa698032414,Samuel Stout,samuel.stout.e4adb740@example.com,+15550000621,active,2024-08-01T00:00:00
user-8678daa5-37e5-4e54-8c81-551df8fb8c0a,Miguel Palmer,miguel.palmer.8678daa5@example.com,+15550000622,active,2024-08-01T00:00:00
user-4fc0f100-7ad9-49a8-9620-f0e3a0e42a80,James Grant,james.grant.4fc0f100@example.com,+15550000623,active,2024-08-01T00:00:00
user-6a49a618-20de-4b7a-af94-1b4afeb9a85e,Michelle Wiggins,michelle.wiggins.6a49a618@example.com,+15550000624,active,2024-08-01T00:00:00
user-d77ac8a9-6445-4f65-9a77-b0fb3abe853d,Ashley Porter,ashley.porter.d77ac8a9@example.com,+15550000625,active,2024-08-01T00:00:00
user-27e89b40-f32c-4604-8a79-6d1613bde382,Kathy Thomas,kathy.thomas.27e89b40@example.com,+15550000626,active,2024-08-01T00:00:00
user-fc41d86f-78f3-476a-882c-3eafc02d61f2,Michelle Roberts,michelle.roberts.fc41d86f@example.com,+15550000627,active,2024-08-01T00:00:00
user-d0299f60-146d-4716-bc55-eb830a04779e,Rachel Graham,rachel.graham.d0299f60@example.com,+15550000628,active,2024-08-01T00:00:00
user-3b5801eb-5e85-44e1-abb0-6e1879e5e0ac,Michelle Herring,michelle.herring.3b5801eb@example.com,+15550000629,active,2024-08-01T00:00:00
user-63b6d2f8-4e38-4b4c-bf67-6651399b4453,John Gilbert,john.gilbert.63b6d2f8@example.com,+15550000630,active,2024-08-01T00:00:00
user-d47fa6a3-60cc-4d46-8dc2-9b3fd5e43153,Gary Kirk,gary.kirk.d47fa6a3@example.com,+15550000631,active,2024-08-01T00:00:00
user-aeea9d66-6c0a-4d7b-95ee-d3d25c66a5ac,Michael Gallegos,michael.gallegos.aeea9d66@example.com,+15550000632,active,2024-08-01T00:00:00
user-a3d91be1-b5d9-4d3c-bdd8-ab49cd378f30,Megan Forbes,megan.forbes.a3d91be1@example.com,+15550000633,active,2024-08-01T00:00:00
user-8020c8de-2e83-4aae-8bd6-638db33f0978,Sandra Duncan,sandra.duncan.8020c8de@example.com,+15550000634,active,2024-08-01T00:00:00
user-f3abecde-d032-4605-876c-6373a9a9e65b,Carrie Wilson,carrie.wilson.f3abecde@example.com,+15550000635,active,2024-08-01T00:00:00
user-35292459-521c-4d3a-a786-3b68116663fc,Michael Ball,michael.ball.35292459@example.com,+15550000636,active,2024-08-01T00:00:00
user-b998f134-9c6e-4e5b-9a37-d0d9dbc72f85,Brian Church,brian.church.b998f134@example.com,+15550000637,active,2024-08-01T00:00:00
user-dccd3e5d-2076-4fc6-aa79-87579e134ce1,Jimmy Bridges,jimmy.bridges.dccd3e5d@example.com,+15550000638,active,2024-08-01T00:00:00
user-0abcb3b4-7e1c-4638-a21c-af1df3702f27,Brandy Mcdonald,brandy.mcdonald.0abcb3b4@example.com,+15550000639,active,2024-08-01T00:00:00
user-2ef2eede-fcc3-4c79-a843-4f5ae828d591,Mary Vargas,mary.vargas.2ef2eede@example.com,+15550000640,active,2024-08-01T00:00:00
user-1c4373e3-238c-46b7-83f5-6cf757228aba,Sara Potter,sara.potter.1c4373e3@example.com,+15550000641,active,2024-08-01T00:00:00
user-b761dca2-f8ff-4709-b645-9b0591dfa353,Beverly Parker,beverly.parker.b761dca2@example.com,+15550000642,active,2024-08-01T00:00:00
user-98c7adf1-31bc-45c1-85fb-dbf53b4a53e2,Timothy Navarro,timothy.navarro.98c7adf1@example.com,+15550000643,active,2024-08-01T00:00:00
user-6bb94756-3d64-40f4-9ecb-bc26ede41625,John Blackburn,john.blackburn.6bb94756@example.com,+15550000644,active,2024-08-01T00:00:00
user-efb0203d-c970-47ec-8644-2090a658224b,Carl Dorsey,carl.dorsey.efb0203d@example.com,+15550000645,active,2024-08-01T00:00:00
user-6fcd3399-b9d5-4ab0-9d50-385be83fec9c,Matthew Walker,matthew.walker.6fcd3399@example.com,+15550000646,active,2024-08-01T00:00:00
user-7e7c62c1-b8a8-4e9a-ab94-81a82d76e3e5,Christopher Brown,christopher.brown.7e7c62c1@example.com,+15550000647,active,2024-08-01T00:00:00
user-bf32ccad-096c-457c-9147-6f220d46e227,Kenneth Lynch,kenneth.lynch.bf32ccad@example.com,+15550000648,active,2024-08-01T00:00:00
user-5b4df518-7c6e-4957-8906-e33505acee31,Kim Porter DDS,kim.porter.dds.5b4df518@example.com,+15550000649,active,2024-08-01T00:00:00
user-212484cd-56e9-4934-ab9b-69d43228ee16,Duane Myers,duane.myers.212484cd@example.com,+15550000650,active,2024-08-01T00:00:00
user-1439dc05-4ab9-4995-90c7-d9437ae94f50,Shane Barber,shane.barber.1439dc05@example.com,+15550000651,active,2024-08-01T00:00:00
user-91c5349a-5fb8-43b5-8af3-1b0018617bc3,Deborah Peck,deborah.peck.91c5349a@example.com,+15550000652,active,2024-08-01T00:00:00
user-e6debecd-a5cf-4ced-957e-7fb31720480c,Robert Mitchell,robert.mitchell.e6debecd@example.com,+15550000653,active,2024-08-01T00:00:00
user-c11308cb-8153-4e7b-9149-9b6b5c0aa137,Jacqueline Cuevas,jacqueline.cuevas.c11308cb@example.com,+15550000654,active,2024-08-01T00:00:00
user-7c0459a0-2d38-460e-8653-72aefbf15570,Calvin Strong,calvin.strong.7c0459a0@example.com,+15550000655,active,2024-08-01T00:00:00
user-43086963-8392-432e-84e0-ef1902202b4c,Amber Franklin,amber.franklin.43086963@example.com,+15550000656,active,2024-08-01T00:00:00
user-d78e6e3f-3ff1-49b6-9dcb-129816aa0ecb,Steven Hansen,steven.hansen.d78e6e3f@example.com,+15550000657,active,2024-08-01T00:00:00
user-2f76575f-2d85-40ca-8f3b-82b14debc678,Renee Clark,renee.clark.2f76575f@example.com,+15550000658,active,2024-08-01T00:00:00
user-fd12529b-56bd-40cf-a742-a90ad36add5e,Karen Howell,karen.howell.fd12529b@example.com,+15550000659,active,2024-08-01T00:00:00
user-6aff094b-52ed-46fe-8904-5752ec7e76ec,Roy Torres,roy.torres.6aff094b@example.com,+15550000660,active,2024-08-01T00:00:00
user-fe21b6ad-ebab-42b3-b5ed-ad3529036009,Tiffany Scott,tiffany.scott.fe21b6ad@example.com,+15550000661,active,2024-08-01T00:00:00
user-77475cfc-c7a4-44fd-aa82-b68053aa7540,Steven Wood,steven.wood.77475cfc@example.com,+15550000662,active,2024-08-01T00:00:00
user-2f0fa97b-f713-40a9-8e11-3e18580cd97b,Christopher James,christopher.james.2f0fa97b@example.com,+15550000663,active,2024-08-01T00:00:00
user-ce8210c0-c537-4fd0-80ef-c3e8063b748a,Victoria Russo,victoria.russo.ce8210c0@example.com,+15550000664,active,2024-08-01T00:00:00
user-2661b9e7-3b2c-40ea-b349-251363d10a4e,Mark Brown MD,mark.brown.md.2661b9e7@example.com,+15550000665,active,2024-08-01T00:00:00
user-d85d8387-2b7e-46a9-9f28-dad061a5fc01,Todd Bautista,todd.bautista.d85d8387@example.com,+15550000666,active,2024-08-01T00:00:00
user-8834bd0d-66fc-44cf-83bc-c787f024b078,Jessica Wade,jessica.wade.8834bd0d@example.com,+15550000667,active,2024-08-01T00:00:00
user-8639eac0-9cd8-4fe5-9e10-8526a16018d1,Kelli Williams,kelli.williams.8639eac0@example.com,+15550000668,active,2024-08-01T00:00:00
user-4d481210-54e4-4e94-80f3-81ba408de5a5,James Cook,james.cook.4d481210@example.com,+15550000669,active,2024-08-01T00:00:00
user-8f34cf8e-4ab5-436b-b34d-d43e654c8d6b,Jerry Wilkins,jerry.wilkins.8f34cf8e@example.com,+15550000670,active,2024-08-01T00:00:00
user-6f1db361-6600-4690-8cd8-5520d4257b7f,John Simmons II,john.simmons.ii.6f1db361@example.com,+15550000671,active,2024-08-01T00:00:00
user-582e9081-9542-4d02-9ed4-d41c93fa8b2c,Laura Jones,laura.jones.582e9081@example.com,+15550000672,active,2024-08-01T00:00:00
user-5f22d013-c3f9-44a7-aeba-0975da12ffcc,Jack Huynh,jack.huynh.5f22d013@example.com,+15550000673,active,2024-08-01T00:00:00
user-c958448f-45d7-416d-a358-45098ec2a9da,Natasha Johnston,natasha.johnston.c958448f@example.com,+15550000674,active,2024-08-01T00:00:00
user-9400a9f1-7dfe-440e-9992-ce7a2dd5b296,Michael Khan,michael.khan.9400a9f1@example.com,+15550000675,active,2024-08-01T00:00:00
user-1b221ed8-52ce-4d81-a181-c5317da12a7c,Cheryl Patel,cheryl.patel.1b221ed8@example.com,+15550000676,active,2024-08-01T00:00:00
user-49421d99-2baa-4a3f-bbff-4e4d4e0062aa,George Sanchez,george.sanchez.49421d99@example.com,+15550000677,active,2024-08-01T00:00:00
user-f962820d-d110-4903-9fbd-86a2ba5a9687,Jonathan Lewis,jonathan.lewis.f962820d@example.com,+15550000678,active,2024-08-01T00:00:00
user-f714d574-6aed-4017-952f-ff5bc4155939,Claudia Jones,claudia.jones.f714d574@example.com,+15550000679,active,2024-08-01T00:00:00
user-cc1fc998-ac73-4d63-9bb0-03e1756e8d0d,Ronald Tran,ronald.tran.cc1fc998@example.com,+15550000680,active,2024-08-01T00:00:00
user-f55982fc-a2f7-407d-b845-3b32df0463f7,Dr. Chad Chavez,dr..chad.chavez.f55982fc@example.com,+15550000681,active,2024-08-01T00:00:00
user-254a6b6d-5dcb-4d20-88ce-e2e448935a93,Deborah Jackson,deborah.jackson.254a6b6d@example.com,+15550000682,active,2024-08-01T00:00:00
user-c664111b-b80e-45ab-b2de-ee220ea29fbe,Brittany Morales,brittany.morales.c664111b@example.com,+15550000683,active,2024-08-01T00:00:00
user-49a68f77-776a-4b4b-b668-48e489f414ae,Patricia Smith,patricia.smith.49a68f77@example.com,+15550000684,active,2024-08-01T00:00:00
user-6d83b2dd-2590-42ba-8d66-d65101b1a517,Danielle Lewis,danielle.lewis.6d83b2dd@example.com,+15550000685,active,2024-08-01T00:00:00
user-1740f65f-2823-4d8a-9ff9-2bf6dfcddfb6,Stephanie Navarro,stephanie.navarro.1740f65f@example.com,+15550000686,active,2024-08-01T00:00:00
user-6f80c5c6-04ed-4548-83b7-aee06e3700c4,Dana Ballard,dana.ballard.6f80c5c6@example.com,+15550000687,active,2024-08-01T00:00:00
user-779b7f09-bfd0-4ab7-a46f-9f6eecb13030,Clayton Brown,clayton.brown.779b7f09@example.com,+15550000688,active,2024-08-01T00:00:00
user-9a689679-4c75-46ba-92d3-6b5b0c51a34a,Bryan Bell,bryan.bell.9a689679@example.com,+15550000689,active,2024-08-01T00:00:00
user-a768163c-0781-430b-8703-ce1ce473c762,William Wallace II,william.wallace.ii.a768163c@example.com,+15550000690,active,2024-08-01T00:00:00
user-ed79e1d1-f247-47da-b20f-17c6184db706,Matthew Roberts,matthew.roberts.ed79e1d1@example.com,+15550000691,active,2024-08-01T00:00:00
user-758d0e66-e551-46a4-b8f9-0a98d7161e93,Barry Mann,barry.mann.758d0e66@example.com,+15550000692,active,2024-08-01T00:00:00
user-1757e1cd-b99e-42a3-9e19-1b1305127836,Kelly Pearson,kelly.pearson.1757e1cd@example.com,+15550000693,active,2024-08-01T00:00:00
user-40c889c0-2020-4661-bb9a-564950b1a262,Steven Escobar,steven.escobar.40c889c0@example.com,+15550000694,active,2024-08-01T00:00:00
user-b8cf5c4c-27e2-4106-9058-eb38559661e0,Miranda Myers,miranda.myers.b8cf5c4c@example.com,+15550000695,active,2024-08-01T00:00:00
user-7bb37398-522c-4b94-95aa-882d79ae2041,Diana Taylor,diana.taylor.7bb37398@example.com,+15550000696,active,2024-08-01T00:00:00
user-670a79a3-05fc-4a33-8b9d-1b6df80347f4,Jason Richards,jason.richards.670a79a3@example.com,+15550000697,active,2024-08-01T00:00:00
user-c0a8be37-975c-4b34-8989-1eb846c63871,Sarah Hatfield,sarah.hatfield.c0a8be37@example.com,+15550000698,active,2024-08-01T00:00:00
user-5c3c91f4-9d48-426f-9862-e165bf8f616d,John Washington,john.washington.5c3c91f4@example.com,+15550000699,active,2024-08-01T00:00:00
user-7ea9b687-48e0-4f47-9245-7a3e02c88fec,Hannah Ross,hannah.ross.7ea9b687@example.com,+15550000700,active,2024-08-01T00:00:00
user-6d622f69-5cf8-4eda-b7ff-4f57f0e66237,David Donaldson,david.donaldson.6d622f69@example.com,+15550000701,active,2024-08-01T00:00:00
user-7e394ed8-8aae-477f-9649-5d3e7f5658fb,Caroline Lucas,caroline.lucas.7e394ed8@example.com,+15550000702,active,2024-08-01T00:00:00
user-95381466-0836-4fd0-b05c-e8ca6147a51f,Barry Maxwell,barry.maxwell.95381466@example.com,+15550000703,active,2024-08-01T00:00:00
user-3bcd90d3-7d42-4c9f-ad46-04d8af612206,Lauren Love,lauren.love.3bcd90d3@example.com,+15550000704,active,2024-08-01T00:00:00
user-6afcdfd4-7162-4241-9932-0cf1f3a2b6e7,Tracey Larson,tracey.larson.6afcdfd4@example.com,+15550000705,active,2024-08-01T00:00:00
user-07837268-1f07-43d7-a271-fa0ab4370eee,Billy Burton,billy.burton.07837268@example.com,+15550000706,active,2024-08-01T00:00:00
user-84a120aa-c994-404e-9e74-8277a6f9eb4e,Brendan Rodriguez,brendan.rodriguez.84a120aa@example.com,+15550000707,active,2024-08-01T00:00:00
user-17e24a9b-119c-4ea7-a53a-bb757c70ad0a,Emily Perry,emily.perry.17e24a9b@example.com,+15550000708,active,2024-08-01T00:00:00
user-cc9cb0b1-f5d5-4fbb-ae89-025a80fb57c1,Kathryn King,kathryn.king.cc9cb0b1@example.com,+15550000709,active,2024-08-01T00:00:00
user-7d4b9dcb-d4ff-42fa-9c58-5657c61f4954,Michael Morris,michael.morris.7d4b9dcb@example.com,+15550000710,active,2024-08-01T00:00:00
user-6fb41f2c-72b6-4e3e-b896-89be93d85e5a,Brandon Small,brandon.small.6fb41f2c@example.com,+15550000711,active,2024-08-01T00:00:00
user-33ab4667-4cdd-435a-875e-305ea36ebc4d,Jill Smith,jill.smith.33ab4667@example.com,+15550000712,active,2024-08-01T00:00:00
user-a2effce6-3ad2-4811-940b-bbb5a4ad9b67,Kevin Mcguire,kevin.mcguire.a2effce6@example.com,+15550000713,active,2024-08-01T00:00:00
user-f3c5c37f-bd98-40b6-8f8b-eeb75218bbed,Cynthia Frazier,cynthia.frazier.f3c5c37f@example.com,+15550000714,active,2024-08-01T00:00:00
user-249c5605-e2c1-49de-825b-aeef4ba19a9e,Matthew Bryan,matthew.bryan.249c5605@example.com,+15550000715,active,2024-08-01T00:00:00
user-87a00a98-1d65-4fba-92f9-41ac07bce2bd,Tracey Giles,tracey.giles.87a00a98@example.com,+15550000716,active,2024-08-01T00:00:00
user-aef5051b-ee62-4974-994d-fbb200c5f89c,Anthony Silva,anthony.silva.aef5051b@example.com,+15550000717,active,2024-08-01T00:00:00
user-21c61b96-d053-45f3-9730-c3483fe288d2,Jay Cunningham,jay.cunningham.21c61b96@example.com,+15550000718,active,2024-08-01T00:00:00
user-aa006c1b-6b97-4f02-99a9-57923d13eb8f,Mary Owens,mary.owens.aa006c1b@example.com,+15550000719,active,2024-08-01T00:00:00
user-bbe44e0a-dc83-4c13-a357-89d0c4f06f29,Renee Price,renee.price.bbe44e0a@example.com,+15550000720,active,2024-08-01T00:00:00
user-cd67e795-f5fa-470f-9a4f-4060d5951279,Kathleen Flores,kathleen.flores.cd67e795@example.com,+15550000721,active,2024-08-01T00:00:00
user-2444fa55-4e76-4e0e-8880-6ccb037e3479,Kelly Holmes,kelly.holmes.2444fa55@example.com,+15550000722,active,2024-08-01T00:00:00
user-adc6b3eb-08c6-47a0-a6ce-19384284547a,Ashley Jenkins,ashley.jenkins.adc6b3eb@example.com,+15550000723,active,2024-08-01T00:00:00
user-c3f68ead-12e5-4a95-9f20-2c9529a5f08b,Dana Williams,dana.williams.c3f68ead@example.com,+15550000724,active,2024-08-01T00:00:00
user-2fac4408-7728-454c-94d8-16b7262380b0,Brandon Alvarado,brandon.alvarado.2fac4408@example.com,+15550000725,active,2024-08-01T00:00:00
user-5a056723-8fb6-4708-ba04-edc4e2854e74,Lawrence Ochoa,lawrence.ochoa.5a056723@example.com,+15550000726,active,2024-08-01T00:00:00
user-6f595044-c1c1-4b1b-8b9a-6ba836a7d845,Teresa Moreno,teresa.moreno.6f595044@example.com,+15550000727,active,2024-08-01T00:00:00
user-8d5fa184-5966-49ce-b3e7-4acfaba98bfd,Sarah Edwards,sarah.edwards.8d5fa184@example.com,+15550000728,active,2024-08-01T00:00:00
user-3785fc7c-35aa-4e40-b620-f54b10e8a832,Jennifer Porter,jennifer.porter.3785fc7c@example.com,+15550000729,active,2024-08-01T00:00:00
user-436ca6dd-1cc3-4ff0-986c-eabb97606b9b,Caitlin Vasquez,caitlin.vasquez.436ca6dd@example.com,+15550000730,active,2024-08-01T00:00:00
user-64e25b29-1b93-4db3-a929-7fb7183288be,Sergio Johnson,sergio.johnson.64e25b29@example.com,+15550000731,active,2024-08-01T00:00:00
user-4a0fcf58-3784-4070-96a6-0925fc23e36f,Kathy Nichols MD,kathy.nichols.md.4a0fcf58@example.com,+15550000732,active,2024-08-01T00:00:00
user-e94d8a6e-9b23-411a-baf2-75f02c42d8cb,Mary Jordan,mary.jordan.e94d8a6e@example.com,+15550000733,active,2024-08-01T00:00:00
user-8c5628d0-6d15-4a6d-80f2-9c723e39ba83,Stephanie Reyes,stephanie.reyes.8c5628d0@example.com,+15550000734,active,2024-08-01T00:00:00
user-7eaca096-c253-48ee-936a-8ea930759d59,Samuel Thomas,samuel.thomas.7eaca096@example.com,+15550000735,active,2024-08-01T00:00:00
user-e648e7c1-b5f5-4d67-b78c-7d41956f4eaf,James Jones,james.jones.e648e7c1@example.com,+15550000736,active,2024-08-01T00:00:00
user-ed5f2f3e-8bef-4da7-b30c-90c3fa5f40ea,Jason Jones DDS,jason.jones.dds.ed5f2f3e@example.com,+15550000737,active,2024-08-01T00:00:00
user-cd709ef0-753a-4968-b981-ab264708b37a,Christine Miller,christine.miller.cd709ef0@example.com,+15550000738,active,2024-08-01T00:00:00
user-72ad36e6-90e5-4d1f-8978-44a18ed7d4e0,Jessica Cole,jessica.cole.72ad36e6@example.com,+15550000739,active,2024-08-01T00:00:00
user-b8edba64-3db4-4841-8f8d-dc00dce6fb67,Hannah Anderson MD,hannah.anderson.md.b8edba64@example.com,+15550000740,active,2024-08-01T00:00:00
user-7b4010bf-8e77-489c-83e9-0056299e9429,Amanda Chapman,amanda.chapman.7b4010bf@example.com,+15550000741,active,2024-08-01T00:00:00
user-446153de-73e0-4d85-a593-2c3ae8664564,Manuel Hess,manuel.hess.446153de@example.com,+15550000742,active,2024-08-01T00:00:00
user-5a2b4f14-e7ac-4b3a-bf58-688bca696e5f,Colin Campos,colin.campos.5a2b4f14@example.com,+15550000743,active,2024-08-01T00:00:00
user-10687c1c-9437-400c-a604-0e19882c65e1,Amber Reed,amber.reed.10687c1c@example.com,+15550000744,active,2024-08-01T00:00:00
user-03710ca1-feb1-4206-bd26-3bb8e6a1dac2,Miguel Ruiz,miguel.ruiz.03710ca1@example.com,+15550000745,active,2024-08-01T00:00:00
user-153f6ea8-c8e7-4bfb-8273-72ac137733ea,Timothy Long,timothy.long.153f6ea8@example.com,+15550000746,active,2024-08-01T00:00:00
user-6cb96ee5-043d-47e6-a79a-67e7b0fa034e,Danielle Anthony,danielle.anthony.6cb96ee5@example.com,+15550000747,active,2024-08-01T00:00:00
user-67d2941c-ef55-4f74-9994-431a09ee14db,Nathan Howard,nathan.howard.67d2941c@example.com,+15550000748,active,2024-08-01T00:00:00
user-afdabd06-a2b4-497a-93b8-7bcf582b5d3b,Eric Porter,eric.porter.afdabd06@example.com,+15550000749,active,2024-08-01T00:00:00
user-0bc37503-ab88-4833-9b4e-1355bdd20deb,Mr. Alfred Reynolds,mr..alfred.reynolds.0bc37503@example.com,+15550000750,active,2024-08-01T00:00:00
user-b43ea9dd-823e-4930-9110-31ea0eaa05f3,Shawn Burnett,shawn.burnett.b43ea9dd@example.com,+15550000751,active,2024-08-01T00:00:00
user-f9f4d7f7-6884-4f0c-88d9-0d3432a666ca,Christopher Cannon,christopher.cannon.f9f4d7f7@example.com,+15550000752,active,2024-08-01T00:00:00
user-07571aa5-5581-4cf0-9a68-006051f37c8c,Dylan Dickerson,dylan.dickerson.07571aa5@example.com,+15550000753,active,2024-08-01T00:00:00
user-71f1cea1-588b-47f5-93c3-4e649541a9e4,Kelsey Walker,kelsey.walker.71f1cea1@example.com,+15550000754,active,2024-08-01T00:00:00
user-6ffc9798-2bb6-43ca-823b-e9dda0935299,John Mcgee,john.mcgee.6ffc9798@example.com,+15550000755,active,2024-08-01T00:00:00
user-1991aaf6-d1b3-45f3-a33b-7a9174d18f8b,Karen Pugh,karen.pugh.1991aaf6@example.com,+15550000756,active,2024-08-01T00:00:00
user-86fb0f27-e52e-40a4-8499-5f1610574213,Erin Garcia,erin.garcia.86fb0f27@example.com,+15550000757,active,2024-08-01T00:00:00
user-2e1fd151-264e-4a4a-8584-733dd5da3152,Ellen Jordan,ellen.jordan.2e1fd151@example.com,+15550000758,active,2024-08-01T00:00:00
user-8f4f1f50-62c9-4870-bf5b-bdcd357f8ad7,Teresa Ortiz,teresa.ortiz.8f4f1f50@example.com,+15550000759,active,2024-08-01T00:00:00
user-37601558-3b79-4200-800f-fc03a28a5ec7,Michael Flores,michael.flores.37601558@example.com,+15550000760,active,2024-08-01T00:00:00
user-f03fb49f-283d-405e-bf8d-52046ca6e77d,Jill Mcknight,jill.mcknight.f03fb49f@example.com,+15550000761,active,2024-08-01T00:00:00
user-f14bcc19-681e-43a6-94e0-9748a8455850,Stephen Solis,stephen.solis.f14bcc19@example.com,+15550000762,active,2024-08-01T00:00:00
user-bd081d89-0320-4774-bb4c-798b6e253b0e,Katherine Griffin,katherine.griffin.bd081d89@example.com,+15550000763,active,2024-08-01T00:00:00
user-27133460-80a8-449a-b422-65bfe97af456,Andrew Rosario,andrew.rosario.27133460@example.com,+15550000764,active,2024-08-01T00:00:00
user-ab13dd68-d82a-4dbe-b352-0f4df96ff5e3,Kathryn Cox,kathryn.cox.ab13dd68@example.com,+15550000765,active,2024-08-01T00:00:00
user-bd72d373-2261-4193-bee7-41d3bfd08ef1,Ronald Jones,ronald.jones.bd72d373@example.com,+15550000766,active,2024-08-01T00:00:00
user-b4624db2-8aba-4c57-a0f7-0f5cb8bf0a04,Jennifer Atkinson,jennifer.atkinson.b4624db2@example.com,+15550000767,active,2024-08-01T00:00:00
user-8cf43099-d49e-4e95-8b08-3d61df8b947f,Dennis Johnson,dennis.johnson.8cf43099@example.com,+15550000768,active,2024-08-01T00:00:00
user-625c6012-3c16-4c27-ab0c-a8512e488ad7,Nicole Russell,nicole.russell.625c6012@example.com,+15550000769,active,2024-08-01T00:00:00
user-0e105436-465e-4326-94d3-f6a0e7051725,Carrie Johnson,carrie.johnson.0e105436@example.com,+15550000770,active,2024-08-01T00:00:00
user-32927010-1d7d-4cd9-a500-593804ff0e77,Alicia Holder,alicia.holder.32927010@example.com,+15550000771,active,2024-08-01T00:00:00
user-0b7ba743-6819-4540-8542-b7fa14bd996d,Christina Johnson,christina.johnson.0b7ba743@example.com,+15550000772,active,2024-08-01T00:00:00
user-fa5ae382-e7ab-4d94-bdfc-7d689bc335ab,Jeffrey Boyd,jeffrey.boyd.fa5ae382@example.com,+15550000773,active,2024-08-01T00:00:00
user-62e44a82-c99b-4d04-9abb-f6a2eb97c7ec,Ashley Anderson,ashley.anderson.62e44a82@example.com,+15550000774,active,2024-08-01T00:00:00
user-758b4602-0ce0-440a-9584-ad59ce4216ad,David Hammond,david.hammond.758b4602@example.com,+15550000775,active,2024-08-01T00:00:00
user-920c0197-3c76-4cb7-90f7-b1a687043563,Lisa Lee,lisa.lee.920c0197@example.com,+15550000776,active,2024-08-01T00:00:00
user-4675a031-3216-463d-8c4d-42ea1283bd56,Jason Parker,jason.parker.4675a031@example.com,+15550000777,active,2024-08-01T00:00:00
user-a5066e8e-de65-4798-9ed5-f6cae5f86031,Meagan Robinson,meagan.robinson.a5066e8e@example.com,+15550000778,active,2024-08-01T00:00:00
user-99908d5f-92b2-4e74-812d-8fbf41ddc894,Kenneth Wilcox,kenneth.wilcox.99908d5f@example.com,+15550000779,active,2024-08-01T00:00:00
user-c404f9e5-cfcd-428e-8459-c1e1fd0d586b,Brian Smith,brian.smith.c404f9e5@example.com,+15550000780,active,2024-08-01T00:00:00
user-902c8ddc-8ba2-42a6-b380-4afc64f50ffc,Courtney Lee,courtney.lee.902c8ddc@example.com,+15550000781,active,2024-08-01T00:00:00
user-376d586e-00b0-4a49-9695-ddac46fb337e,Margaret Lopez,margaret.lopez.376d586e@example.com,+15550000782,active,2024-08-01T00:00:00
user-89a5d615-2bb0-4843-8177-90bf7f452bfe,Kathleen Sawyer,kathleen.sawyer.89a5d615@example.com,+15550000783,active,2024-08-01T00:00:00
user-8f9052f4-d761-416e-8b74-a71f640df0d7,Kerri Wilson,kerri.wilson.8f9052f4@example.com,+15550000784,active,2024-08-01T00:00:00
user-359c05d0-e19d-463d-b3b4-43a0b4a3810f,Lauren Jackson,lauren.jackson.359c05d0@example.com,+15550000785,active,2024-08-01T00:00:00
user-fa7960f6-2060-4fc8-a154-148e0c543e8a,Danielle Griffin,danielle.griffin.fa7960f6@example.com,+15550000786,active,2024-08-01T00:00:00
user-11498734-cebc-4784-a055-6bd08a18f1dc,Courtney Evans,courtney.evans.11498734@example.com,+15550000787,active,2024-08-01T00:00:00
user-33d208d7-91f2-4d70-9f75-c1bf87481c15,Maria Cabrera,maria.cabrera.33d208d7@example.com,+15550000788,active,2024-08-01T00:00:00
user-848bb1e9-3367-4758-8f73-e886fadfadab,Tyler Evans,tyler.evans.848bb1e9@example.com,+15550000789,active,2024-08-01T00:00:00
user-45233069-2809-4274-b243-98792794b3e9,Misty Townsend,misty.townsend.45233069@example.com,+15550000790,active,2024-08-01T00:00:00
user-5b16d3ac-510a-4143-8a0a-785ce783f3d8,Brian Ford,brian.ford.5b16d3ac@example.com,+15550000791,active,2024-08-01T00:00:00
user-5dbe3a93-bfd1-48f7-8040-dacc81b641f3,Dr. Erin Turner,dr..erin.turner.5dbe3a93@example.com,+15550000792,active,2024-08-01T00:00:00
user-f0496969-2829-4c93-834d-07ef9042cd86,Ashley Lam,ashley.lam.f0496969@example.com,+15550000793,active,2024-08-01T00:00:00
user-70a0c69e-1bf5-4805-bf9c-4714e193f75d,Stephanie Nelson,stephanie.nelson.70a0c69e@example.com,+15550000794,active,2024-08-01T00:00:00
user-b6b6f9ac-f08b-4ef6-8e52-a2c0bb49b17d,James Mitchell,james.mitchell.b6b6f9ac@example.com,+15550000795,active,2024-08-01T00:00:00
user-0855291e-0a0d-4e17-931b-beabbc173f85,Rhonda Watkins,rhonda.watkins.0855291e@example.com,+15550000796,active,2024-08-01T00:00:00
user-50fb8eb8-955f-41ca-ab6a-faaff8141652,Sharon Johnson,sharon.johnson.50fb8eb8@example.com,+15550000797,active,2024-08-01T00:00:00
user-661d2fc6-9fa2-4c79-9d19-44c73cb68448,Paul Black,paul.black.661d2fc6@example.com,+15550000798,active,2024-08-01T00:00:00
user-bcff2252-fa4f-4a03-88eb-6ff7b0e010a0,Elizabeth Lewis,elizabeth.lewis.bcff2252@example.com,+15550000799,active,2024-08-01T00:00:00
user-4ba2a669-8d0b-4aef-96c0-aae24b7711ff,Peggy Martinez,peggy.martinez.4ba2a669@example.com,+15550000800,active,2024-08-01T00:00:00
user-f1c1c41c-e3ac-4d0f-9604-06a648c54aa4,Adam Murray,adam.murray.f1c1c41c@example.com,+15550000801,active,2024-08-01T00:00:00
user-0ed041f5-3d65-4f50-b23e-849b527ee107,Paige Gonzales,paige.gonzales.0ed041f5@example.com,+15550000802,active,2024-08-01T00:00:00
user-01450c81-3eae-4663-a704-f91c175e17f0,Alex Rosales,alex.rosales.01450c81@example.com,+15550000803,active,2024-08-01T00:00:00
user-5948da4d-8a3d-4122-9885-6f62f017c7b2,Ashley Meyer,ashley.meyer.5948da4d@example.com,+15550000804,active,2024-08-01T00:00:00
user-67f25b4e-183c-4a43-9227-09966e445b42,Stephanie Price,stephanie.price.67f25b4e@example.com,+15550000805,active,2024-08-01T00:00:00
user-46d34d7f-a3a4-4386-89ba-fa5ac15e5a69,Walter Allen,walter.allen.46d34d7f@example.com,+15550000806,active,2024-08-01T00:00:00
user-7bb8fda6-2726-4199-a7aa-ed27cdfff312,Derrick Brown,derrick.brown.7bb8fda6@example.com,+15550000807,active,2024-08-01T00:00:00
user-3934f6b2-65db-491f-93be-76ec718440d9,John Wilson,john.wilson.3934f6b2@example.com,+15550000808,active,2024-08-01T00:00:00
user-547f74d3-e5b0-4e69-a707-74acc44f122c,Tony Garrett,tony.garrett.547f74d3@example.com,+15550000809,active,2024-08-01T00:00:00
user-b06bdac7-cb60-4550-a13d-62da39a1c53e,Joshua Proctor,joshua.proctor.b06bdac7@example.com,+15550000810,active,2024-08-01T00:00:00
user-b51ad0d8-7b4d-4859-8de9-fd9feb62c888,Angela Clark,angela.clark.b51ad0d8@example.com,+15550000811,active,2024-08-01T00:00:00
user-543b48b5-22b5-41e4-8e3c-704fc8f03e8d,Luis White,luis.white.543b48b5@example.com,+15550000812,active,2024-08-01T00:00:00
user-b66095e0-346f-477d-8c25-3b70d4dfab70,Cheyenne Briggs,cheyenne.briggs.b66095e0@example.com,+15550000813,active,2024-08-01T00:00:00
user-8386c889-4e1d-49ce-9d61-12c967dad0f9,Alicia Webster,alicia.webster.8386c889@example.com,+15550000814,active,2024-08-01T00:00:00
user-07365e1d-9d4c-4185-859e-d5757178280c,Madison Austin,madison.austin.07365e1d@example.com,+15550000815,active,2024-08-01T00:00:00
user-33326773-e843-48d9-9641-9990733d705a,Chase Rogers,chase.rogers.33326773@example.com,+15550000816,active,2024-08-01T00:00:00
user-2a6409ee-29ac-483f-a2a7-9074fcb50191,Michael Macdonald,michael.macdonald.2a6409ee@example.com,+15550000817,active,2024-08-01T00:00:00
user-8976b896-e0e8-4696-b268-5587e42efaa0,Carrie Mueller,carrie.mueller.8976b896@example.com,+15550000818,active,2024-08-01T00:00:00
user-41b09fe3-c0bf-4484-bc20-f48aedb5e7d5,Jeremy Stokes,jeremy.stokes.41b09fe3@example.com,+15550000819,active,2024-08-01T00:00:00
user-69819ace-cccb-4f20-aa31-be439b1b8e2b,Matthew Henderson,matthew.henderson.69819ace@example.com,+15550000820,active,2024-08-01T00:00:00
user-19a91b0b-51dc-434f-978a-177588409f99,William Ayala,william.ayala.19a91b0b@example.com,+15550000821,active,2024-08-01T00:00:00
user-d6ca3f18-6708-4e27-9196-8a2238aba9b0,Ryan Nash,ryan.nash.d6ca3f18@example.com,+15550000822,active,2024-08-01T00:00:00
user-78e4ffca-cfe4-42f3-9ef0-98ca1bb8cfa0,Marvin Kramer,marvin.kramer.78e4ffca@example.com,+15550000823,active,2024-08-01T00:00:00
user-628b0262-278b-4522-aa31-ed61da01b78a,John Richardson,john.richardson.628b0262@example.com,+15550000824,active,2024-08-01T00:00:00
user-a43342bc-a956-480b-8ef3-7b28e61c9b9b,Maria Macdonald,maria.macdonald.a43342bc@example.com,+15550000825,active,2024-08-01T00:00:00
user-296a6b8f-b21e-4485-ad7f-18c1262a0764,Brittany Wells,brittany.wells.296a6b8f@example.com,+15550000826,active,2024-08-01T00:00:00
user-7c45f68c-bbba-4b82-9457-03de08fe8287,Diane Hunter,diane.hunter.7c45f68c@example.com,+15550000827,active,2024-08-01T00:00:00
user-be999c23-fb5b-4060-b4aa-bd50fe8ab5f6,Amanda Harper,amanda.harper.be999c23@example.com,+15550000828,active,2024-08-01T00:00:00
user-8c39c27b-eb7a-452f-9581-a78bdf3ed9eb,Robert Carter,robert.carter.8c39c27b@example.com,+15550000829,active,2024-08-01T00:00:00
user-430e5411-6ed3-439b-93c3-e885b2a37d0f,Judith Swanson,judith.swanson.430e5411@example.com,+15550000830,active,2024-08-01T00:00:00
user-b9915f58-4f74-4518-bb97-0b1e58c541a5,Patrick Walls,patrick.walls.b9915f58@example.com,+15550000831,active,2024-08-01T00:00:00
user-4559b465-3dfc-40aa-84fe-31c153b4c0d8,Bruce Henderson,bruce.henderson.4559b465@example.com,+15550000832,active,2024-08-01T00:00:00
user-239409e0-b3ad-4bf6-ba7c-08628ee3cbee,Cole Kelly,cole.kelly.239409e0@example.com,+15550000833,active,2024-08-01T00:00:00
user-45514547-8413-41d4-ba88-c1240763e5e8,Jennifer Erickson,jennifer.erickson.45514547@example.com,+15550000834,active,2024-08-01T00:00:00
user-ce5679e9-296a-4566-ba46-98a3e0a94136,Jeffrey Foster,jeffrey.foster.ce5679e9@example.com,+15550000835,active,2024-08-01T00:00:00
user-02c02023-75d2-4ad2-89f6-ed2c2e7ae6f5,Anthony Simmons,anthony.simmons.02c02023@example.com,+15550000836,active,2024-08-01T00:00:00
user-300faed1-594b-427c-894e-c46855f06f22,Sheena Lewis,sheena.lewis.300faed1@example.com,+15550000837,active,2024-08-01T00:00:00
user-aeb1bb4a-8548-48ed-a8e2-c31bc682b091,Sean Carter,sean.carter.aeb1bb4a@example.com,+15550000838,active,2024-08-01T00:00:00
user-20ae953d-06b1-4034-a24c-a173911af24e,Christopher Ellis,christopher.ellis.20ae953d@example.com,+15550000839,active,2024-08-01T00:00:00
user-4ed3232e-6117-4b38-9d59-265a217c91cf,Janet Jefferson,janet.jefferson.4ed3232e@example.com,+15550000840,active,2024-08-01T00:00:00
user-8252af4b-fdbe-4139-b9a2-de4ceb670886,Joseph Wilson,joseph.wilson.8252af4b@example.com,+15550000841,active,2024-08-01T00:00:00
user-254292b3-d9f3-4b20-be39-1db058d17bb9,Michael Harris,michael.harris.254292b3@example.com,+15550000842,active,2024-08-01T00:00:00
user-4423c47b-1f8b-4df4-bfe9-531cd8e6441b,Sandra Gordon,sandra.gordon.4423c47b@example.com,+15550000843,active,2024-08-01T00:00:00
user-a4512e27-9e9c-4aa8-bc00-11e9e1f1fd9f,Heather Henderson,heather.henderson.a4512e27@example.com,+15550000844,active,2024-08-01T00:00:00
user-36708614-1e24-453b-8593-b03eb1a7c5b8,Sue Bailey,sue.bailey.36708614@example.com,+15550000845,active,2024-08-01T00:00:00
user-f419edd5-8bb5-4809-8cfc-599ab209f6da,Alicia Norris,alicia.norris.f419edd5@example.com,+15550000846,active,2024-08-01T00:00:00
user-4041ba09-7a39-4b37-9e0e-f39a765d9c82,Jennifer Sanders,jennifer.sanders.4041ba09@example.com,+15550000847,active,2024-08-01T00:00:00
user-d2d5925b-c91a-440d-a613-0c76f88845cc,Jeremiah Smith,jeremiah.smith.d2d5925b@example.com,+15550000848,active,2024-08-01T00:00:00
user-a054cb90-d7e9-4236-9533-fc7fd2b1fd77,Bryan Thomas,bryan.thomas.a054cb90@example.com,+15550000849,active,2024-08-01T00:00:00
user-84f7f075-d17e-4662-a11c-bc80e28b12f5,David Lewis,david.lewis.84f7f075@example.com,+15550000850,active,2024-08-01T00:00:00
user-0f1df561-31c0-417e-909b-4b054c45baaf,Grant Poole,grant.poole.0f1df561@example.com,+15550000851,active,2024-08-01T00:00:00
user-5b817ccb-b122-4044-b74f-bde3d1df714d,Lawrence Mclaughlin,lawrence.mclaughlin.5b817ccb@example.com,+15550000852,active,2024-08-01T00:00:00
user-c710ee81-7487-44d1-b65f-69a898acaf69,Paula Mcdonald,paula.mcdonald.c710ee81@example.com,+15550000853,active,2024-08-01T00:00:00
user-7fcd9f31-c0cb-4414-9981-9d014f593081,Christopher Townsend,christopher.townsend.7fcd9f31@example.com,+15550000854,active,2024-08-01T00:00:00
user-d84ec4ed-ae05-416c-9cbe-eace4567132d,Ryan Martinez,ryan.martinez.d84ec4ed@example.com,+15550000855,active,2024-08-01T00:00:00
user-41ca48ad-5cc0-4e25-83df-63d166b91a12,Danielle Gonzalez,danielle.gonzalez.41ca48ad@example.com,+15550000856,active,2024-08-01T00:00:00
user-5e3636fd-a0a7-44c0-96e8-3d906cdbb119,Victoria Wood,victoria.wood.5e3636fd@example.com,+15550000857,active,2024-08-01T00:00:00
user-b5261e71-886e-4d78-8d1d-310ed9754704,Gregory Wyatt,gregory.wyatt.b5261e71@example.com,+15550000858,active,2024-08-01T00:00:00
user-50e6ae18-ad0a-4f68-bb3d-e1a8b80eb58f,Jody Hale,jody.hale.50e6ae18@example.com,+15550000859,active,2024-08-01T00:00:00
user-adaf0597-4b7f-4b6a-8881-40f3787bc862,Nicole Hall,nicole.hall.adaf0597@example.com,+15550000860,active,2024-08-01T00:00:00
user-a692df88-38f3-4725-84a6-73ec7e6c7ab5,David Thornton,david.thornton.a692df88@example.com,+15550000861,active,2024-08-01T00:00:00
user-76d2b7be-1fa1-441b-9de1-97c64d06c646,Christopher Smith,christopher.smith.76d2b7be@example.com,+15550000862,active,2024-08-01T00:00:00
user-fad2c57b-c35e-4270-8d10-2f067a5ee2b7,Ryan Jones,ryan.jones.fad2c57b@example.com,+15550000863,active,2024-08-01T00:00:00
user-5484b02b-221a-4bbe-86a3-3eccdcf8d2ae,Gerald Castillo,gerald.castillo.5484b02b@example.com,+15550000864,active,2024-08-01T00:00:00
user-c1d42cf2-74d9-44b1-a0a2-c85935c413be,George Garcia,george.garcia.c1d42cf2@example.com,+15550000865,active,2024-08-01T00:00:00
user-e9f40ffc-bea9-4cc6-abca-7fe897f37903,Mackenzie Torres,mackenzie.torres.e9f40ffc@example.com,+15550000866,active,2024-08-01T00:00:00
user-7863e37d-24c8-4e18-8730-ea7e2a65606d,Amy Roberts,amy.roberts.7863e37d@example.com,+15550000867,active,2024-08-01T00:00:00
user-a9976a20-42e5-4c26-a2d0-6ab72973887f,Benjamin Thomas,benjamin.thomas.a9976a20@example.com,+15550000868,active,2024-08-01T00:00:00
user-d51ebab3-97b1-482d-9ccd-7368f01000f7,Christina Patterson,christina.patterson.d51ebab3@example.com,+15550000869,active,2024-08-01T00:00:00
user-e7f5d853-30ed-4302-9303-e11752f57b2f,Kristi Washington,kristi.washington.e7f5d853@example.com,+15550000870,active,2024-08-01T00:00:00
user-8e6a03da-15e7-44e8-bec1-426b65edb389,Rachel Sutton,rachel.sutton.8e6a03da@example.com,+15550000871,active,2024-08-01T00:00:00
user-2e0d6ce4-794d-4494-bd1d-f44dbca8683f,Mary Martin,mary.martin.2e0d6ce4@example.com,+15550000872,active,2024-08-01T00:00:00
user-0e4dbbf0-e4a8-4015-9595-c0b9bec0f9e5,Joel Young,joel.young.0e4dbbf0@example.com,+15550000873,active,2024-08-01T00:00:00
user-7aa35447-7686-43f7-bb98-14b1bc5fe250,Kelli Nash,kelli.nash.7aa35447@example.com,+15550000874,active,2024-08-01T00:00:00
user-fa6de1f2-ff8e-43ea-8da3-98d975b096da,Kyle Carroll,kyle.carroll.fa6de1f2@example.com,+15550000875,active,2024-08-01T00:00:00
user-e860f5d5-878c-468e-a446-059ba8434d4b,Cheryl Robinson,cheryl.robinson.e860f5d5@example.com,+15550000876,active,2024-08-01T00:00:00
user-ce5ac3ba-cbec-4482-816e-1ee6def437e2,Linda Thompson,linda.thompson.ce5ac3ba@example.com,+15550000877,active,2024-08-01T00:00:00
user-0edeaba5-35f3-4e68-98ca-f412d9cd14b5,Martin Henderson,martin.henderson.0edeaba5@example.com,+15550000878,active,2024-08-01T00:00:00
user-4c710db6-7317-4d70-8dcb-6af9a4068e8d,Jonathan Bright,jonathan.bright.4c710db6@example.com,+15550000879,active,2024-08-01T00:00:00
user-a48b7707-e594-444f-854e-67d65eb9105d,Katherine Martinez,katherine.martinez.a48b7707@example.com,+15550000880,active,2024-08-01T00:00:00
user-2b4b540f-9423-4186-8164-4566e5e908f2,Wanda Osborne,wanda.osborne.2b4b540f@example.com,+15550000881,active,2024-08-01T00:00:00
user-03410ea3-1e8a-40ef-9322-bc532f78f7ff,Mr. Nathan Petersen,mr..nathan.petersen.03410ea3@example.com,+15550000882,active,2024-08-01T00:00:00
user-f11283f0-4183-4d8d-a117-4b2a2c070ec2,Kevin Farmer,kevin.farmer.f11283f0@example.com,+15550000883,active,2024-08-01T00:00:00
user-a3867ed0-9303-4ce2-b40d-a9711a5efef0,Brandy Dennis,brandy.dennis.a3867ed0@example.com,+15550000884,active,2024-08-01T00:00:00
user-1a1397df-b2b4-4791-93d9-87ac9062f545,William Hodge,william.hodge.1a1397df@example.com,+15550000885,active,2024-08-01T00:00:00
user-447fed8a-4bae-41c5-b5cd-cbf6a09c4782,Karen Patterson,karen.patterson.447fed8a@example.com,+15550000886,active,2024-08-01T00:00:00
user-28f88fb0-d9fb-4c32-8470-1738493e863b,Robert Kim,robert.kim.28f88fb0@example.com,+15550000887,active,2024-08-01T00:00:00
user-1c8233dc-8ccb-4d27-84e7-e00d33ff6674,Charles Carpenter,charles.carpenter.1c8233dc@example.com,+15550000888,active,2024-08-01T00:00:00
user-2dcc7662-f1ce-442c-b998-bbe351d5e186,David Gomez,david.gomez.2dcc7662@example.com,+15550000889,active,2024-08-01T00:00:00
user-c912d33f-5dc2-4ec9-a126-34b598046705,Julia Sanders,julia.sanders.c912d33f@example.com,+15550000890,active,2024-08-01T00:00:00
user-bb35efe0-ac42-4801-bc72-7bea481716da,Michael Thomas,michael.thomas.bb35efe0@example.com,+15550000891,active,2024-08-01T00:00:00
user-da9de603-2c96-4356-820d-7c1e9ac4dde7,Kathy Thompson,kathy.thompson.da9de603@example.com,+15550000892,active,2024-08-01T00:00:00
user-5a95b7ee-17bf-44cc-9775-835c337d4cb4,Teresa Williams,teresa.williams.5a95b7ee@example.com,+15550000893,active,2024-08-01T00:00:00
user-a1a72036-c041-4a92-a719-9bbf0e21d53b,Sydney Eaton,sydney.eaton.a1a72036@example.com,+15550000894,active,2024-08-01T00:00:00
user-2949aa7a-85ad-46d1-8409-bf608167f72a,Lawrence Brown,lawrence.brown.2949aa7a@example.com,+15550000895,active,2024-08-01T00:00:00
user-f7d61334-5d22-49f8-a022-903921239047,Michael Harper,michael.harper.f7d61334@example.com,+15550000896,active,2024-08-01T00:00:00
user-7e26cac1-f9ea-443d-a6d7-b0d624d82143,Richard Burns,richard.burns.7e26cac1@example.com,+15550000897,active,2024-08-01T00:00:00
user-4740d6a5-b760-477f-83d9-7d1c3e04f0ba,Tina Grant,tina.grant.4740d6a5@example.com,+15550000898,active,2024-08-01T00:00:00
user-34b17474-7fef-4a04-8009-f83028f66521,Rebecca Warren,rebecca.warren.34b17474@example.com,+15550000899,active,2024-08-01T00:00:00
user-0815e683-4b1e-4ea3-b9e8-9d06bbfaedb5,Steven Robinson,steven.robinson.0815e683@example.com,+15550000900,active,2024-08-01T00:00:00
user-64ad7907-f83e-403b-b5b4-b1deded9bb1d,David Grant,david.grant.64ad7907@example.com,+15550000901,active,2024-08-01T00:00:00
user-6b991ab8-8048-4161-b67d-7f862b2cc13e,Gabriella Choi,gabriella.choi.6b991ab8@example.com,+15550000902,active,2024-08-01T00:00:00
user-69f9f173-1ee1-4ba2-a1be-005dc5f305fd,Brian Mcdonald,brian.mcdonald.69f9f173@example.com,+15550000903,active,2024-08-01T00:00:00
user-b2310c7d-702b-4e62-b938-3b19262bd9e9,Michelle Herring,michelle.herring.b2310c7d@example.com,+15550000904,active,2024-08-01T00:00:00
user-05d8d4ba-5569-4f0e-985d-5f63fbfee659,Joseph Sanchez,joseph.sanchez.05d8d4ba@example.com,+15550000905,active,2024-08-01T00:00:00
user-7c66bbce-e687-4e15-be85-d960c3de159b,Margaret Houston,margaret.houston.7c66bbce@example.com,+15550000906,active,2024-08-01T00:00:00
user-42748981-2a95-4e95-91cf-9844c8aa9c69,Martha Johnson,martha.johnson.42748981@example.com,+15550000907,active,2024-08-01T00:00:00
user-2a082be2-fc91-4d5a-accd-200e91693b07,Natalie Wilson,natalie.wilson.2a082be2@example.com,+15550000908,active,2024-08-01T00:00:00
user-066ca82d-85b8-45e6-b262-bac0bb3c0e21,Traci Patel,traci.patel.066ca82d@example.com,+15550000909,active,2024-08-01T00:00:00
user-e7297926-0c3c-47f0-a303-8e1ddfc0eb77,Richard Stone,richard.stone.e7297926@example.com,+15550000910,active,2024-08-01T00:00:00
user-2f162c0f-4d00-4d10-88ca-6dd2b94f24f5,Lee Hill,lee.hill.2f162c0f@example.com,+15550000911,active,2024-08-01T00:00:00
user-d7af9974-5b4c-4c70-85c5-1f7ff782da88,Thomas Burnett,thomas.burnett.d7af9974@example.com,+15550000912,active,2024-08-01T00:00:00
user-a296a891-b126-44e1-a271-9228cc28b3bc,Gina Green,gina.green.a296a891@example.com,+15550000913,active,2024-08-01T00:00:00
user-7c2a3f62-d757-4322-a213-921d7c370838,Kevin Evans,kevin.evans.7c2a3f62@example.com,+15550000914,active,2024-08-01T00:00:00
user-c0ec2b5c-22e2-4010-a8f9-94431d5860c7,Edwin Marquez,edwin.marquez.c0ec2b5c@example.com,+15550000915,active,2024-08-01T00:00:00
user-8e119f8a-036b-4da9-bbae-98ab4fb61e2f,Jeffrey White,jeffrey.white.8e119f8a@example.com,+15550000916,active,2024-08-01T00:00:00
user-834105ff-e792-4a6f-be6d-fb89b4d75d4a,Brett Santiago,brett.santiago.834105ff@example.com,+15550000917,active,2024-08-01T00:00:00
user-120d57b9-de14-4717-aefe-ab126645435d,Mary Nicholson,mary.nicholson.120d57b9@example.com,+15550000918,active,2024-08-01T00:00:00
user-26ebc43f-cfbf-4fa1-9c7f-9134871f7b65,Thomas Horne,thomas.horne.26ebc43f@example.com,+15550000919,active,2024-08-01T00:00:00
user-2d4e6ed6-f081-4049-b92a-7792dbe97b89,Derek Hunter,derek.hunter.2d4e6ed6@example.com,+15550000920,active,2024-08-01T00:00:00
user-73b79064-9e0d-4b3f-87d0-6ab33593b492,Douglas Burgess,douglas.burgess.73b79064@example.com,+15550000921,active,2024-08-01T00:00:00
user-4dba6ec7-4085-4058-9f0e-5109b846f1c1,Wyatt Hickman,wyatt.hickman.4dba6ec7@example.com,+15550000922,active,2024-08-01T00:00:00
user-abf52e51-d999-45fd-a6b0-6a9cd018fb47,Eddie Brown,eddie.brown.abf52e51@example.com,+15550000923,active,2024-08-01T00:00:00
user-eccb6e23-700f-4b9e-803e-9c681f12dd9e,Jeffrey Lopez,jeffrey.lopez.eccb6e23@example.com,+15550000924,active,2024-08-01T00:00:00
user-3d6f18db-a49c-4563-9445-68d4e02bd664,David Thompson,david.thompson.3d6f18db@example.com,+15550000925,active,2024-08-01T00:00:00
user-df8c3dd7-4bc5-4996-98e5-18e7ec0046e9,Samantha Humphrey,samantha.humphrey.df8c3dd7@example.com,+15550000926,active,2024-08-01T00:00:00
user-e8014144-a99b-4ca2-8418-56404aee2f08,Michael Flores,michael.flores.e8014144@example.com,+15550000927,active,2024-08-01T00:00:00
user-82205f5f-43a1-4172-aab8-523ed6a89f26,Shaun Berry,shaun.berry.82205f5f@example.com,+15550000928,active,2024-08-01T00:00:00
user-51e5a1ad-d8d2-4387-82fe-860a54c87f4b,Brittney Baird,brittney.baird.51e5a1ad@example.com,+15550000929,active,2024-08-01T00:00:00
user-d0c20886-5575-4356-8218-337197faa2fb,Chad Garcia,chad.garcia.d0c20886@example.com,+15550000930,active,2024-08-01T00:00:00
user-8f054a96-7920-42dc-b286-f6980ea8dbeb,Don Valencia,don.valencia.8f054a96@example.com,+15550000931,active,2024-08-01T00:00:00
user-e4d6980c-4b68-4255-97a5-2540f5ef35bc,Kimberly Schneider,kimberly.schneider.e4d6980c@example.com,+15550000932,active,2024-08-01T00:00:00
user-9f72b282-1f70-450b-988f-9b3029fa121e,Christina Hall,christina.hall.9f72b282@example.com,+15550000933,active,2024-08-01T00:00:00
user-4c11a926-7100-4d06-8910-5b0d5f3d7e9a,Jaime Hester,jaime.hester.4c11a926@example.com,+15550000934,active,2024-08-01T00:00:00
user-099dd9b8-0a76-482f-92e1-f754d25d5aee,Krista Young,krista.young.099dd9b8@example.com,+15550000935,active,2024-08-01T00:00:00
