id,customer_id,address_id,address_usage,is_default_address,valid_from,valid_to
50a2d1c4-d788-4498-a6f7-dd75d4db588f:shipping:addr-50a2d1c4-d788-4498-a6f7-dd75d4db588f,50a2d1c4-d788-4498-a6f7-dd75d4db588f,addr-50a2d1c4-d788-4498-a6f7-dd75d4db588f,shipping,true,2024-08-01T00:00:00,
438005c2-dd1d-48aa-8bfd-7fb06851b5f8:shipping:addr-438005c2-dd1d-48aa-8bfd-7fb06851b5f8,438005c2-dd1d-48aa-8bfd-7fb06851b5f8,addr-438005c2-dd1d-48aa-8bfd-7fb06851b5f8,shipping,true,2024-08-01T00:00:00,
5261268c-aa94-438a-921a-05efc0d414ac:shipping:addr-5261268c-aa94-438a-921a-05efc0d414ac,5261268c-aa94-438a-921a-05efc0d414ac,addr-5261268c-aa94-438a-921a-05efc0d414ac,shipping,true,2024-08-01T00:00:00,
f8486fce-bc07-4a4f-a6e9-ed6a06ba996c:shipping:addr-f8486fce-bc07-4a4f-a6e9-ed6a06ba996c,f8486fce-bc07-4a4f-a6e9-ed6a06ba996c,addr-f8486fce-bc07-4a4f-a6e9-ed6a06ba996c,shipping,true,2024-08-01T00:00:00,
341ed9b2-1760-4720-a1b1-42681d273c63:shipping:addr-341ed9b2-1760-4720-a1b1-42681d273c63,341ed9b2-1760-4720-a1b1-42681d273c63,addr-341ed9b2-1760-4720-a1b1-42681d273c63,shipping,true,2024-08-01T00:00:00,
2660b7ac-6c46-4392-8ddc-26194c532341:shipping:addr-2660b7ac-6c46-4392-8ddc-26194c532341,2660b7ac-6c46-4392-8ddc-26194c532341,addr-2660b7ac-6c46-4392-8ddc-26194c532341,shipping,true,2024-08-01T00:00:00,
7e52ce3f-191d-4d27-a0a8-76706fd6173c:shipping:addr-7e52ce3f-191d-4d27-a0a8-76706fd6173c,7e52ce3f-191d-4d27-a0a8-76706fd6173c,addr-7e52ce3f-191d-4d27-a0a8-76706fd6173c,shipping,true,2024-08-01T00:00:00,
0000bd8e-496c-42aa-9430-fea7f9bd6a96:shipping:addr-0000bd8e-496c-42aa-9430-fea7f9bd6a96,0000bd8e-496c-42aa-9430-fea7f9bd6a96,addr-0000bd8e-496c-42aa-9430-fea7f9bd6a96,shipping,true,2024-08-01T00:00:00,
3b47f466-5256-41a1-951c-efee13597676:shipping:addr-3b47f466-5256-41a1-951c-efee13597676,3b47f466-5256-41a1-951c-efee13597676,addr-3b47f466-5256-41a1-951c-efee13597676,shipping,true,2024-08-01T00:00:00,
2480125c-2d37-405c-96b9-ca32b2c75b33:shipping:addr-2480125c-2d37-405c-96b9-ca32b2c75b33,2480125c-2d37-405c-96b9-ca32b2c75b33,addr-2480125c-2d37-405c-96b9-ca32b2c75b33,shipping,true,2024-08-01T00:00:00,
69731d27-9caa-46cf-8933-d01e29b20043:shipping:addr-69731d27-9caa-46cf-8933-d01e29b20043,69731d27-9caa-46cf-8933-d01e29b20043,addr-69731d27-9caa-46cf-8933-d01e29b20043,shipping,true,2024-08-01T00:00:00,
7d0a9ece-1d73-43ea-98e7-8bbe21e890ec:shipping:addr-7d0a9ece-1d73-43ea-98e7-8bbe21e890ec,7d0a9ece-1d73-43ea-98e7-8bbe21e890ec,addr-7d0a9ece-1d73-43ea-98e7-8bbe21e890ec,shipping,true,2024-08-01T00:00:00,
861181e6-5d97-48a8-bbe4-226caa976140:shipping:addr-861181e6-5d97-48a8-bbe4-226caa976140,861181e6-5d97-48a8-bbe4-226caa976140,addr-861181e6-5d97-48a8-bbe4-226caa976140,shipping,true,2024-08-01T00:00:00,
cc1816db-c3dd-4c16-8ea7-18fe313472b9:shipping:addr-cc1816db-c3dd-4c16-8ea7-18fe313472b9,cc1816db-c3dd-4c16-8ea7-18fe313472b9,addr-cc1816db-c3dd-4c16-8ea7-18fe313472b9,shipping,true,2024-08-01T00:00:00,
1bf35f99-4627-4c80-a5f8-0797538eaf54:shipping:addr-1bf35f99-4627-4c80-a5f8-0797538eaf54,1bf35f99-4627-4c80-a5f8-0797538eaf54,addr-1bf35f99-4627-4c80-a5f8-0797538eaf54,shipping,true,2024-08-01T00:00:00,
96f4e93c-c759-4fc7-b4a3-c8a153858bea:shipping:addr-96f4e93c-c759-4fc7-b4a3-c8a153858bea,96f4e93c-c759-4fc7-b4a3-c8a153858bea,addr-96f4e93c-c759-4fc7-b4a3-c8a153858bea,shipping,true,2024-08-01T00:00:00,
6faa20a4-1e8f-43a8-9a45-33ae5f675190:shipping:addr-6faa20a4-1e8f-43a8-9a45-33ae5f675190,6faa20a4-1e8f-43a8-9a45-33ae5f675190,addr-6faa20a4-1e8f-43a8-9a45-33ae5f675190,shipping,true,2024-08-01T00:00:00,
5bbca380-854e-47a4-ae5c-fd631650a115:shipping:addr-5bbca380-854e-47a4-ae5c-fd631650a115,5bbca380-854e-47a4-ae5c-fd631650a115,addr-5bbca380-854e-47a4-ae5c-fd631650a115,shipping,true,2024-08-01T00:00:00,
84ee8f13-e5a2-4988-8f65-daa65801c5d1:shipping:addr-84ee8f13-e5a2-4988-8f65-daa65801c5d1,84ee8f13-e5a2-4988-8f65-daa65801c5d1,addr-84ee8f13-e5a2-4988-8f65-daa65801c5d1,shipping,true,2024-08-01T00:00:00,
e4bced79-6e2c-4b22-a6d5-199ed87ca7ee:shipping:addr-e4bced79-6e2c-4b22-a6d5-199ed87ca7ee,e4bced79-6e2c-4b22-a6d5-199ed87ca7ee,addr-e4bced79-6e2c-4b22-a6d5-199ed87ca7ee,shipping,true,2024-08-01T00:00:00,
3f1fc492-e8ed-4840-97a0-a56592fdc1d9:shipping:addr-3f1fc492-e8ed-4840-97a0-a56592fdc1d9,3f1fc492-e8ed-4840-97a0-a56592fdc1d9,addr-3f1fc492-e8ed-4840-97a0-a56592fdc1d9,shipping,true,2024-08-01T00:00:00,
3483e39a-260f-4974-9366-50c2d833307f:shipping:addr-3483e39a-260f-4974-9366-50c2d833307f,3483e39a-260f-4974-9366-50c2d833307f,addr-3483e39a-260f-4974-9366-50c2d833307f,shipping,true,2024-08-01T00:00:00,
0b4a904c-b6d7-4355-b1ff-3744b3831112:shipping:addr-0b4a904c-b6d7-4355-b1ff-3744b3831112,0b4a904c-b6d7-4355-b1ff-3744b3831112,addr-0b4a904c-b6d7-4355-b1ff-3744b3831112,shipping,true,2024-08-01T00:00:00,
3c7a4cde-d92b-4d90-a731-9c0461ae8c90:shipping:addr-3c7a4cde-d92b-4d90-a731-9c0461ae8c90,3c7a4cde-d92b-4d90-a731-9c0461ae8c90,addr-3c7a4cde-d92b-4d90-a731-9c0461ae8c90,shipping,true,2024-08-01T00:00:00,
9ff834d1-4ca0-4dd5-bb53-ea96ad8611bb:shipping:addr-9ff834d1-4ca0-4dd5-bb53-ea96ad8611bb,9ff834d1-4ca0-4dd5-bb53-ea96ad8611bb,addr-9ff834d1-4ca0-4dd5-bb53-ea96ad8611bb,shipping,true,2024-08-01T00:00:00,
bbe9e834-7071-42d6-8970-aa7301b72ec2:shipping:addr-bbe9e834-7071-42d6-8970-aa7301b72ec2,bbe9e834-7071-42d6-8970-aa7301b72ec2,addr-bbe9e834-7071-42d6-8970-aa7301b72ec2,shipping,true,2024-08-01T00:00:00,
a311b0c8-1b63-4405-8097-09a984512389:shipping:addr-a311b0c8-1b63-4405-8097-09a984512389,a311b0c8-1b63-4405-8097-09a984512389,addr-a311b0c8-1b63-4405-8097-09a984512389,shipping,true,2024-08-01T00:00:00,
24ea0325-a7d6-4388-b86c-7b51e5805b26:shipping:addr-24ea0325-a7d6-4388-b86c-7b51e5805b26,24ea0325-a7d6-4388-b86c-7b51e5805b26,addr-24ea0325-a7d6-4388-b86c-7b51e5805b26,shipping,true,2024-08-01T00:00:00,
d6de888a-0aee-4f77-a7d4-daba8f0da415:shipping:addr-d6de888a-0aee-4f77-a7d4-daba8f0da415,d6de888a-0aee-4f77-a7d4-daba8f0da415,addr-d6de888a-0aee-4f77-a7d4-daba8f0da415,shipping,true,2024-08-01T00:00:00,
3f3af4f6-a87b-4f03-8669-2e1a8e3c6d8b:shipping:addr-3f3af4f6-a87b-4f03-8669-2e1a8e3c6d8b,3f3af4f6-a87b-4f03-8669-2e1a8e3c6d8b,addr-3f3af4f6-a87b-4f03-8669-2e1a8e3c6d8b,shipping,true,2024-08-01T00:00:00,
5ed25035-4723-4154-823d-a8c8b4c02e51:shipping:addr-5ed25035-4723-4154-823d-a8c8b4c02e51,5ed25035-4723-4154-823d-a8c8b4c02e51,addr-5ed25035-4723-4154-823d-a8c8b4c02e51,shipping,true,2024-08-01T00:00:00,
531465bc-638f-4adb-9b47-cf0c1dc55550:shipping:addr-531465bc-638f-4adb-9b47-cf0c1dc55550,531465bc-638f-4adb-9b47-cf0c1dc55550,addr-531465bc-638f-4adb-9b47-cf0c1dc55550,shipping,true,2024-08-01T00:00:00,
d47a83f3-a765-4a20-b40c-e0993cf00e4f:shipping:addr-d47a83f3-a765-4a20-b40c-e0993cf00e4f,d47a83f3-a765-4a20-b40c-e0993cf00e4f,addr-d47a83f3-a765-4a20-b40c-e0993cf00e4f,shipping,true,2024-08-01T00:00:00,
4b8b181e-668e-45d4-a8e3-7180a41cf064:shipping:addr-4b8b181e-668e-45d4-a8e3-7180a41cf064,4b8b181e-668e-45d4-a8e3-7180a41cf064,addr-4b8b181e-668e-45d4-a8e3-7180a41cf064,shipping,true,2024-08-01T00:00:00,
6d91807a-84e4-47c1-8e47-925d52e0dd48:shipping:addr-6d91807a-84e4-47c1-8e47-925d52e0dd48,6d91807a-84e4-47c1-8e47-925d52e0dd48,addr-6d91807a-84e4-47c1-8e47-925d52e0dd48,shipping,true,2024-08-01T00:00:00,
848485f0-198f-4efa-8335-707db71a7434:shipping:addr-848485f0-198f-4efa-8335-707db71a7434,848485f0-198f-4efa-8335-707db71a7434,addr-848485f0-198f-4efa-8335-707db71a7434,shipping,true,2024-08-01T00:00:00,
90b6264d-1278-47c8-a418-6498aac365ba:shipping:addr-90b6264d-1278-47c8-a418-6498aac365ba,90b6264d-1278-47c8-a418-6498aac365ba,addr-90b6264d-1278-47c8-a418-6498aac365ba,shipping,true,2024-08-01T00:00:00,
18b69140-479d-44b6-8369-04a49414f975:shipping:addr-18b69140-479d-44b6-8369-04a49414f975,18b69140-479d-44b6-8369-04a49414f975,addr-18b69140-479d-44b6-8369-04a49414f975,shipping,true,2024-08-01T00:00:00,
4dc2aa9c-8633-4861-b795-5b285cf76a1f:shipping:addr-4dc2aa9c-8633-4861-b795-5b285cf76a1f,4dc2aa9c-8633-4861-b795-5b285cf76a1f,addr-4dc2aa9c-8633-4861-b795-5b285cf76a1f,shipping,true,2024-08-01T00:00:00,
1076f00e-5dd1-41d1-b2a5-0c59e18a5310:shipping:addr-1076f00e-5dd1-41d1-b2a5-0c59e18a5310,1076f00e-5dd1-41d1-b2a5-0c59e18a5310,addr-1076f00e-5dd1-41d1-b2a5-0c59e18a5310,shipping,true,2024-08-01T00:00:00,
9bac4be0-d703-4f1d-a088-1bdb362d3246:shipping:addr-9bac4be0-d703-4f1d-a088-1bdb362d3246,9bac4be0-d703-4f1d-a088-1bdb362d3246,addr-9bac4be0-d703-4f1d-a088-1bdb362d3246,shipping,true,2024-08-01T00:00:00,
0872893c-bf01-4853-b91f-a1cc0263fedf:shipping:addr-0872893c-bf01-4853-b91f-a1cc0263fedf,0872893c-bf01-4853-b91f-a1cc0263fedf,addr-0872893c-bf01-4853-b91f-a1cc0263fedf,shipping,true,2024-08-01T00:00:00,
f5e8b3ff-659d-4bc9-bdc6-6b7fe343bcab:shipping:addr-f5e8b3ff-659d-4bc9-bdc6-6b7fe343bcab,f5e8b3ff-659d-4bc9-bdc6-6b7fe343bcab,addr-f5e8b3ff-659d-4bc9-bdc6-6b7fe343bcab,shipping,true,2024-08-01T00:00:00,
1435b563-f156-4cd8-9f3d-6224260e26a4:shipping:addr-1435b563-f156-4cd8-9f3d-6224260e26a4,1435b563-f156-4cd8-9f3d-6224260e26a4,addr-1435b563-f156-4cd8-9f3d-6224260e26a4,shipping,true,2024-08-01T00:00:00,
fdd86eaf-7a5b-4598-9a08-6f4f207743bb:shipping:addr-fdd86eaf-7a5b-4598-9a08-6f4f207743bb,fdd86eaf-7a5b-4598-9a08-6f4f207743bb,addr-fdd86eaf-7a5b-4598-9a08-6f4f207743bb,shipping,true,2024-08-01T00:00:00,
b4413ac0-2fc9-4c91-b188-71c109d9be8f:shipping:addr-b4413ac0-2fc9-4c91-b188-71c109d9be8f,b4413ac0-2fc9-4c91-b188-71c109d9be8f,addr-b4413ac0-2fc9-4c91-b188-71c109d9be8f,shipping,true,2024-08-01T00:00:00,
2dbed2c3-1c68-4b90-a343-39b51de57b45:shipping:addr-2dbed2c3-1c68-4b90-a343-39b51de57b45,2dbed2c3-1c68-4b90-a343-39b51de57b45,addr-2dbed2c3-1c68-4b90-a343-39b51de57b45,shipping,true,2024-08-01T00:00:00,
b0da7a9b-77d7-407d-8506-51705503fa05:shipping:addr-b0da7a9b-77d7-407d-8506-51705503fa05,b0da7a9b-77d7-407d-8506-51705503fa05,addr-b0da7a9b-77d7-407d-8506-51705503fa05,shipping,true,2024-08-01T00:00:00,
c5dde410-2c70-486e-bb0d-974b2798825b:shipping:addr-c5dde410-2c70-486e-bb0d-974b2798825b,c5dde410-2c70-486e-bb0d-974b2798825b,addr-c5dde410-2c70-486e-bb0d-974b2798825b,shipping,true,2024-08-01T00:00:00,
5d59a09d-7696-4e1b-a171-abe3b79fff2d:shipping:addr-5d59a09d-7696-4e1b-a171-abe3b79fff2d,5d59a09d-7696-4e1b-a171-abe3b79fff2d,addr-5d59a09d-7696-4e1b-a171-abe3b79fff2d,shipping,true,2024-08-01T00:00:00,
ddd9ed38-6351-4568-b08c-8f6c92cb84a8:shipping:addr-ddd9ed38-6351-4568-b08c-8f6c92cb84a8,ddd9ed38-6351-4568-b08c-8f6c92cb84a8,addr-ddd9ed38-6351-4568-b08c-8f6c92cb84a8,shipping,true,2024-08-01T00:00:00,
9368e74c-0581-4d77-9358-94e415a80423:shipping:addr-9368e74c-0581-4d77-9358-94e415a80423,9368e74c-0581-4d77-9358-94e415a80423,addr-9368e74c-0581-4d77-9358-94e415a80423,shipping,true,2024-08-01T00:00:00,
2609004e-90a8-450e-98f3-5ebc16841cd5:shipping:addr-2609004e-90a8-450e-98f3-5ebc16841cd5,2609004e-90a8-450e-98f3-5ebc16841cd5,addr-2609004e-90a8-450e-98f3-5ebc16841cd5,shipping,true,2024-08-01T00:00:00,
3870073a-f764-4a2b-bc64-18e4569bf784:shipping:addr-3870073a-f764-4a2b-bc64-18e4569bf784,3870073a-f764-4a2b-bc64-18e4569bf784,addr-3870073a-f764-4a2b-bc64-18e4569bf784,shipping,true,2024-08-01T00:00:00,
710200a9-2c6c-4f21-b3f1-3ed6aa684fa2:shipping:addr-710200a9-2c6c-4f21-b3f1-3ed6aa684fa2,710200a9-2c6c-4f21-b3f1-3ed6aa684fa2,addr-710200a9-2c6c-4f21-b3f1-3ed6aa684fa2,shipping,true,2024-08-01T00:00:00,
43217606-3354-4bb8-b967-c358331d8375:shipping:addr-43217606-3354-4bb8-b967-c358331d8375,43217606-3354-4bb8-b967-c358331d8375,addr-43217606-3354-4bb8-b967-c358331d8375,shipping,true,2024-08-01T00:00:00,
a7cebb21-0f26-4834-8a09-e3269b21a77b:shipping:addr-a7cebb21-0f26-4834-8a09-e3269b21a77b,a7cebb21-0f26-4834-8a09-e3269b21a77b,addr-a7cebb21-0f26-4834-8a09-e3269b21a77b,shipping,true,2024-08-01T00:00:00,
05fae288-07c2-4e99-a945-fa3fbfa123ed:shipping:addr-05fae288-07c2-4e99-a945-fa3fbfa123ed,05fae288-07c2-4e99-a945-fa3fbfa123ed,addr-05fae288-07c2-4e99-a945-fa3fbfa123ed,shipping,true,2024-08-01T00:00:00,
d9464bcd-0a19-4058-8fc1-bea843e6c339:shipping:addr-d9464bcd-0a19-4058-8fc1-bea843e6c339,d9464bcd-0a19-4058-8fc1-bea843e6c339,addr-d9464bcd-0a19-4058-8fc1-bea843e6c339,shipping,true,2024-08-01T00:00:00,
847d46dd-9721-4351-8bef-5c2292b57d6f:shipping:addr-847d46dd-9721-4351-8bef-5c2292b57d6f,847d46dd-9721-4351-8bef-5c2292b57d6f,addr-847d46dd-9721-4351-8bef-5c2292b57d6f,shipping,true,2024-08-01T00:00:00,
1c4a9464-3e0e-45d2-9ca2-87c36b03f80b:shipping:addr-1c4a9464-3e0e-45d2-9ca2-87c36b03f80b,1c4a9464-3e0e-45d2-9ca2-87c36b03f80b,addr-1c4a9464-3e0e-45d2-9ca2-87c36b03f80b,shipping,true,2024-08-01T00:00:00,
5a589b0f-69ac-4256-aea8-df379845f417:shipping:addr-5a589b0f-69ac-4256-aea8-df379845f417,5a589b0f-69ac-4256-aea8-df379845f417,addr-5a589b0f-69ac-4256-aea8-df379845f417,shipping,true,2024-08-01T00:00:00,
47e4f30d-f965-45df-8474-93d5aeaf7cb2:shipping:addr-47e4f30d-f965-45df-8474-93d5aeaf7cb2,47e4f30d-f965-45df-8474-93d5aeaf7cb2,addr-47e4f30d-f965-45df-8474-93d5aeaf7cb2,shipping,true,2024-08-01T00:00:00,
0688ed48-bbd7-41d6-b5ef-c2cd771f72c2:shipping:addr-0688ed48-bbd7-41d6-b5ef-c2cd771f72c2,0688ed48-bbd7-41d6-b5ef-c2cd771f72c2,addr-0688ed48-bbd7-41d6-b5ef-c2cd771f72c2,shipping,true,2024-08-01T00:00:00,
28447ab4-5e16-465e-acd1-7fcacd2d97e2:shipping:addr-28447ab4-5e16-465e-acd1-7fcacd2d97e2,28447ab4-5e16-465e-acd1-7fcacd2d97e2,addr-28447ab4-5e16-465e-acd1-7fcacd2d97e2,shipping,true,2024-08-01T00:00:00,
d82c6a2f-7e02-40de-81c3-c42ef14d8460:shipping:addr-d82c6a2f-7e02-40de-81c3-c42ef14d8460,d82c6a2f-7e02-40de-81c3-c42ef14d8460,addr-d82c6a2f-7e02-40de-81c3-c42ef14d8460,shipping,true,2024-08-01T00:00:00,
013b644d-5645-44bd-8ca3-d7d254b2ba18:shipping:addr-013b644d-5645-44bd-8ca3-d7d254b2ba18,013b644d-5645-44bd-8ca3-d7d254b2ba18,addr-013b644d-5645-44bd-8ca3-d7d254b2ba18,shipping,true,2024-08-01T00:00:00,
66983396-cb40-4613-8d6d-306b8f9ca5c4:shipping:addr-66983396-cb40-4613-8d6d-306b8f9ca5c4,66983396-cb40-4613-8d6d-306b8f9ca5c4,addr-66983396-cb40-4613-8d6d-306b8f9ca5c4,shipping,true,2024-08-01T00:00:00,
23c5eb35-05e9-4347-8854-ee86ec27393e:shipping:addr-23c5eb35-05e9-4347-8854-ee86ec27393e,23c5eb35-05e9-4347-8854-ee86ec27393e,addr-23c5eb35-05e9-4347-8854-ee86ec27393e,shipping,true,2024-08-01T00:00:00,
a57c96be-0b7a-41c6-bd9a-9330e20c497a:shipping:addr-a57c96be-0b7a-41c6-bd9a-9330e20c497a,a57c96be-0b7a-41c6-bd9a-9330e20c497a,addr-a57c96be-0b7a-41c6-bd9a-9330e20c497a,shipping,true,2024-08-01T00:00:00,
f3feb7f9-9069-4fd7-be91-3800d1307935:shipping:addr-f3feb7f9-9069-4fd7-be91-3800d1307935,f3feb7f9-9069-4fd7-be91-3800d1307935,addr-f3feb7f9-9069-4fd7-be91-3800d1307935,shipping,true,2024-08-01T00:00:00,
967d3e2d-8b15-4f43-a6b5-d1dd3934707d:shipping:addr-967d3e2d-8b15-4f43-a6b5-d1dd3934707d,967d3e2d-8b15-4f43-a6b5-d1dd3934707d,addr-967d3e2d-8b15-4f43-a6b5-d1dd3934707d,shipping,true,2024-08-01T00:00:00,
0d2974c5-d4de-4163-bf27-73d86a77b048:shipping:addr-0d2974c5-d4de-4163-bf27-73d86a77b048,0d2974c5-d4de-4163-bf27-73d86a77b048,addr-0d2974c5-d4de-4163-bf27-73d86a77b048,shipping,true,2024-08-01T00:00:00,
dc634429-12c2-417d-b460-f3ed4903d539:shipping:addr-dc634429-12c2-417d-b460-f3ed4903d539,dc634429-12c2-417d-b460-f3ed4903d539,addr-dc634429-12c2-417d-b460-f3ed4903d539,shipping,true,2024-08-01T00:00:00,
2bdeb3b7-a894-4fcf-8218-e41167bc557e:shipping:addr-2bdeb3b7-a894-4fcf-8218-e41167bc557e,2bdeb3b7-a894-4fcf-8218-e41167bc557e,addr-2bdeb3b7-a894-4fcf-8218-e41167bc557e,shipping,true,2024-08-01T00:00:00,
84f816bd-12e2-4633-a419-fc80705977e6:shipping:addr-84f816bd-12e2-4633-a419-fc80705977e6,84f816bd-12e2-4633-a419-fc80705977e6,addr-84f816bd-12e2-4633-a419-fc80705977e6,shipping,true,2024-08-01T00:00:00,
0bb6fcf3-0741-4179-af46-d26c45b77171:shipping:addr-0bb6fcf3-0741-4179-af46-d26c45b77171,0bb6fcf3-0741-4179-af46-d26c45b77171,addr-0bb6fcf3-0741-4179-af46-d26c45b77171,shipping,true,2024-08-01T00:00:00,
827eed18-8ab1-4e5d-ab00-5d8ac9bb168b:shipping:addr-827eed18-8ab1-4e5d-ab00-5d8ac9bb168b,827eed18-8ab1-4e5d-ab00-5d8ac9bb168b,addr-827eed18-8ab1-4e5d-ab00-5d8ac9bb168b,shipping,true,2024-08-01T00:00:00,
9db0e79f-fdea-4290-ba7b-114141f33d1f:shipping:addr-9db0e79f-fdea-4290-ba7b-114141f33d1f,9db0e79f-fdea-4290-ba7b-114141f33d1f,addr-9db0e79f-fdea-4290-ba7b-114141f33d1f,shipping,true,2024-08-01T00:00:00,
2a2c365a-ac9d-4106-a494-678e09ae412c:shipping:addr-2a2c365a-ac9d-4106-a494-678e09ae412c,2a2c365a-ac9d-4106-a494-678e09ae412c,addr-2a2c365a-ac9d-4106-a494-678e09ae412c,shipping,true,2024-08-01T00:00:00,
a970776b-59ce-47ec-9e77-946229a8be45:shipping:addr-a970776b-59ce-47ec-9e77-946229a8be45,a970776b-59ce-47ec-9e77-946229a8be45,addr-a970776b-59ce-47ec-9e77-946229a8be45,shipping,true,2024-08-01T00:00:00,
fd788ea1-7f9f-477b-b5fa-9a64962eb7f0:shipping:addr-fd788ea1-7f9f-477b-b5fa-9a64962eb7f0,fd788ea1-7f9f-477b-b5fa-9a64962eb7f0,addr-fd788ea1-7f9f-477b-b5fa-9a64962eb7f0,shipping,true,2024-08-01T00:00:00,
132425e2-d22d-43aa-a372-e3d9bfd77f8c:shipping:addr-132425e2-d22d-43aa-a372-e3d9bfd77f8c,132425e2-d22d-43aa-a372-e3d9bfd77f8c,addr-132425e2-d22d-43aa-a372-e3d9bfd77f8c,shipping,true,2024-08-01T00:00:00,
cee4269a-3771-43d9-adc4-762ba3bc1782:shipping:addr-cee4269a-3771-43d9-adc4-762ba3bc1782,cee4269a-3771-43d9-adc4-762ba3bc1782,addr-cee4269a-3771-43d9-adc4-762ba3bc1782,shipping,true,2024-08-01T00:00:00,
58491188-36e5-4fb3-ab3b-514e78a270a6:shipping:addr-58491188-36e5-4fb3-ab3b-514e78a270a6,58491188-36e5-4fb3-ab3b-514e78a270a6,addr-58491188-36e5-4fb3-ab3b-514e78a270a6,shipping,true,2024-08-01T00:00:00,
5fccc95a-c30f-4525-a4a6-43861baae99a:shipping:addr-5fccc95a-c30f-4525-a4a6-43861baae99a,5fccc95a-c30f-4525-a4a6-43861baae99a,addr-5fccc95a-c30f-4525-a4a6-43861baae99a,shipping,true,2024-08-01T00:00:00,
b27a07f1-ddf4-4134-9f7d-1b1ac869b110:shipping:addr-b27a07f1-ddf4-4134-9f7d-1b1ac869b110,b27a07f1-ddf4-4134-9f7d-1b1ac869b110,addr-b27a07f1-ddf4-4134-9f7d-1b1ac869b110,shipping,true,2024-08-01T00:00:00,
16e8d4f8-2451-446f-a254-3bc68e40621b:shipping:addr-16e8d4f8-2451-446f-a254-3bc68e40621b,16e8d4f8-2451-446f-a254-3bc68e40621b,addr-16e8d4f8-2451-446f-a254-3bc68e40621b,shipping,true,2024-08-01T00:00:00,
2a0095cd-099e-45f3-a8ed-241dbe5cde18:shipping:addr-2a0095cd-099e-45f3-a8ed-241dbe5cde18,2a0095cd-099e-45f3-a8ed-241dbe5cde18,addr-2a0095cd-099e-45f3-a8ed-241dbe5cde18,shipping,true,2024-08-01T00:00:00,
bbfdba43-2871-4e95-84d9-e2ff45960e7d:shipping:addr-bbfdba43-2871-4e95-84d9-e2ff45960e7d,bbfdba43-2871-4e95-84d9-e2ff45960e7d,addr-bbfdba43-2871-4e95-84d9-e2ff45960e7d,shipping,true,2024-08-01T00:00:00,
2030e11b-f809-402e-8a1e-00aa3cb751da:shipping:addr-2030e11b-f809-402e-8a1e-00aa3cb751da,2030e11b-f809-402e-8a1e-00aa3cb751da,addr-2030e11b-f809-402e-8a1e-00aa3cb751da,shipping,true,2024-08-01T00:00:00,
c90ea8ef-05ef-4528-bb65-06a8180093d8:shipping:addr-c90ea8ef-05ef-4528-bb65-06a8180093d8,c90ea8ef-05ef-4528-bb65-06a8180093d8,addr-c90ea8ef-05ef-4528-bb65-06a8180093d8,shipping,true,2024-08-01T00:00:00,
9d37a85b-84b4-486d-b852-fd896a50fbf6:shipping:addr-9d37a85b-84b4-486d-b852-fd896a50fbf6,9d37a85b-84b4-486d-b852-fd896a50fbf6,addr-9d37a85b-84b4-486d-b852-fd896a50fbf6,shipping,true,2024-08-01T00:00:00,
92bac428-565b-4fba-a911-e9f3dc3c5ad8:shipping:addr-92bac428-565b-4fba-a911-e9f3dc3c5ad8,92bac428-565b-4fba-a911-e9f3dc3c5ad8,addr-92bac428-565b-4fba-a911-e9f3dc3c5ad8,shipping,true,2024-08-01T00:00:00,
9aaa8391-995f-4006-8413-c590098fc46a:shipping:addr-9aaa8391-995f-4006-8413-c590098fc46a,9aaa8391-995f-4006-8413-c590098fc46a,addr-9aaa8391-995f-4006-8413-c590098fc46a,shipping,true,2024-08-01T00:00:00,
bacd6bed-844e-4650-8181-7f73dd1352e2:shipping:addr-bacd6bed-844e-4650-8181-7f73dd1352e2,bacd6bed-844e-4650-8181-7f73dd1352e2,addr-bacd6bed-844e-4650-8181-7f73dd1352e2,shipping,true,2024-08-01T00:00:00,
9eac28b8-2264-4e48-9c2c-b3f7384bc20a:shipping:addr-9eac28b8-2264-4e48-9c2c-b3f7384bc20a,9eac28b8-2264-4e48-9c2c-b3f7384bc20a,addr-9eac28b8-2264-4e48-9c2c-b3f7384bc20a,shipping,true,2024-08-01T00:00:00,
83967256-31c2-4fcb-a61d-2378ac6f1ad6:shipping:addr-83967256-31c2-4fcb-a61d-2378ac6f1ad6,83967256-31c2-4fcb-a61d-2378ac6f1ad6,addr-83967256-31c2-4fcb-a61d-2378ac6f1ad6,shipping,true,2024-08-01T00:00:00,
3d2423f0-cecf-4060-b105-96b04f2ea442:shipping:addr-3d2423f0-cecf-4060-b105-96b04f2ea442,3d2423f0-cecf-4060-b105-96b04f2ea442,addr-3d2423f0-cecf-4060-b105-96b04f2ea442,shipping,true,2024-08-01T00:00:00,
ce73a9b8-27f8-4c9f-941c-4b99a646fb32:shipping:addr-ce73a9b8-27f8-4c9f-941c-4b99a646fb32,ce73a9b8-27f8-4c9f-941c-4b99a646fb32,addr-ce73a9b8-27f8-4c9f-941c-4b99a646fb32,shipping,true,2024-08-01T00:00:00,
76acc7d2-0fca-4530-89dd-39889b4f3bb3:shipping:addr-76acc7d2-0fca-4530-89dd-39889b4f3bb3,76acc7d2-0fca-4530-89dd-39889b4f3bb3,addr-76acc7d2-0fca-4530-89dd-39889b4f3bb3,shipping,true,2024-08-01T00:00:00,
40cff0ad-5c91-46bc-b72b-737347aafb25:shipping:addr-40cff0ad-5c91-46bc-b72b-737347aafb25,40cff0ad-5c91-46bc-b72b-737347aafb25,addr-40cff0ad-5c91-46bc-b72b-737347aafb25,shipping,true,2024-08-01T00:00:00,
4d6ee3e3-9ec6-4c2e-9552-a75af6d19f14:shipping:addr-4d6ee3e3-9ec6-4c2e-9552-a75af6d19f14,4d6ee3e3-9ec6-4c2e-9552-a75af6d19f14,addr-4d6ee3e3-9ec6-4c2e-9552-a75af6d19f14,shipping,true,2024-08-01T00:00:00,
94e0e084-e14c-4061-80da-7e6030bf14d5:shipping:addr-94e0e084-e14c-4061-80da-7e6030bf14d5,94e0e084-e14c-4061-80da-7e6030bf14d5,addr-94e0e084-e14c-4061-80da-7e6030bf14d5,shipping,true,2024-08-01T00:00:00,
5d5ea9b6-fefd-4e25-850a-9c2d365e7e27:shipping:addr-5d5ea9b6-fefd-4e25-850a-9c2d365e7e27,5d5ea9b6-fefd-4e25-850a-9c2d365e7e27,addr-5d5ea9b6-fefd-4e25-850a-9c2d365e7e27,shipping,true,2024-08-01T00:00:00,
c6fb82d9-b6e6-445a-a3d3-0158405a9d16:shipping:addr-c6fb82d9-b6e6-445a-a3d3-0158405a9d16,c6fb82d9-b6e6-445a-a3d3-0158405a9d16,addr-c6fb82d9-b6e6-445a-a3d3-0158405a9d16,shipping,true,2024-08-01T00:00:00,
e6ef189a-76de-4ef5-ace2-676d69273e22:shipping:addr-e6ef189a-76de-4ef5-ace2-676d69273e22,e6ef189a-76de-4ef5-ace2-676d69273e22,addr-e6ef189a-76de-4ef5-ace2-676d69273e22,shipping,true,2024-08-01T00:00:00,
352810e9-e0fe-4062-a808-83f47ad5f4d4:shipping:addr-352810e9-e0fe-4062-a808-83f47ad5f4d4,352810e9-e0fe-4062-a808-83f47ad5f4d4,addr-352810e9-e0fe-4062-a808-83f47ad5f4d4,shipping,true,2024-08-01T00:00:00,
d31efffd-fdc4-4168-ac26-83b67a6c5c47:shipping:addr-d31efffd-fdc4-4168-ac26-83b67a6c5c47,d31efffd-fdc4-4168-ac26-83b67a6c5c47,addr-d31efffd-fdc4-4168-ac26-83b67a6c5c47,shipping,true,2024-08-01T00:00:00,
fe2e9f59-c77b-4756-ad2e-fe864a560344:shipping:addr-fe2e9f59-c77b-4756-ad2e-fe864a560344,fe2e9f59-c77b-4756-ad2e-fe864a560344,addr-fe2e9f59-c77b-4756-ad2e-fe864a560344,shipping,true,2024-08-01T00:00:00,
c9276a13-5b0f-4ce9-8802-3e0ead192508:shipping:addr-c9276a13-5b0f-4ce9-8802-3e0ead192508,c9276a13-5b0f-4ce9-8802-3e0ead192508,addr-c9276a13-5b0f-4ce9-8802-3e0ead192508,shipping,true,2024-08-01T00:00:00,
102e02b0-7f44-4058-881f-7896edc964b2:shipping:addr-102e02b0-7f44-4058-881f-7896edc964b2,102e02b0-7f44-4058-881f-7896edc964b2,addr-102e02b0-7f44-4058-881f-7896edc964b2,shipping,true,2024-08-01T00:00:00,
34a9dd73-95d0-45d9-a3fb-636e4e080a6c:shipping:addr-34a9dd73-95d0-45d9-a3fb-636e4e080a6c,34a9dd73-95d0-45d9-a3fb-636e4e080a6c,addr-34a9dd73-95d0-45d9-a3fb-636e4e080a6c,shipping,true,2024-08-01T00:00:00,
cbda2de6-06db-4a9f-91af-cc36e8ba0bad:shipping:addr-cbda2de6-06db-4a9f-91af-cc36e8ba0bad,cbda2de6-06db-4a9f-91af-cc36e8ba0bad,addr-cbda2de6-06db-4a9f-91af-cc36e8ba0bad,shipping,true,2024-08-01T00:00:00,
5b2179c5-dd1c-45b4-b99c-10f1c7c201f4:shipping:addr-5b2179c5-dd1c-45b4-b99c-10f1c7c201f4,5b2179c5-dd1c-45b4-b99c-10f1c7c201f4,addr-5b2179c5-dd1c-45b4-b99c-10f1c7c201f4,shipping,true,2024-08-01T00:00:00,
0206c59d-8464-4845-9680-9463df25efd9:shipping:addr-0206c59d-8464-4845-9680-9463df25efd9,0206c59d-8464-4845-9680-9463df25efd9,addr-0206c59d-8464-4845-9680-9463df25efd9,shipping,true,2024-08-01T00:00:00,
a792d50a-1570-450f-901a-c26bc3b4a9dd:shipping:addr-a792d50a-1570-450f-901a-c26bc3b4a9dd,a792d50a-1570-450f-901a-c26bc3b4a9dd,addr-a792d50a-1570-450f-901a-c26bc3b4a9dd,shipping,true,2024-08-01T00:00:00,
117c9a65-4a4c-494f-8a54-64305d57c551:shipping:addr-117c9a65-4a4c-494f-8a54-64305d57c551,117c9a65-4a4c-494f-8a54-64305d57c551,addr-117c9a65-4a4c-494f-8a54-64305d57c551,shipping,true,2024-08-01T00:00:00,
189edb91-3f25-4f32-bfb4-64bd4052cb1c:shipping:addr-189edb91-3f25-4f32-bfb4-64bd4052cb1c,189edb91-3f25-4f32-bfb4-64bd4052cb1c,addr-189edb91-3f25-4f32-bfb4-64bd4052cb1c,shipping,true,2024-08-01T00:00:00,
2aee3fe5-2eb0-4391-bb79-d4d4ffdd9931:shipping:addr-2aee3fe5-2eb0-4391-bb79-d4d4ffdd9931,2aee3fe5-2eb0-4391-bb79-d4d4ffdd9931,addr-2aee3fe5-2eb0-4391-bb79-d4d4ffdd9931,shipping,true,2024-08-01T00:00:00,
3d0d96e7-a6da-4e11-a509-76b813d466f5:shipping:addr-3d0d96e7-a6da-4e11-a509-76b813d466f5,3d0d96e7-a6da-4e11-a509-76b813d466f5,addr-3d0d96e7-a6da-4e11-a509-76b813d466f5,shipping,true,2024-08-01T00:00:00,
878f6e41-bcd7-4f18-aa89-90133272eafa:shipping:addr-878f6e41-bcd7-4f18-aa89-90133272eafa,878f6e41-bcd7-4f18-aa89-90133272eafa,addr-878f6e41-bcd7-4f18-aa89-90133272eafa,shipping,true,2024-08-01T00:00:00,
f044be50-29c1-40c4-a16c-a1dd1f95d6f3:shipping:addr-f044be50-29c1-40c4-a16c-a1dd1f95d6f3,f044be50-29c1-40c4-a16c-a1dd1f95d6f3,addr-f044be50-29c1-40c4-a16c-a1dd1f95d6f3,shipping,true,2024-08-01T00:00:00,
961b1333-d41e-443a-9880-0b1c8c59e141:shipping:addr-961b1333-d41e-443a-9880-0b1c8c59e141,961b1333-d41e-443a-9880-0b1c8c59e141,addr-961b1333-d41e-443a-9880-0b1c8c59e141,shipping,true,2024-08-01T00:00:00,
41db9c8c-af73-46c6-b7aa-64cee86dbe41:shipping:addr-41db9c8c-af73-46c6-b7aa-64cee86dbe41,41db9c8c-af73-46c6-b7aa-64cee86dbe41,addr-41db9c8c-af73-46c6-b7aa-64cee86dbe41,shipping,true,2024-08-01T00:00:00,
72874237-a564-45ff-95cf-5fb3ab18e7c8:shipping:addr-72874237-a564-45ff-95cf-5fb3ab18e7c8,72874237-a564-45ff-95cf-5fb3ab18e7c8,addr-72874237-a564-45ff-95cf-5fb3ab18e7c8,shipping,true,2024-08-01T00:00:00,
612533b6-7eaf-45a2-b9d4-06192ce5620e:shipping:addr-612533b6-7eaf-45a2-b9d4-06192ce5620e,612533b6-7eaf-45a2-b9d4-06192ce5620e,addr-612533b6-7eaf-45a2-b9d4-06192ce5620e,shipping,true,2024-08-01T00:00:00,
4b761c33-8a8a-4dbe-a0d0-fa3261b391ee:shipping:addr-4b761c33-8a8a-4dbe-a0d0-fa3261b391ee,4b761c33-8a8a-4dbe-a0d0-fa3261b391ee,addr-4b761c33-8a8a-4dbe-a0d0-fa3261b391ee,shipping,true,2024-08-01T00:00:00,
b1554012-ee9c-477f-a055-e067482499a6:shipping:addr-b1554012-ee9c-477f-a055-e067482499a6,b1554012-ee9c-477f-a055-e067482499a6,addr-b1554012-ee9c-477f-a055-e067482499a6,shipping,true,2024-08-01T00:00:00,
9094466a-3714-44da-802d-85c2317b80e5:shipping:addr-9094466a-3714-44da-802d-85c2317b80e5,9094466a-3714-44da-802d-85c2317b80e5,addr-9094466a-3714-44da-802d-85c2317b80e5,shipping,true,2024-08-01T00:00:00,
d1a4b7a2-e152-4377-ad2c-08cb61ad6688:shipping:addr-d1a4b7a2-e152-4377-ad2c-08cb61ad6688,d1a4b7a2-e152-4377-ad2c-08cb61ad6688,addr-d1a4b7a2-e152-4377-ad2c-08cb61ad6688,shipping,true,2024-08-01T00:00:00,
f84190e8-5c4a-4bec-be4d-2e554dd46614:shipping:addr-f84190e8-5c4a-4bec-be4d-2e554dd46614,f84190e8-5c4a-4bec-be4d-2e554dd46614,addr-f84190e8-5c4a-4bec-be4d-2e554dd46614,shipping,true,2024-08-01T00:00:00,
8e104807-9dc2-4625-a1b7-9d858ddd96de:shipping:addr-8e104807-9dc2-4625-a1b7-9d858ddd96de,8e104807-9dc2-4625-a1b7-9d858ddd96de,addr-8e104807-9dc2-4625-a1b7-9d858ddd96de,shipping,true,2024-08-01T00:00:00,
99b2e147-d4f4-4a75-8f55-17304a277ed2:shipping:addr-99b2e147-d4f4-4a75-8f55-17304a277ed2,99b2e147-d4f4-4a75-8f55-17304a277ed2,addr-99b2e147-d4f4-4a75-8f55-17304a277ed2,shipping,true,2024-08-01T00:00:00,
34ec60c6-4248-4ad1-8dd9-759b309578a4:shipping:addr-34ec60c6-4248-4ad1-8dd9-759b309578a4,34ec60c6-4248-4ad1-8dd9-759b309578a4,addr-34ec60c6-4248-4ad1-8dd9-759b309578a4,shipping,true,2024-08-01T00:00:00,
f6722fed-e7e1-443f-84e8-a753dc7dcd63:shipping:addr-f6722fed-e7e1-443f-84e8-a753dc7dcd63,f6722fed-e7e1-443f-84e8-a753dc7dcd63,addr-f6722fed-e7e1-443f-84e8-a753dc7dcd63,shipping,true,2024-08-01T00:00:00,
faae2750-9c1c-4c70-96ed-e845374e4e5e:shipping:addr-faae2750-9c1c-4c70-96ed-e845374e4e5e,faae2750-9c1c-4c70-96ed-e845374e4e5e,addr-faae2750-9c1c-4c70-96ed-e845374e4e5e,shipping,true,2024-08-01T00:00:00,
aece6b12-b296-4a1b-991c-ab89ac207fed:shipping:addr-aece6b12-b296-4a1b-991c-ab89ac207fed,aece6b12-b296-4a1b-991c-ab89ac207fed,addr-aece6b12-b296-4a1b-991c-ab89ac207fed,shipping,true,2024-08-01T00:00:00,
2ffdab76-6ec7-4dce-bd58-e9b2f6da991c:shipping:addr-2ffdab76-6ec7-4dce-bd58-e9b2f6da991c,2ffdab76-6ec7-4dce-bd58-e9b2f6da991c,addr-2ffdab76-6ec7-4dce-bd58-e9b2f6da991c,shipping,true,2024-08-01T00:00:00,
797a1a0b-31a6-4422-af8a-98fd4e5e1114:shipping:addr-797a1a0b-31a6-4422-af8a-98fd4e5e1114,797a1a0b-31a6-4422-af8a-98fd4e5e1114,addr-797a1a0b-31a6-4422-af8a-98fd4e5e1114,shipping,true,2024-08-01T00:00:00,
b2263d08-d05d-4240-a470-6fe31527b9d2:shipping:addr-b2263d08-d05d-4240-a470-6fe31527b9d2,b2263d08-d05d-4240-a470-6fe31527b9d2,addr-b2263d08-d05d-4240-a470-6fe31527b9d2,shipping,true,2024-08-01T00:00:00,
bbc4757e-2351-486e-9ca8-f73b9dac716f:shipping:addr-bbc4757e-2351-486e-9ca8-f73b9dac716f,bbc4757e-2351-486e-9ca8-f73b9dac716f,addr-bbc4757e-2351-486e-9ca8-f73b9dac716f,shipping,true,2024-08-01T00:00:00,
07ef23e6-1d65-4721-a3ce-889f1c58f021:shipping:addr-07ef23e6-1d65-4721-a3ce-889f1c58f021,07ef23e6-1d65-4721-a3ce-889f1c58f021,addr-07ef23e6-1d65-4721-a3ce-889f1c58f021,shipping,true,2024-08-01T00:00:00,
534f7dee-6c8b-474d-b7be-41fa1dbbe93a:shipping:addr-534f7dee-6c8b-474d-b7be-41fa1dbbe93a,534f7dee-6c8b-474d-b7be-41fa1dbbe93a,addr-534f7dee-6c8b-474d-b7be-41fa1dbbe93a,shipping,true,2024-08-01T00:00:00,
2ba287a4-72ee-4028-bc13-39a65e78db4d:shipping:addr-2ba287a4-72ee-4028-bc13-39a65e78db4d,2ba287a4-72ee-4028-bc13-39a65e78db4d,addr-2ba287a4-72ee-4028-bc13-39a65e78db4d,shipping,true,2024-08-01T00:00:00,
49a962c3-f4f1-4c85-accc-a1e3a243a202:shipping:addr-49a962c3-f4f1-4c85-accc-a1e3a243a202,49a962c3-f4f1-4c85-accc-a1e3a243a202,addr-49a962c3-f4f1-4c85-accc-a1e3a243a202,shipping,true,2024-08-01T00:00:00,
b0382b3d-f5c4-4ecd-9e82-9ec911feb36a:shipping:addr-b0382b3d-f5c4-4ecd-9e82-9ec911feb36a,b0382b3d-f5c4-4ecd-9e82-9ec911feb36a,addr-b0382b3d-f5c4-4ecd-9e82-9ec911feb36a,shipping,true,2024-08-01T00:00:00,
7745384f-ccaa-4363-a18b-5e9ff0a824c0:shipping:addr-7745384f-ccaa-4363-a18b-5e9ff0a824c0,7745384f-ccaa-4363-a18b-5e9ff0a824c0,addr-7745384f-ccaa-4363-a18b-5e9ff0a824c0,shipping,true,2024-08-01T00:00:00,
4671e25f-30dd-4e69-bd9f-8b7f48135732:shipping:addr-4671e25f-30dd-4e69-bd9f-8b7f48135732,4671e25f-30dd-4e69-bd9f-8b7f48135732,addr-4671e25f-30dd-4e69-bd9f-8b7f48135732,shipping,true,2024-08-01T00:00:00,
723f776c-3ad0-4fa2-8177-a80f2cab59d9:shipping:addr-723f776c-3ad0-4fa2-8177-a80f2cab59d9,723f776c-3ad0-4fa2-8177-a80f2cab59d9,addr-723f776c-3ad0-4fa2-8177-a80f2cab59d9,shipping,true,2024-08-01T00:00:00,
3cc240f8-bb78-4677-a387-18bb7667c3ea:shipping:addr-3cc240f8-bb78-4677-a387-18bb7667c3ea,3cc240f8-bb78-4677-a387-18bb7667c3ea,addr-3cc240f8-bb78-4677-a387-18bb7667c3ea,shipping,true,2024-08-01T00:00:00,
7bfeca78-8e06-4644-9d0b-1470c32aa9e7:shipping:addr-7bfeca78-8e06-4644-9d0b-1470c32aa9e7,7bfeca78-8e06-4644-9d0b-1470c32aa9e7,addr-7bfeca78-8e06-4644-9d0b-1470c32aa9e7,shipping,true,2024-08-01T00:00:00,
7d624fe1-d3a6-4326-a6e6-32ebc0c46ea9:shipping:addr-7d624fe1-d3a6-4326-a6e6-32ebc0c46ea9,7d624fe1-d3a6-4326-a6e6-32ebc0c46ea9,addr-7d624fe1-d3a6-4326-a6e6-32ebc0c46ea9,shipping,true,2024-08-01T00:00:00,
15b9a6ba-816d-4956-936f-2894eff8b72d:shipping:addr-15b9a6ba-816d-4956-936f-2894eff8b72d,15b9a6ba-816d-4956-936f-2894eff8b72d,addr-15b9a6ba-816d-4956-936f-2894eff8b72d,shipping,true,2024-08-01T00:00:00,
f285aab8-56d5-40ad-92f1-61b0a4498890:shipping:addr-f285aab8-56d5-40ad-92f1-61b0a4498890,f285aab8-56d5-40ad-92f1-61b0a4498890,addr-f285aab8-56d5-40ad-92f1-61b0a4498890,shipping,true,2024-08-01T00:00:00,
176aa5a0-a79f-4429-84fb-73d501c7e219:shipping:addr-176aa5a0-a79f-4429-84fb-73d501c7e219,176aa5a0-a79f-4429-84fb-73d501c7e219,addr-176aa5a0-a79f-4429-84fb-73d501c7e219,shipping,true,2024-08-01T00:00:00,
b2664ec9-be42-46bd-9f6d-073a50105636:shipping:addr-b2664ec9-be42-46bd-9f6d-073a50105636,b2664ec9-be42-46bd-9f6d-073a50105636,addr-b2664ec9-be42-46bd-9f6d-073a50105636,shipping,true,2024-08-01T00:00:00,
74b13d9f-159f-4adb-8b2c-a623d67b529e:shipping:addr-74b13d9f-159f-4adb-8b2c-a623d67b529e,74b13d9f-159f-4adb-8b2c-a623d67b529e,addr-74b13d9f-159f-4adb-8b2c-a623d67b529e,shipping,true,2024-08-01T00:00:00,
71c65b56-3757-459a-ac5b-b50c76fb6a5e:shipping:addr-71c65b56-3757-459a-ac5b-b50c76fb6a5e,71c65b56-3757-459a-ac5b-b50c76fb6a5e,addr-71c65b56-3757-459a-ac5b-b50c76fb6a5e,shipping,true,2024-08-01T00:00:00,
148d63de-77f4-461d-b3ca-5369e9a98e7b:shipping:addr-148d63de-77f4-461d-b3ca-5369e9a98e7b,148d63de-77f4-461d-b3ca-5369e9a98e7b,addr-148d63de-77f4-461d-b3ca-5369e9a98e7b,shipping,true,2024-08-01T00:00:00,
5f31277a-2dcf-4273-81e3-312413596a23:shipping:addr-5f31277a-2dcf-4273-81e3-312413596a23,5f31277a-2dcf-4273-81e3-312413596a23,addr-5f31277a-2dcf-4273-81e3-312413596a23,shipping,true,2024-08-01T00:00:00,
96f16837-3562-4765-b8dc-ddd863a970f2:shipping:addr-96f16837-3562-4765-b8dc-ddd863a970f2,96f16837-3562-4765-b8dc-ddd863a970f2,addr-96f16837-3562-4765-b8dc-ddd863a970f2,shipping,true,2024-08-01T00:00:00,
359ce707-dfea-41f8-be3e-8689b460486f:shipping:addr-359ce707-dfea-41f8-be3e-8689b460486f,359ce707-dfea-41f8-be3e-8689b460486f,addr-359ce707-dfea-41f8-be3e-8689b460486f,shipping,true,2024-08-01T00:00:00,
be6fcaa5-9911-4bb6-b97c-47eb53c88b32:shipping:addr-be6fcaa5-9911-4bb6-b97c-47eb53c88b32,be6fcaa5-9911-4bb6-b97c-47eb53c88b32,addr-be6fcaa5-9911-4bb6-b97c-47eb53c88b32,shipping,true,2024-08-01T00:00:00,
3d097c4e-dd09-4cfa-8460-39fd4fb8a1cc:shipping:addr-3d097c4e-dd09-4cfa-8460-39fd4fb8a1cc,3d097c4e-dd09-4cfa-8460-39fd4fb8a1cc,addr-3d097c4e-dd09-4cfa-8460-39fd4fb8a1cc,shipping,true,2024-08-01T00:00:00,
1069ad16-5cc8-4f60-83a5-08e7e0beeb5c:shipping:addr-1069ad16-5cc8-4f60-83a5-08e7e0beeb5c,1069ad16-5cc8-4f60-83a5-08e7e0beeb5c,addr-1069ad16-5cc8-4f60-83a5-08e7e0beeb5c,shipping,true,2024-08-01T00:00:00,
4acffd44-9d77-4c09-afdb-e7f93ee5518b:shipping:addr-4acffd44-9d77-4c09-afdb-e7f93ee5518b,4acffd44-9d77-4c09-afdb-e7f93ee5518b,addr-4acffd44-9d77-4c09-afdb-e7f93ee5518b,shipping,true,2024-08-01T00:00:00,
e77008c8-b7e1-4bb6-93d8-8383d6385531:shipping:addr-e77008c8-b7e1-4bb6-93d8-8383d6385531,e77008c8-b7e1-4bb6-93d8-8383d6385531,addr-e77008c8-b7e1-4bb6-93d8-8383d6385531,shipping,true,2024-08-01T00:00:00,
191feb1d-2def-4cbf-a8f8-ee3eb3856ea2:shipping:addr-191feb1d-2def-4cbf-a8f8-ee3eb3856ea2,191feb1d-2def-4cbf-a8f8-ee3eb3856ea2,addr-191feb1d-2def-4cbf-a8f8-ee3eb3856ea2,shipping,true,2024-08-01T00:00:00,
cfefbf12-9a5a-4d61-a708-d92f785af097:shipping:addr-cfefbf12-9a5a-4d61-a708-d92f785af097,cfefbf12-9a5a-4d61-a708-d92f785af097,addr-cfefbf12-9a5a-4d61-a708-d92f785af097,shipping,true,2024-08-01T00:00:00,
1095b08b-dad8-473d-9ec9-bafeb20e71c9:shipping:addr-1095b08b-dad8-473d-9ec9-bafeb20e71c9,1095b08b-dad8-473d-9ec9-bafeb20e71c9,addr-1095b08b-dad8-473d-9ec9-bafeb20e71c9,shipping,true,2024-08-01T00:00:00,
b0cab1cc-6689-4922-a78f-5c6e1c458cd1:shipping:addr-b0cab1cc-6689-4922-a78f-5c6e1c458cd1,b0cab1cc-6689-4922-a78f-5c6e1c458cd1,addr-b0cab1cc-6689-4922-a78f-5c6e1c458cd1,shipping,true,2024-08-01T00:00:00,
ff4e2ef5-4f72-41f4-90ea-4f40665b9f5b:shipping:addr-ff4e2ef5-4f72-41f4-90ea-4f40665b9f5b,ff4e2ef5-4f72-41f4-90ea-4f40665b9f5b,addr-ff4e2ef5-4f72-41f4-90ea-4f40665b9f5b,shipping,true,2024-08-01T00:00:00,
e2141773-bfb8-4698-a4da-2be4540c14a5:shipping:addr-e2141773-bfb8-4698-a4da-2be4540c14a5,e2141773-bfb8-4698-a4da-2be4540c14a5,addr-e2141773-bfb8-4698-a4da-2be4540c14a5,shipping,true,2024-08-01T00:00:00,
e9647282-4e31-40a7-a07e-5d10cd7e447a:shipping:addr-e9647282-4e31-40a7-a07e-5d10cd7e447a,e9647282-4e31-40a7-a07e-5d10cd7e447a,addr-e9647282-4e31-40a7-a07e-5d10cd7e447a,shipping,true,2024-08-01T00:00:00,
6a0e8a99-d39a-4600-9876-1344b693450f:shipping:addr-6a0e8a99-d39a-4600-9876-1344b693450f,6a0e8a99-d39a-4600-9876-1344b693450f,addr-6a0e8a99-d39a-4600-9876-1344b693450f,shipping,true,2024-08-01T00:00:00,
ea224baf-b892-4ba2-b9f3-d14cc512820c:shipping:addr-ea224baf-b892-4ba2-b9f3-d14cc512820c,ea224baf-b892-4ba2-b9f3-d14cc512820c,addr-ea224baf-b892-4ba2-b9f3-d14cc512820c,shipping,true,2024-08-01T00:00:00,
1233e680-06d7-4b38-8c6e-796ef158556a:shipping:addr-1233e680-06d7-4b38-8c6e-796ef158556a,1233e680-06d7-4b38-8c6e-796ef158556a,addr-1233e680-06d7-4b38-8c6e-796ef158556a,shipping,true,2024-08-01T00:00:00,
3810f8e6-9278-4c26-9be0-d6d6c35fe477:shipping:addr-3810f8e6-9278-4c26-9be0-d6d6c35fe477,3810f8e6-9278-4c26-9be0-d6d6c35fe477,addr-3810f8e6-9278-4c26-9be0-d6d6c35fe477,shipping,true,2024-08-01T00:00:00,
ffd40778-a37e-453c-81d1-9a769cac4692:shipping:addr-ffd40778-a37e-453c-81d1-9a769cac4692,ffd40778-a37e-453c-81d1-9a769cac4692,addr-ffd40778-a37e-453c-81d1-9a769cac4692,shipping,true,2024-08-01T00:00:00,
8ebb4b7d-ed19-43be-a647-6c3a9a6a166a:shipping:addr-8ebb4b7d-ed19-43be-a647-6c3a9a6a166a,8ebb4b7d-ed19-43be-a647-6c3a9a6a166a,addr-8ebb4b7d-ed19-43be-a647-6c3a9a6a166a,shipping,true,2024-08-01T00:00:00,
e0cbd2e1-eee7-409c-9cf1-707eb4f867ce:shipping:addr-e0cbd2e1-eee7-409c-9cf1-707eb4f867ce,e0cbd2e1-eee7-409c-9cf1-707eb4f867ce,addr-e0cbd2e1-eee7-409c-9cf1-707eb4f867ce,shipping,true,2024-08-01T00:00:00,
d285a28f-6fa3-4c70-9469-73e7fe1787ae:shipping:addr-d285a28f-6fa3-4c70-9469-73e7fe1787ae,d285a28f-6fa3-4c70-9469-73e7fe1787ae,addr-d285a28f-6fa3-4c70-9469-73e7fe1787ae,shipping,true,2024-08-01T00:00:00,
77b903b9-c97e-44ae-8274-9dea7b101277:shipping:addr-77b903b9-c97e-44ae-8274-9dea7b101277,77b903b9-c97e-44ae-8274-9dea7b101277,addr-77b903b9-c97e-44ae-8274-9dea7b101277,shipping,true,2024-08-01T00:00:00,
953ad96a-103b-4460-a3b5-14b78403eb5d:shipping:addr-953ad96a-103b-4460-a3b5-14b78403eb5d,953ad96a-103b-4460-a3b5-14b78403eb5d,addr-953ad96a-103b-4460-a3b5-14b78403eb5d,shipping,true,2024-08-01T00:00:00,
875e080f-6237-421c-b26b-433b3b0c6584:shipping:addr-875e080f-6237-421c-b26b-433b3b0c6584,875e080f-6237-421c-b26b-433b3b0c6584,addr-875e080f-6237-421c-b26b-433b3b0c6584,shipping,true,2024-08-01T00:00:00,
400ec64f-461d-45c5-b45e-b5c8dc21b4e1:shipping:addr-400ec64f-461d-45c5-b45e-b5c8dc21b4e1,400ec64f-461d-45c5-b45e-b5c8dc21b4e1,addr-400ec64f-461d-45c5-b45e-b5c8dc21b4e1,shipping,true,2024-08-01T00:00:00,
d23755ac-d315-4dfd-ae80-4fa042f7d833:shipping:addr-d23755ac-d315-4dfd-ae80-4fa042f7d833,d23755ac-d315-4dfd-ae80-4fa042f7d833,addr-d23755ac-d315-4dfd-ae80-4fa042f7d833,shipping,true,2024-08-01T00:00:00,
47334d60-a9ec-4cf6-8af3-a2d030a6062f:shipping:addr-47334d60-a9ec-4cf6-8af3-a2d030a6062f,47334d60-a9ec-4cf6-8af3-a2d030a6062f,addr-47334d60-a9ec-4cf6-8af3-a2d030a6062f,shipping,true,2024-08-01T00:00:00,
2a26f327-c9ef-40f4-bb8c-c809417caad1:shipping:addr-2a26f327-c9ef-40f4-bb8c-c809417caad1,2a26f327-c9ef-40f4-bb8c-c809417caad1,addr-2a26f327-c9ef-40f4-bb8c-c809417caad1,shipping,true,2024-08-01T00:00:00,
f1c35457-d11b-4726-ae58-b98a09167675:shipping:addr-f1c35457-d11b-4726-ae58-b98a09167675,f1c35457-d11b-4726-ae58-b98a09167675,addr-f1c35457-d11b-4726-ae58-b98a09167675,shipping,true,2024-08-01T00:00:00,
3f13d579-3df8-478c-b978-eec7255facfa:shipping:addr-3f13d579-3df8-478c-b978-eec7255facfa,3f13d579-3df8-478c-b978-eec7255facfa,addr-3f13d579-3df8-478c-b978-eec7255facfa,shipping,true,2024-08-01T00:00:00,
40353a67-5df0-44ca-9c10-b42fab44c6f3:shipping:addr-40353a67-5df0-44ca-9c10-b42fab44c6f3,40353a67-5df0-44ca-9c10-b42fab44c6f3,addr-40353a67-5df0-44ca-9c10-b42fab44c6f3,shipping,true,2024-08-01T00:00:00,
baa48fe5-b7a4-4ea7-8eaf-5387ded157f7:shipping:addr-baa48fe5-b7a4-4ea7-8eaf-5387ded157f7,baa48fe5-b7a4-4ea7-8eaf-5387ded157f7,addr-baa48fe5-b7a4-4ea7-8eaf-5387ded157f7,shipping,true,2024-08-01T00:00:00,
899ea741-e615-4f9e-ad30-286f6f306f00:shipping:addr-899ea741-e615-4f9e-ad30-286f6f306f00,899ea741-e615-4f9e-ad30-286f6f306f00,addr-899ea741-e615-4f9e-ad30-286f6f306f00,shipping,true,2024-08-01T00:00:00,
0a42e609-2a53-4824-bf02-0088bdb9b149:shipping:addr-0a42e609-2a53-4824-bf02-0088bdb9b149,0a42e609-2a53-4824-bf02-0088bdb9b149,addr-0a42e609-2a53-4824-bf02-0088bdb9b149,shipping,true,2024-08-01T00:00:00,
5f8c9b91-24ee-43a2-b758-fece4c2fd787:shipping:addr-5f8c9b91-24ee-43a2-b758-fece4c2fd787,5f8c9b91-24ee-43a2-b758-fece4c2fd787,addr-5f8c9b91-24ee-43a2-b758-fece4c2fd787,shipping,true,2024-08-01T00:00:00,
46d24c86-1a31-430e-b1c4-1f4d8632c5ee:shipping:addr-46d24c86-1a31-430e-b1c4-1f4d8632c5ee,46d24c86-1a31-430e-b1c4-1f4d8632c5ee,addr-46d24c86-1a31-430e-b1c4-1f4d8632c5ee,shipping,true,2024-08-01T00:00:00,
143944c0-b4d0-48f7-ac1f-6ffaeff64a70:shipping:addr-143944c0-b4d0-48f7-ac1f-6ffaeff64a70,143944c0-b4d0-48f7-ac1f-6ffaeff64a70,addr-143944c0-b4d0-48f7-ac1f-6ffaeff64a70,shipping,true,2024-08-01T00:00:00,
b69dd468-7a0d-45e5-951c-ead1fcda2225:shipping:addr-b69dd468-7a0d-45e5-951c-ead1fcda2225,b69dd468-7a0d-45e5-951c-ead1fcda2225,addr-b69dd468-7a0d-45e5-951c-ead1fcda2225,shipping,true,2024-08-01T00:00:00,
a5781cf5-d32e-4370-b0f8-4f229bc0efa4:shipping:addr-a5781cf5-d32e-4370-b0f8-4f229bc0efa4,a5781cf5-d32e-4370-b0f8-4f229bc0efa4,addr-a5781cf5-d32e-4370-b0f8-4f229bc0efa4,shipping,true,2024-08-01T00:00:00,
0db82818-585b-4e3f-9898-2a72727c2e42:shipping:addr-0db82818-585b-4e3f-9898-2a72727c2e42,0db82818-585b-4e3f-9898-2a72727c2e42,addr-0db82818-585b-4e3f-9898-2a72727c2e42,shipping,true,2024-08-01T00:00:00,
cec4dd97-5c6e-415b-ba06-47dc8ef4570f:shipping:addr-cec4dd97-5c6e-415b-ba06-47dc8ef4570f,cec4dd97-5c6e-415b-ba06-47dc8ef4570f,addr-cec4dd97-5c6e-415b-ba06-47dc8ef4570f,shipping,true,2024-08-01T00:00:00,
b418aed1-0951-4085-9fe4-e750e7fe45f9:shipping:addr-b418aed1-0951-4085-9fe4-e750e7fe45f9,b418aed1-0951-4085-9fe4-e750e7fe45f9,addr-b418aed1-0951-4085-9fe4-e750e7fe45f9,shipping,true,2024-08-01T00:00:00,
b4cc95b0-6dbf-4264-a3ef-43fbbadf652a:shipping:addr-b4cc95b0-6dbf-4264-a3ef-43fbbadf652a,b4cc95b0-6dbf-4264-a3ef-43fbbadf652a,addr-b4cc95b0-6dbf-4264-a3ef-43fbbadf652a,shipping,true,2024-08-01T00:00:00,
19a47a26-3ca3-42d2-9e2d-8da79f09b587:shipping:addr-19a47a26-3ca3-42d2-9e2d-8da79f09b587,19a47a26-3ca3-42d2-9e2d-8da79f09b587,addr-19a47a26-3ca3-42d2-9e2d-8da79f09b587,shipping,true,2024-08-01T00:00:00,
7528c8de-b892-4894-8892-94a29730aa9c:shipping:addr-7528c8de-b892-4894-8892-94a29730aa9c,7528c8de-b892-4894-8892-94a29730aa9c,addr-7528c8de-b892-4894-8892-94a29730aa9c,shipping,true,2024-08-01T00:00:00,
1826e2e6-ccef-4719-8707-4c18ec953356:shipping:addr-1826e2e6-ccef-4719-8707-4c18ec953356,1826e2e6-ccef-4719-8707-4c18ec953356,addr-1826e2e6-ccef-4719-8707-4c18ec953356,shipping,true,2024-08-01T00:00:00,
5daa5d95-314b-4f5e-8926-8d61c9d4daa1:shipping:addr-5daa5d95-314b-4f5e-8926-8d61c9d4daa1,5daa5d95-314b-4f5e-8926-8d61c9d4daa1,addr-5daa5d95-314b-4f5e-8926-8d61c9d4daa1,shipping,true,2024-08-01T00:00:00,
d224c314-09b4-49c7-9490-53d3247615d2:shipping:addr-d224c314-09b4-49c7-9490-53d3247615d2,d224c314-09b4-49c7-9490-53d3247615d2,addr-d224c314-09b4-49c7-9490-53d3247615d2,shipping,true,2024-08-01T00:00:00,
15aeedcc-eed4-453e-850c-7f876e54c4ab:shipping:addr-15aeedcc-eed4-453e-850c-7f876e54c4ab,15aeedcc-eed4-453e-850c-7f876e54c4ab,addr-15aeedcc-eed4-453e-850c-7f876e54c4ab,shipping,true,2024-08-01T00:00:00,
ac4632eb-3a22-4956-896e-0a3899a647f1:shipping:addr-ac4632eb-3a22-4956-896e-0a3899a647f1,ac4632eb-3a22-4956-896e-0a3899a647f1,addr-ac4632eb-3a22-4956-896e-0a3899a647f1,shipping,true,2024-08-01T00:00:00,
890861ac-5e77-4568-aaff-807b37e6f872:shipping:addr-890861ac-5e77-4568-aaff-807b37e6f872,890861ac-5e77-4568-aaff-807b37e6f872,addr-890861ac-5e77-4568-aaff-807b37e6f872,shipping,true,2024-08-01T00:00:00,
f7989645-3a12-42f6-a926-2a7388aeb297:shipping:addr-f7989645-3a12-42f6-a926-2a7388aeb297,f7989645-3a12-42f6-a926-2a7388aeb297,addr-f7989645-3a12-42f6-a926-2a7388aeb297,shipping,true,2024-08-01T00:00:00,
3bfe5d2b-8ab3-473f-b56c-cdd86fff8877:shipping:addr-3bfe5d2b-8ab3-473f-b56c-cdd86fff8877,3bfe5d2b-8ab3-473f-b56c-cdd86fff8877,addr-3bfe5d2b-8ab3-473f-b56c-cdd86fff8877,shipping,true,2024-08-01T00:00:00,
bbce772f-b9b7-49f2-b79e-fa5d953ced6b:shipping:addr-bbce772f-b9b7-49f2-b79e-fa5d953ced6b,bbce772f-b9b7-49f2-b79e-fa5d953ced6b,addr-bbce772f-b9b7-49f2-b79e-fa5d953ced6b,shipping,true,2024-08-01T00:00:00,
5da6ee93-0365-4464-849c-cba666614c05:shipping:addr-5da6ee93-0365-4464-849c-cba666614c05,5da6ee93-0365-4464-849c-cba666614c05,addr-5da6ee93-0365-4464-849c-cba666614c05,shipping,true,2024-08-01T00:00:00,
f4c4994a-5a77-4a2f-902b-4f69c22ccee3:shipping:addr-f4c4994a-5a77-4a2f-902b-4f69c22ccee3,f4c4994a-5a77-4a2f-902b-4f69c22ccee3,addr-f4c4994a-5a77-4a2f-902b-4f69c22ccee3,shipping,true,2024-08-01T00:00:00,
19fee9df-73a9-41e9-9777-18d2a79ab8b4:shipping:addr-19fee9df-73a9-41e9-9777-18d2a79ab8b4,19fee9df-73a9-41e9-9777-18d2a79ab8b4,addr-19fee9df-73a9-41e9-9777-18d2a79ab8b4,shipping,true,2024-08-01T00:00:00,
d6cf7caa-9dd8-48c6-b4ee-5a02f62bb280:shipping:addr-d6cf7caa-9dd8-48c6-b4ee-5a02f62bb280,d6cf7caa-9dd8-48c6-b4ee-5a02f62bb280,addr-d6cf7caa-9dd8-48c6-b4ee-5a02f62bb280,shipping,true,2024-08-01T00:00:00,
04edb858-b8d9-455a-a1f2-f236df11a91f:shipping:addr-04edb858-b8d9-455a-a1f2-f236df11a91f,04edb858-b8d9-455a-a1f2-f236df11a91f,addr-04edb858-b8d9-455a-a1f2-f236df11a91f,shipping,true,2024-08-01T00:00:00,
94a6d963-227a-4d07-92a6-0bb60ebd66e6:shipping:addr-94a6d963-227a-4d07-92a6-0bb60ebd66e6,94a6d963-227a-4d07-92a6-0bb60ebd66e6,addr-94a6d963-227a-4d07-92a6-0bb60ebd66e6,shipping,true,2024-08-01T00:00:00,
627b564c-f368-4634-b7f8-d7e1c5ee980a:shipping:addr-627b564c-f368-4634-b7f8-d7e1c5ee980a,627b564c-f368-4634-b7f8-d7e1c5ee980a,addr-627b564c-f368-4634-b7f8-d7e1c5ee980a,shipping,true,2024-08-01T00:00:00,
72492cee-bfcb-4501-9a63-5afe45f5215a:shipping:addr-72492cee-bfcb-4501-9a63-5afe45f5215a,72492cee-bfcb-4501-9a63-5afe45f5215a,addr-72492cee-bfcb-4501-9a63-5afe45f5215a,shipping,true,2024-08-01T00:00:00,
bb0bc182-b8f7-4f26-b794-dca522dd4cec:shipping:addr-bb0bc182-b8f7-4f26-b794-dca522dd4cec,bb0bc182-b8f7-4f26-b794-dca522dd4cec,addr-bb0bc182-b8f7-4f26-b794-dca522dd4cec,shipping,true,2024-08-01T00:00:00,
387603c1-d2a6-475e-ab4c-9ba7aa78bb27:shipping:addr-387603c1-d2a6-475e-ab4c-9ba7aa78bb27,387603c1-d2a6-475e-ab4c-9ba7aa78bb27,addr-387603c1-d2a6-475e-ab4c-9ba7aa78bb27,shipping,true,2024-08-01T00:00:00,
125d87d5-a36a-4f4e-865c-3122386e88ca:shipping:addr-125d87d5-a36a-4f4e-865c-3122386e88ca,125d87d5-a36a-4f4e-865c-3122386e88ca,addr-125d87d5-a36a-4f4e-865c-3122386e88ca,shipping,true,2024-08-01T00:00:00,
bde10f4a-86e5-45d2-b176-3ec1222265c1:shipping:addr-bde10f4a-86e5-45d2-b176-3ec1222265c1,bde10f4a-86e5-45d2-b176-3ec1222265c1,addr-bde10f4a-86e5-45d2-b176-3ec1222265c1,shipping,true,2024-08-01T00:00:00,
ead66f31-3437-42c5-9145-8281898ce326:shipping:addr-ead66f31-3437-42c5-9145-8281898ce326,ead66f31-3437-42c5-9145-8281898ce326,addr-ead66f31-3437-42c5-9145-8281898ce326,shipping,true,2024-08-01T00:00:00,
b91c4cbb-67d6-4515-b897-dd13e44c1101:shipping:addr-b91c4cbb-67d6-4515-b897-dd13e44c1101,b91c4cbb-67d6-4515-b897-dd13e44c1101,addr-b91c4cbb-67d6-4515-b897-dd13e44c1101,shipping,true,2024-08-01T00:00:00,
adf0d9db-c6a0-4226-a93f-30482ccd9d28:shipping:addr-adf0d9db-c6a0-4226-a93f-30482ccd9d28,adf0d9db-c6a0-4226-a93f-30482ccd9d28,addr-adf0d9db-c6a0-4226-a93f-30482ccd9d28,shipping,true,2024-08-01T00:00:00,
34a7e239-a098-4105-a6ab-b1a2c1c1c160:shipping:addr-34a7e239-a098-4105-a6ab-b1a2c1c1c160,34a7e239-a098-4105-a6ab-b1a2c1c1c160,addr-34a7e239-a098-4105-a6ab-b1a2c1c1c160,shipping,true,2024-08-01T00:00:00,
438d7ce2-8d55-49cd-ab64-d781e25abb9e:shipping:addr-438d7ce2-8d55-49cd-ab64-d781e25abb9e,438d7ce2-8d55-49cd-ab64-d781e25abb9e,addr-438d7ce2-8d55-49cd-ab64-d781e25abb9e,shipping,true,2024-08-01T00:00:00,
36df5a68-777a-4824-9342-f7f557e872ba:shipping:addr-36df5a68-777a-4824-9342-f7f557e872ba,36df5a68-777a-4824-9342-f7f557e872ba,addr-36df5a68-777a-4824-9342-f7f557e872ba,shipping,true,2024-08-01T00:00:00,
ed7f8737-2c99-408f-afd0-f91c740e414c:shipping:addr-ed7f8737-2c99-408f-afd0-f91c740e414c,ed7f8737-2c99-408f-afd0-f91c740e414c,addr-ed7f8737-2c99-408f-afd0-f91c740e414c,shipping,true,2024-08-01T00:00:00,
a1be3ec3-e6d6-43ba-8011-02ffe7491e78:shipping:addr-a1be3ec3-e6d6-43ba-8011-02ffe7491e78,a1be3ec3-e6d6-43ba-8011-02ffe7491e78,addr-a1be3ec3-e6d6-43ba-8011-02ffe7491e78,shipping,true,2024-08-01T00:00:00,
848c50eb-5e2a-4b53-b6b9-751bfad107b7:shipping:addr-848c50eb-5e2a-4b53-b6b9-751bfad107b7,848c50eb-5e2a-4b53-b6b9-751bfad107b7,addr-848c50eb-5e2a-4b53-b6b9-751bfad107b7,shipping,true,2024-08-01T00:00:00,
017413ff-58e5-4097-93e6-84f98038b20b:shipping:addr-017413ff-58e5-4097-93e6-84f98038b20b,017413ff-58e5-4097-93e6-84f98038b20b,addr-017413ff-58e5-4097-93e6-84f98038b20b,shipping,true,2024-08-01T00:00:00,
367f1e9a-938e-4d15-8ec1-50ce91fef6ce:shipping:addr-367f1e9a-938e-4d15-8ec1-50ce91fef6ce,367f1e9a-938e-4d15-8ec1-50ce91fef6ce,addr-367f1e9a-938e-4d15-8ec1-50ce91fef6ce,shipping,true,2024-08-01T00:00:00,
fa08fd03-3569-400d-9d63-e8ae15712195:shipping:addr-fa08fd03-3569-400d-9d63-e8ae15712195,fa08fd03-3569-400d-9d63-e8ae15712195,addr-fa08fd03-3569-400d-9d63-e8ae15712195,shipping,true,2024-08-01T00:00:00,
52ecad80-29ad-4b94-8e45-82007ac63dba:shipping:addr-52ecad80-29ad-4b94-8e45-82007ac63dba,52ecad80-29ad-4b94-8e45-82007ac63dba,addr-52ecad80-29ad-4b94-8e45-82007ac63dba,shipping,true,2024-08-01T00:00:00,
ff29ece6-95da-4800-acd2-b14950a339dd:shipping:addr-ff29ece6-95da-4800-acd2-b14950a339dd,ff29ece6-95da-4800-acd2-b14950a339dd,addr-ff29ece6-95da-4800-acd2-b14950a339dd,shipping,true,2024-08-01T00:00:00,
03a59f85-596f-4b87-9ab3-5f1a84f37beb:shipping:addr-03a59f85-596f-4b87-9ab3-5f1a84f37beb,03a59f85-596f-4b87-9ab3-5f1a84f37beb,addr-03a59f85-596f-4b87-9ab3-5f1a84f37beb,shipping,true,2024-08-01T00:00:00,
53dda453-796e-4167-b482-7449bd52694f:shipping:addr-53dda453-796e-4167-b482-7449bd52694f,53dda453-796e-4167-b482-7449bd52694f,addr-53dda453-796e-4167-b482-7449bd52694f,shipping,true,2024-08-01T00:00:00,
f35eb7b6-1b25-433b-90b5-29212b72f6e2:shipping:addr-f35eb7b6-1b25-433b-90b5-29212b72f6e2,f35eb7b6-1b25-433b-90b5-29212b72f6e2,addr-f35eb7b6-1b25-433b-90b5-29212b72f6e2,shipping,true,2024-08-01T00:00:00,
28a5a7b8-b34b-47a6-91f7-8e384d6b6f59:shipping:addr-28a5a7b8-b34b-47a6-91f7-8e384d6b6f59,28a5a7b8-b34b-47a6-91f7-8e384d6b6f59,addr-28a5a7b8-b34b-47a6-91f7-8e384d6b6f59,shipping,true,2024-08-01T00:00:00,
3f78077b-93c7-4c4e-8976-f16cb11cfcfc:shipping:addr-3f78077b-93c7-4c4e-8976-f16cb11cfcfc,3f78077b-93c7-4c4e-8976-f16cb11cfcfc,addr-3f78077b-93c7-4c4e-8976-f16cb11cfcfc,shipping,true,2024-08-01T00:00:00,
efc6a229-f984-41c8-b741-83d9a46c5fd1:shipping:addr-efc6a229-f984-41c8-b741-83d9a46c5fd1,efc6a229-f984-41c8-b741-83d9a46c5fd1,addr-efc6a229-f984-41c8-b741-83d9a46c5fd1,shipping,true,2024-08-01T00:00:00,
8f40d15b-7ab5-4fdb-b9a0-767514af456f:shipping:addr-8f40d15b-7ab5-4fdb-b9a0-767514af456f,8f40d15b-7ab5-4fdb-b9a0-767514af456f,addr-8f40d15b-7ab5-4fdb-b9a0-767514af456f,shipping,true,2024-08-01T00:00:00,
41653b96-0020-4b26-86da-cb8f9aac99a0:shipping:addr-41653b96-0020-4b26-86da-cb8f9aac99a0,41653b96-0020-4b26-86da-cb8f9aac99a0,addr-41653b96-0020-4b26-86da-cb8f9aac99a0,shipping,true,2024-08-01T00:00:00,
2dc965e2-d3fc-4bc8-a118-d1636dbfe8c5:shipping:addr-2dc965e2-d3fc-4bc8-a118-d1636dbfe8c5,2dc965e2-d3fc-4bc8-a118-d1636dbfe8c5,addr-2dc965e2-d3fc-4bc8-a118-d1636dbfe8c5,shipping,true,2024-08-01T00:00:00,
2ef9867e-e76c-4d07-8089-7935ba03ca03:shipping:addr-2ef9867e-e76c-4d07-8089-7935ba03ca03,2ef9867e-e76c-4d07-8089-7935ba03ca03,addr-2ef9867e-e76c-4d07-8089-7935ba03ca03,shipping,true,2024-08-01T00:00:00,
6bb3949d-b446-4beb-bcc9-01846e7ef85f:shipping:addr-6bb3949d-b446-4beb-bcc9-01846e7ef85f,6bb3949d-b446-4beb-bcc9-01846e7ef85f,addr-6bb3949d-b446-4beb-bcc9-01846e7ef85f,shipping,true,2024-08-01T00:00:00,
04b679f3-0691-47bc-975a-fdac41f52db4:shipping:addr-04b679f3-0691-47bc-975a-fdac41f52db4,04b679f3-0691-47bc-975a-fdac41f52db4,addr-04b679f3-0691-47bc-975a-fdac41f52db4,shipping,true,2024-08-01T00:00:00,
4b503eb1-da2e-4115-8f64-b4dc888db448:shipping:addr-4b503eb1-da2e-4115-8f64-b4dc888db448,4b503eb1-da2e-4115-8f64-b4dc888db448,addr-4b503eb1-da2e-4115-8f64-b4dc888db448,shipping,true,2024-08-01T00:00:00,
90249383-3427-4005-a185-d20f5542dae5:shipping:addr-90249383-3427-4005-a185-d20f5542dae5,90249383-3427-4005-a185-d20f5542dae5,addr-90249383-3427-4005-a185-d20f5542dae5,shipping,true,2024-08-01T00:00:00,
058a019d-da8d-434a-8e8b-621c3b214928:shipping:addr-058a019d-da8d-434a-8e8b-621c3b214928,058a019d-da8d-434a-8e8b-621c3b214928,addr-058a019d-da8d-434a-8e8b-621c3b214928,shipping,true,2024-08-01T00:00:00,
598904ac-fa48-43af-8fe9-41388451ae53:shipping:addr-598904ac-fa48-43af-8fe9-41388451ae53,598904ac-fa48-43af-8fe9-41388451ae53,addr-598904ac-fa48-43af-8fe9-41388451ae53,shipping,true,2024-08-01T00:00:00,
2068f48f-4c39-4084-81d1-95af149d8547:shipping:addr-2068f48f-4c39-4084-81d1-95af149d8547,2068f48f-4c39-4084-81d1-95af149d8547,addr-2068f48f-4c39-4084-81d1-95af149d8547,shipping,true,2024-08-01T00:00:00,
dec2b1be-3447-4044-b4e3-17848dfd390e:shipping:addr-dec2b1be-3447-4044-b4e3-17848dfd390e,dec2b1be-3447-4044-b4e3-17848dfd390e,addr-dec2b1be-3447-4044-b4e3-17848dfd390e,shipping,true,2024-08-01T00:00:00,
6b9cd81e-126c-4c53-b6b5-575d78951256:shipping:addr-6b9cd81e-126c-4c53-b6b5-575d78951256,6b9cd81e-126c-4c53-b6b5-575d78951256,addr-6b9cd81e-126c-4c53-b6b5-575d78951256,shipping,true,2024-08-01T00:00:00,
0e7b96a0-3300-42a0-b46a-0376d91610eb:shipping:addr-0e7b96a0-3300-42a0-b46a-0376d91610eb,0e7b96a0-3300-42a0-b46a-0376d91610eb,addr-0e7b96a0-3300-42a0-b46a-0376d91610eb,shipping,true,2024-08-01T00:00:00,
33a6f9f2-9265-47a5-ab40-37c29c87ed07:shipping:addr-33a6f9f2-9265-47a5-ab40-37c29c87ed07,33a6f9f2-9265-47a5-ab40-37c29c87ed07,addr-33a6f9f2-9265-47a5-ab40-37c29c87ed07,shipping,true,2024-08-01T00:00:00,
3fa371d4-77dd-4e91-9a2f-86801b001903:shipping:addr-3fa371d4-77dd-4e91-9a2f-86801b001903,3fa371d4-77dd-4e91-9a2f-86801b001903,addr-3fa371d4-77dd-4e91-9a2f-86801b001903,shipping,true,2024-08-01T00:00:00,
2977486c-8467-4a72-a290-db87a9022320:shipping:addr-2977486c-8467-4a72-a290-db87a9022320,2977486c-8467-4a72-a290-db87a9022320,addr-2977486c-8467-4a72-a290-db87a9022320,shipping,true,2024-08-01T00:00:00,
2251b079-d6df-4d71-bd74-d2a00e841a9d:shipping:addr-2251b079-d6df-4d71-bd74-d2a00e841a9d,2251b079-d6df-4d71-bd74-d2a00e841a9d,addr-2251b079-d6df-4d71-bd74-d2a00e841a9d,shipping,true,2024-08-01T00:00:00,
26b9f21d-cabb-40f3-b28e-71549d01a6e1:shipping:addr-26b9f21d-cabb-40f3-b28e-71549d01a6e1,26b9f21d-cabb-40f3-b28e-71549d01a6e1,addr-26b9f21d-cabb-40f3-b28e-71549d01a6e1,shipping,true,2024-08-01T00:00:00,
1fcec697-8153-4717-a361-5a4257e0c9b7:shipping:addr-1fcec697-8153-4717-a361-5a4257e0c9b7,1fcec697-8153-4717-a361-5a4257e0c9b7,addr-1fcec697-8153-4717-a361-5a4257e0c9b7,shipping,true,2024-08-01T00:00:00,
d477b62b-46ba-4eaa-a26a-8e3d43ea5a28:shipping:addr-d477b62b-46ba-4eaa-a26a-8e3d43ea5a28,d477b62b-46ba-4eaa-a26a-8e3d43ea5a28,addr-d477b62b-46ba-4eaa-a26a-8e3d43ea5a28,shipping,true,2024-08-01T00:00:00,
55ae024c-4a5e-49d8-be84-2f493dc83880:shipping:addr-55ae024c-4a5e-49d8-be84-2f493dc83880,55ae024c-4a5e-49d8-be84-2f493dc83880,addr-55ae024c-4a5e-49d8-be84-2f493dc83880,shipping,true,2024-08-01T00:00:00,
71972ade-a5de-461b-aac8-49774ccb1a4a:shipping:addr-71972ade-a5de-461b-aac8-49774ccb1a4a,71972ade-a5de-461b-aac8-49774ccb1a4a,addr-71972ade-a5de-461b-aac8-49774ccb1a4a,shipping,true,2024-08-01T00:00:00,
a6e1b4c7-24c0-48ca-96ee-6d0a46348a82:shipping:addr-a6e1b4c7-24c0-48ca-96ee-6d0a46348a82,a6e1b4c7-24c0-48ca-96ee-6d0a46348a82,addr-a6e1b4c7-24c0-48ca-96ee-6d0a46348a82,shipping,true,2024-08-01T00:00:00,
bab8979a-8cd9-477b-bbd7-2e1dbab88437:shipping:addr-bab8979a-8cd9-477b-bbd7-2e1dbab88437,bab8979a-8cd9-477b-bbd7-2e1dbab88437,addr-bab8979a-8cd9-477b-bbd7-2e1dbab88437,shipping,true,2024-08-01T00:00:00,
b8ccafb8-eae9-4e35-beb2-afbc3cb9690c:shipping:addr-b8ccafb8-eae9-4e35-beb2-afbc3cb9690c,b8ccafb8-eae9-4e35-beb2-afbc3cb9690c,addr-b8ccafb8-eae9-4e35-beb2-afbc3cb9690c,shipping,true,2024-08-01T00:00:00,
f24f29fa-33e9-41e2-8965-ac4e39be3919:shipping:addr-f24f29fa-33e9-41e2-8965-ac4e39be3919,f24f29fa-33e9-41e2-8965-ac4e39be3919,addr-f24f29fa-33e9-41e2-8965-ac4e39be3919,shipping,true,2024-08-01T00:00:00,
59292cdf-6314-4444-aee9-45a78c76dcbe:shipping:addr-59292cdf-6314-4444-aee9-45a78c76dcbe,59292cdf-6314-4444-aee9-45a78c76dcbe,addr-59292cdf-6314-4444-aee9-45a78c76dcbe,shipping,true,2024-08-01T00:00:00,
47ac22ab-9718-46c4-ac3b-e6473f31a413:shipping:addr-47ac22ab-9718-46c4-ac3b-e6473f31a413,47ac22ab-9718-46c4-ac3b-e6473f31a413,addr-47ac22ab-9718-46c4-ac3b-e6473f31a413,shipping,true,2024-08-01T00:00:00,
af16d888-ff4c-4c16-a2f8-9e2a3a9677c7:shipping:addr-af16d888-ff4c-4c16-a2f8-9e2a3a9677c7,af16d888-ff4c-4c16-a2f8-9e2a3a9677c7,addr-af16d888-ff4c-4c16-a2f8-9e2a3a9677c7,shipping,true,2024-08-01T00:00:00,
7bd64d99-cfe2-4e61-aed9-8b6f3d410468:shipping:addr-7bd64d99-cfe2-4e61-aed9-8b6f3d410468,7bd64d99-cfe2-4e61-aed9-8b6f3d410468,addr-7bd64d99-cfe2-4e61-aed9-8b6f3d410468,shipping,true,2024-08-01T00:00:00,
2aaf9fc4-0801-4163-8cc8-39558682f704:shipping:addr-2aaf9fc4-0801-4163-8cc8-39558682f704,2aaf9fc4-0801-4163-8cc8-39558682f704,addr-2aaf9fc4-0801-4163-8cc8-39558682f704,shipping,true,2024-08-01T00:00:00,
7e06ea60-a336-46ee-a77d-ca114267af0d:shipping:addr-7e06ea60-a336-46ee-a77d-ca114267af0d,7e06ea60-a336-46ee-a77d-ca114267af0d,addr-7e06ea60-a336-46ee-a77d-ca114267af0d,shipping,true,2024-08-01T00:00:00,
8aff4c2d-48b5-4b85-bf21-20ad95d18b6c:shipping:addr-8aff4c2d-48b5-4b85-bf21-20ad95d18b6c,8aff4c2d-48b5-4b85-bf21-20ad95d18b6c,addr-8aff4c2d-48b5-4b85-bf21-20ad95d18b6c,shipping,true,2024-08-01T00:00:00,
13ae1187-ebff-4588-bbf0-db26b1bbb598:shipping:addr-13ae1187-ebff-4588-bbf0-db26b1bbb598,13ae1187-ebff-4588-bbf0-db26b1bbb598,addr-13ae1187-ebff-4588-bbf0-db26b1bbb598,shipping,true,2024-08-01T00:00:00,
b4eb2e6a-e0ab-46b4-8a7a-cb2e92d8e009:shipping:addr-b4eb2e6a-e0ab-46b4-8a7a-cb2e92d8e009,b4eb2e6a-e0ab-46b4-8a7a-cb2e92d8e009,addr-b4eb2e6a-e0ab-46b4-8a7a-cb2e92d8e009,shipping,true,2024-08-01T00:00:00,
167ce993-af12-4071-a5cb-fb3f09045741:shipping:addr-167ce993-af12-4071-a5cb-fb3f09045741,167ce993-af12-4071-a5cb-fb3f09045741,addr-167ce993-af12-4071-a5cb-fb3f09045741,shipping,true,2024-08-01T00:00:00,
358fc32a-8446-4c62-b4a1-92b145a689e8:shipping:addr-358fc32a-8446-4c62-b4a1-92b145a689e8,358fc32a-8446-4c62-b4a1-92b145a689e8,addr-358fc32a-8446-4c62-b4a1-92b145a689e8,shipping,true,2024-08-01T00:00:00,
8cef9627-37e9-4bad-a5d7-69f87f291c90:shipping:addr-8cef9627-37e9-4bad-a5d7-69f87f291c90,8cef9627-37e9-4bad-a5d7-69f87f291c90,addr-8cef9627-37e9-4bad-a5d7-69f87f291c90,shipping,true,2024-08-01T00:00:00,
8d5d45b6-2bf0-4380-85a0-b73fcbc86e94:shipping:addr-8d5d45b6-2bf0-4380-85a0-b73fcbc86e94,8d5d45b6-2bf0-4380-85a0-b73fcbc86e94,addr-8d5d45b6-2bf0-4380-85a0-b73fcbc86e94,shipping,true,2024-08-01T00:00:00,
43317971-4c76-44db-9b97-011579286ea5:shipping:addr-43317971-4c76-44db-9b97-011579286ea5,43317971-4c76-44db-9b97-011579286ea5,addr-43317971-4c76-44db-9b97-011579286ea5,shipping,true,2024-08-01T00:00:00,
ef7f92e8-2f80-4e44-9e56-9ee276819791:shipping:addr-ef7f92e8-2f80-4e44-9e56-9ee276819791,ef7f92e8-2f80-4e44-9e56-9ee276819791,addr-ef7f92e8-2f80-4e44-9e56-9ee276819791,shipping,true,2024-08-01T00:00:00,
6d24a27b-89f9-4e69-8c83-6f87ce5b6d33:shipping:addr-6d24a27b-89f9-4e69-8c83-6f87ce5b6d33,6d24a27b-89f9-4e69-8c83-6f87ce5b6d33,addr-6d24a27b-89f9-4e69-8c83-6f87ce5b6d33,shipping,true,2024-08-01T00:00:00,
e8e92a9f-bec3-4873-951c-b05d0fe37715:shipping:addr-e8e92a9f-bec3-4873-951c-b05d0fe37715,e8e92a9f-bec3-4873-951c-b05d0fe37715,addr-e8e92a9f-bec3-4873-951c-b05d0fe37715,shipping,true,2024-08-01T00:00:00,
7b971d80-7566-4bfa-93b7-b87270c4b732:shipping:addr-7b971d80-7566-4bfa-93b7-b87270c4b732,7b971d80-7566-4bfa-93b7-b87270c4b732,addr-7b971d80-7566-4bfa-93b7-b87270c4b732,shipping,true,2024-08-01T00:00:00,
d5e5a6a6-cb8d-4d62-8551-298dee7f1f9f:shipping:addr-d5e5a6a6-cb8d-4d62-8551-298dee7f1f9f,d5e5a6a6-cb8d-4d62-8551-298dee7f1f9f,addr-d5e5a6a6-cb8d-4d62-8551-298dee7f1f9f,shipping,true,2024-08-01T00:00:00,
6058494e-8390-41a7-9c1b-182902dda8db:shipping:addr-6058494e-8390-41a7-9c1b-182902dda8db,6058494e-8390-41a7-9c1b-182902dda8db,addr-6058494e-8390-41a7-9c1b-182902dda8db,shipping,true,2024-08-01T00:00:00,
09a354a5-a7cb-4687-8a52-c4a71feba0d2:shipping:addr-09a354a5-a7cb-4687-8a52-c4a71feba0d2,09a354a5-a7cb-4687-8a52-c4a71feba0d2,addr-09a354a5-a7cb-4687-8a52-c4a71feba0d2,shipping,true,2024-08-01T00:00:00,
64fec69e-52e2-471f-9fbc-7a8e33f991bd:shipping:addr-64fec69e-52e2-471f-9fbc-7a8e33f991bd,64fec69e-52e2-471f-9fbc-7a8e33f991bd,addr-64fec69e-52e2-471f-9fbc-7a8e33f991bd,shipping,true,2024-08-01T00:00:00,
0327ed4c-b4a3-4746-9221-3bb172a05c50:shipping:addr-0327ed4c-b4a3-4746-9221-3bb172a05c50,0327ed4c-b4a3-4746-9221-3bb172a05c50,addr-0327ed4c-b4a3-4746-9221-3bb172a05c50,shipping,true,2024-08-01T00:00:00,
35bb651c-499f-433f-b5af-b793b285e727:shipping:addr-35bb651c-499f-433f-b5af-b793b285e727,35bb651c-499f-433f-b5af-b793b285e727,addr-35bb651c-499f-433f-b5af-b793b285e727,shipping,true,2024-08-01T00:00:00,
e6e0c2ef-00b6-4d38-a129-32d4aa4e795d:shipping:addr-e6e0c2ef-00b6-4d38-a129-32d4aa4e795d,e6e0c2ef-00b6-4d38-a129-32d4aa4e795d,addr-e6e0c2ef-00b6-4d38-a129-32d4aa4e795d,shipping,true,2024-08-01T00:00:00,
1fcfe435-1e78-4646-a517-19906c49735a:shipping:addr-1fcfe435-1e78-4646-a517-19906c49735a,1fcfe435-1e78-4646-a517-19906c49735a,addr-1fcfe435-1e78-4646-a517-19906c49735a,shipping,true,2024-08-01T00:00:00,
bd463573-d217-4411-9ac0-8b72bd7609cd:shipping:addr-bd463573-d217-4411-9ac0-8b72bd7609cd,bd463573-d217-4411-9ac0-8b72bd7609cd,addr-bd463573-d217-4411-9ac0-8b72bd7609cd,shipping,true,2024-08-01T00:00:00,
3f5140d0-d9ef-4655-a6ab-69e5e6921143:shipping:addr-3f5140d0-d9ef-4655-a6ab-69e5e6921143,3f5140d0-d9ef-4655-a6ab-69e5e6921143,addr-3f5140d0-d9ef-4655-a6ab-69e5e6921143,shipping,true,2024-08-01T00:00:00,
e039c2ef-fe4c-4d60-97ee-99d043299f0e:shipping:addr-e039c2ef-fe4c-4d60-97ee-99d043299f0e,e039c2ef-fe4c-4d60-97ee-99d043299f0e,addr-e039c2ef-fe4c-4d60-97ee-99d043299f0e,shipping,true,2024-08-01T00:00:00,
72fd6924-b954-4c8f-9c0b-2545d0efe53b:shipping:addr-72fd6924-b954-4c8f-9c0b-2545d0efe53b,72fd6924-b954-4c8f-9c0b-2545d0efe53b,addr-72fd6924-b954-4c8f-9c0b-2545d0efe53b,shipping,true,2024-08-01T00:00:00,
ae6e644d-c310-4f23-84dc-5063fc2e2953:shipping:addr-ae6e644d-c310-4f23-84dc-5063fc2e2953,ae6e644d-c310-4f23-84dc-5063fc2e2953,addr-ae6e644d-c310-4f23-84dc-5063fc2e2953,shipping,true,2024-08-01T00:00:00,
341da637-6927-4a64-8183-13ec96005b5f:shipping:addr-341da637-6927-4a64-8183-13ec96005b5f,341da637-6927-4a64-8183-13ec96005b5f,addr-341da637-6927-4a64-8183-13ec96005b5f,shipping,true,2024-08-01T00:00:00,
3455f0ff-3219-4cd9-acd8-091f34518293:shipping:addr-3455f0ff-3219-4cd9-acd8-091f34518293,3455f0ff-3219-4cd9-acd8-091f34518293,addr-3455f0ff-3219-4cd9-acd8-091f34518293,shipping,true,2024-08-01T00:00:00,
40c4aa0f-6d19-4084-820c-5764f87d9184:shipping:addr-40c4aa0f-6d19-4084-820c-5764f87d9184,40c4aa0f-6d19-4084-820c-5764f87d9184,addr-40c4aa0f-6d19-4084-820c-5764f87d9184,shipping,true,2024-08-01T00:00:00,
257291a7-c562-45b7-9229-49a527229518:shipping:addr-257291a7-c562-45b7-9229-49a527229518,257291a7-c562-45b7-9229-49a527229518,addr-257291a7-c562-45b7-9229-49a527229518,shipping,true,2024-08-01T00:00:00,
795d2b23-6186-4d66-beb4-690083c579a2:shipping:addr-795d2b23-6186-4d66-beb4-690083c579a2,795d2b23-6186-4d66-beb4-690083c579a2,addr-795d2b23-6186-4d66-beb4-690083c579a2,shipping,true,2024-08-01T00:00:00,
0f8ab48c-b1fa-4600-9712-1bc2a02d8f45:shipping:addr-0f8ab48c-b1fa-4600-9712-1bc2a02d8f45,0f8ab48c-b1fa-4600-9712-1bc2a02d8f45,addr-0f8ab48c-b1fa-4600-9712-1bc2a02d8f45,shipping,true,2024-08-01T00:00:00,
22a4c19e-c3ff-455d-8a3b-d4a9bd6b8334:shipping:addr-22a4c19e-c3ff-455d-8a3b-d4a9bd6b8334,22a4c19e-c3ff-455d-8a3b-d4a9bd6b8334,addr-22a4c19e-c3ff-455d-8a3b-d4a9bd6b8334,shipping,true,2024-08-01T00:00:00,
13b24541-2c78-41cb-a6b6-e8713ab9a16f:shipping:addr-13b24541-2c78-41cb-a6b6-e8713ab9a16f,13b24541-2c78-41cb-a6b6-e8713ab9a16f,addr-13b24541-2c78-41cb-a6b6-e8713ab9a16f,shipping,true,2024-08-01T00:00:00,
5d24b6bc-2eea-4766-a11d-b0aed43f038a:shipping:addr-5d24b6bc-2eea-4766-a11d-b0aed43f038a,5d24b6bc-2eea-4766-a11d-b0aed43f038a,addr-5d24b6bc-2eea-4766-a11d-b0aed43f038a,shipping,true,2024-08-01T00:00:00,
b5b5a474-4e05-47bf-b9a2-872e5dc9a328:shipping:addr-b5b5a474-4e05-47bf-b9a2-872e5dc9a328,b5b5a474-4e05-47bf-b9a2-872e5dc9a328,addr-b5b5a474-4e05-47bf-b9a2-872e5dc9a328,shipping,true,2024-08-01T00:00:00,
9c98b2d4-f4f3-440f-b28d-0e1ca7a152a5:shipping:addr-9c98b2d4-f4f3-440f-b28d-0e1ca7a152a5,9c98b2d4-f4f3-440f-b28d-0e1ca7a152a5,addr-9c98b2d4-f4f3-440f-b28d-0e1ca7a152a5,shipping,true,2024-08-01T00:00:00,
c64e9b29-2c3f-4a02-bf80-175c5a980c92:shipping:addr-c64e9b29-2c3f-4a02-bf80-175c5a980c92,c64e9b29-2c3f-4a02-bf80-175c5a980c92,addr-c64e9b29-2c3f-4a02-bf80-175c5a980c92,shipping,true,2024-08-01T00:00:00,
4cd79f83-9fc7-43e4-a4c1-89402b7124e1:shipping:addr-4cd79f83-9fc7-43e4-a4c1-89402b7124e1,4cd79f83-9fc7-43e4-a4c1-89402b7124e1,addr-4cd79f83-9fc7-43e4-a4c1-89402b7124e1,shipping,true,2024-08-01T00:00:00,
f78c30cb-fcda-4209-9aea-0ae7ce4f7b81:shipping:addr-f78c30cb-fcda-4209-9aea-0ae7ce4f7b81,f78c30cb-fcda-4209-9aea-0ae7ce4f7b81,addr-f78c30cb-fcda-4209-9aea-0ae7ce4f7b81,shipping,true,2024-08-01T00:00:00,
5bc5dd9e-3670-4c84-be25-41eace68a711:shipping:addr-5bc5dd9e-3670-4c84-be25-41eace68a711,5bc5dd9e-3670-4c84-be25-41eace68a711,addr-5bc5dd9e-3670-4c84-be25-41eace68a711,shipping,true,2024-08-01T00:00:00,
a0f290f7-884a-4d5d-b502-f43702abb2db:shipping:addr-a0f290f7-884a-4d5d-b502-f43702abb2db,a0f290f7-884a-4d5d-b502-f43702abb2db,addr-a0f290f7-884a-4d5d-b502-f43702abb2db,shipping,true,2024-08-01T00:00:00,
9ede5407-362e-465c-a234-482e1f2411c1:shipping:addr-9ede5407-362e-465c-a234-482e1f2411c1,9ede5407-362e-465c-a234-482e1f2411c1,addr-9ede5407-362e-465c-a234-482e1f2411c1,shipping,true,2024-08-01T00:00:00,
ab833d6f-87cf-4229-a1f8-707b52a55e5e:shipping:addr-ab833d6f-87cf-4229-a1f8-707b52a55e5e,ab833d6f-87cf-4229-a1f8-707b52a55e5e,addr-ab833d6f-87cf-4229-a1f8-707b52a55e5e,shipping,true,2024-08-01T00:00:00,
66dda3b2-66cf-4b2b-90b2-91abe28f6aa4:shipping:addr-66dda3b2-66cf-4b2b-90b2-91abe28f6aa4,66dda3b2-66cf-4b2b-90b2-91abe28f6aa4,addr-66dda3b2-66cf-4b2b-90b2-91abe28f6aa4,shipping,true,2024-08-01T00:00:00,
b6552330-9932-4624-8855-b5b7aa13d3f4:shipping:addr-b6552330-9932-4624-8855-b5b7aa13d3f4,b6552330-9932-4624-8855-b5b7aa13d3f4,addr-b6552330-9932-4624-8855-b5b7aa13d3f4,shipping,true,2024-08-01T00:00:00,
7532eee7-0f38-4249-9459-e40b83d75db2:shipping:addr-7532eee7-0f38-4249-9459-e40b83d75db2,7532eee7-0f38-4249-9459-e40b83d75db2,addr-7532eee7-0f38-4249-9459-e40b83d75db2,shipping,true,2024-08-01T00:00:00,
9455079c-4344-4995-939d-8184d7eb02e7:shipping:addr-9455079c-4344-4995-939d-8184d7eb02e7,9455079c-4344-4995-939d-8184d7eb02e7,addr-9455079c-4344-4995-939d-8184d7eb02e7,shipping,true,2024-08-01T00:00:00,
8beae791-1455-41dd-a451-67f75ee83ea7:shipping:addr-8beae791-1455-41dd-a451-67f75ee83ea7,8beae791-1455-41dd-a451-67f75ee83ea7,addr-8beae791-1455-41dd-a451-67f75ee83ea7,shipping,true,2024-08-01T00:00:00,
cb969dd8-a609-4b10-b213-d1011a90ef2b:shipping:addr-cb969dd8-a609-4b10-b213-d1011a90ef2b,cb969dd8-a609-4b10-b213-d1011a90ef2b,addr-cb969dd8-a609-4b10-b213-d1011a90ef2b,shipping,true,2024-08-01T00:00:00,
771f8441-b432-4b8a-8f8c-8890904c8a52:shipping:addr-771f8441-b432-4b8a-8f8c-8890904c8a52,771f8441-b432-4b8a-8f8c-8890904c8a52,addr-771f8441-b432-4b8a-8f8c-8890904c8a52,shipping,true,2024-08-01T00:00:00,
5350fafc-45eb-4871-a195-d1cc090f9d9c:shipping:addr-5350fafc-45eb-4871-a195-d1cc090f9d9c,5350fafc-45eb-4871-a195-d1cc090f9d9c,addr-5350fafc-45eb-4871-a195-d1cc090f9d9c,shipping,true,2024-08-01T00:00:00,
d88e53e9-6885-44c1-a0ce-e8ea44f2dcfc:shipping:addr-d88e53e9-6885-44c1-a0ce-e8ea44f2dcfc,d88e53e9-6885-44c1-a0ce-e8ea44f2dcfc,addr-d88e53e9-6885-44c1-a0ce-e8ea44f2dcfc,shipping,true,2024-08-01T00:00:00,
8a77ab59-ae1e-4b71-ab66-66bda4615cfd:shipping:addr-8a77ab59-ae1e-4b71-ab66-66bda4615cfd,8a77ab59-ae1e-4b71-ab66-66bda4615cfd,addr-8a77ab59-ae1e-4b71-ab66-66bda4615cfd,shipping,true,2024-08-01T00:00:00,
117583ee-3cd8-4690-89c9-d804aedc86a8:shipping:addr-117583ee-3cd8-4690-89c9-d804aedc86a8,117583ee-3cd8-4690-89c9-d804aedc86a8,addr-117583ee-3cd8-4690-89c9-d804aedc86a8,shipping,true,2024-08-01T00:00:00,
0d0eb3cb-f3ad-4673-8ef1-3b4600242421:shipping:addr-0d0eb3cb-f3ad-4673-8ef1-3b4600242421,0d0eb3cb-f3ad-4673-8ef1-3b4600242421,addr-0d0eb3cb-f3ad-4673-8ef1-3b4600242421,shipping,true,2024-08-01T00:00:00,
bea5ef1d-43b9-4df5-b3d1-436f675ec066:shipping:addr-bea5ef1d-43b9-4df5-b3d1-436f675ec066,bea5ef1d-43b9-4df5-b3d1-436f675ec066,addr-bea5ef1d-43b9-4df5-b3d1-436f675ec066,shipping,true,2024-08-01T00:00:00,
96e4788e-210c-4cc9-97f7-b6b855134e0b:shipping:addr-96e4788e-210c-4cc9-97f7-b6b855134e0b,96e4788e-210c-4cc9-97f7-b6b855134e0b,addr-96e4788e-210c-4cc9-97f7-b6b855134e0b,shipping,true,2024-08-01T00:00:00,
40da201b-b0f6-453a-97ca-b9d61306ad15:shipping:addr-40da201b-b0f6-453a-97ca-b9d61306ad15,40da201b-b0f6-453a-97ca-b9d61306ad15,addr-40da201b-b0f6-453a-97ca-b9d61306ad15,shipping,true,2024-08-01T00:00:00,
285bfea1-4dec-4f9d-a9f6-3b3cb20fdde9:shipping:addr-285bfea1-4dec-4f9d-a9f6-3b3cb20fdde9,285bfea1-4dec-4f9d-a9f6-3b3cb20fdde9,addr-285bfea1-4dec-4f9d-a9f6-3b3cb20fdde9,shipping,true,2024-08-01T00:00:00,
a5f46489-06cf-45af-9efd-dbd27067716c:shipping:addr-a5f46489-06cf-45af-9efd-dbd27067716c,a5f46489-06cf-45af-9efd-dbd27067716c,addr-a5f46489-06cf-45af-9efd-dbd27067716c,shipping,true,2024-08-01T00:00:00,
4ecae9d3-e8de-48eb-baf6-e76c81c58c66:shipping:addr-4ecae9d3-e8de-48eb-baf6-e76c81c58c66,4ecae9d3-e8de-48eb-baf6-e76c81c58c66,addr-4ecae9d3-e8de-48eb-baf6-e76c81c58c66,shipping,true,2024-08-01T00:00:00,
a98f640e-492a-445a-8a0d-7d444e98f1a9:shipping:addr-a98f640e-492a-445a-8a0d-7d444e98f1a9,a98f640e-492a-445a-8a0d-7d444e98f1a9,addr-a98f640e-492a-445a-8a0d-7d444e98f1a9,shipping,true,2024-08-01T00:00:00,
e50d93de-3e78-4f09-8406-df4f27f26c8f:shipping:addr-e50d93de-3e78-4f09-8406-df4f27f26c8f,e50d93de-3e78-4f09-8406-df4f27f26c8f,addr-e50d93de-3e78-4f09-8406-df4f27f26c8f,shipping,true,2024-08-01T00:00:00,
10d7cb3c-5a86-4eae-9da6-611ddf67fdd8:shipping:addr-10d7cb3c-5a86-4eae-9da6-611ddf67fdd8,10d7cb3c-5a86-4eae-9da6-611ddf67fdd8,addr-10d7cb3c-5a86-4eae-9da6-611ddf67fdd8,shipping,true,2024-08-01T00:00:00,
c6abaffa-11df-4987-9806-71dced92f534:shipping:addr-c6abaffa-11df-4987-9806-71dced92f534,c6abaffa-11df-4987-9806-71dced92f534,addr-c6abaffa-11df-4987-9806-71dced92f534,shipping,true,2024-08-01T00:00:00,
fe1ef2c8-17e9-4560-bca8-d42ce43d899f:shipping:addr-fe1ef2c8-17e9-4560-bca8-d42ce43d899f,fe1ef2c8-17e9-4560-bca8-d42ce43d899f,addr-fe1ef2c8-17e9-4560-bca8-d42ce43d899f,shipping,true,2024-08-01T00:00:00,
71ed3bfb-d094-47b4-bd02-9589f31e4c1d:shipping:addr-71ed3bfb-d094-47b4-bd02-9589f31e4c1d,71ed3bfb-d094-47b4-bd02-9589f31e4c1d,addr-71ed3bfb-d094-47b4-bd02-9589f31e4c1d,shipping,true,2024-08-01T00:00:00,
3e28e5b6-fe21-474e-b5bc-95ac85c187ad:shipping:addr-3e28e5b6-fe21-474e-b5bc-95ac85c187ad,3e28e5b6-fe21-474e-b5bc-95ac85c187ad,addr-3e28e5b6-fe21-474e-b5bc-95ac85c187ad,shipping,true,2024-08-01T00:00:00,
0a34659d-f0b2-4bdb-bf92-759aea838e90:shipping:addr-0a34659d-f0b2-4bdb-bf92-759aea838e90,0a34659d-f0b2-4bdb-bf92-759aea838e90,addr-0a34659d-f0b2-4bdb-bf92-759aea838e90,shipping,true,2024-08-01T00:00:00,
b0581066-18c7-4fcf-8fa6-a671cb141ca5:shipping:addr-b0581066-18c7-4fcf-8fa6-a671cb141ca5,b0581066-18c7-4fcf-8fa6-a671cb141ca5,addr-b0581066-18c7-4fcf-8fa6-a671cb141ca5,shipping,true,2024-08-01T00:00:00,
e0df02ff-f788-4191-9881-df0d6c775206:shipping:addr-e0df02ff-f788-4191-9881-df0d6c775206,e0df02ff-f788-4191-9881-df0d6c775206,addr-e0df02ff-f788-4191-9881-df0d6c775206,shipping,true,2024-08-01T00:00:00,
e8da2040-0489-4880-a881-ef127727f204:shipping:addr-e8da2040-0489-4880-a881-ef127727f204,e8da2040-0489-4880-a881-ef127727f204,addr-e8da2040-0489-4880-a881-ef127727f204,shipping,true,2024-08-01T00:00:00,
c50959f1-d990-44ff-837f-4062c769ae54:shipping:addr-c50959f1-d990-44ff-837f-4062c769ae54,c50959f1-d990-44ff-837f-4062c769ae54,addr-c50959f1-d990-44ff-837f-4062c769ae54,shipping,true,2024-08-01T00:00:00,
b01b46fd-8f75-4db5-806d-c5c5980008c4:shipping:addr-b01b46fd-8f75-4db5-806d-c5c5980008c4,b01b46fd-8f75-4db5-806d-c5c5980008c4,addr-b01b46fd-8f75-4db5-806d-c5c5980008c4,shipping,true,2024-08-01T00:00:00,
53ed5bac-fa7d-4b1d-a73c-6c2b9845c1d1:shipping:addr-53ed5bac-fa7d-4b1d-a73c-6c2b9845c1d1,53ed5bac-fa7d-4b1d-a73c-6c2b9845c1d1,addr-53ed5bac-fa7d-4b1d-a73c-6c2b9845c1d1,shipping,true,2024-08-01T00:00:00,
89c10b53-36ee-4f1c-8430-7090dbf04a44:shipping:addr-89c10b53-36ee-4f1c-8430-7090dbf04a44,89c10b53-36ee-4f1c-8430-7090dbf04a44,addr-89c10b53-36ee-4f1c-8430-7090dbf04a44,shipping,true,2024-08-01T00:00:00,
8fd99d74-d73b-4014-a8fa-a37b39befe36:shipping:addr-8fd99d74-d73b-4014-a8fa-a37b39befe36,8fd99d74-d73b-4014-a8fa-a37b39befe36,addr-8fd99d74-d73b-4014-a8fa-a37b39befe36,shipping,true,2024-08-01T00:00:00,
fa2a460e-af12-4197-b38d-d2822d96e879:shipping:addr-fa2a460e-af12-4197-b38d-d2822d96e879,fa2a460e-af12-4197-b38d-d2822d96e879,addr-fa2a460e-af12-4197-b38d-d2822d96e879,shipping,true,2024-08-01T00:00:00,
4a81b4c3-9e04-4757-a7c6-3191447eadc3:shipping:addr-4a81b4c3-9e04-4757-a7c6-3191447eadc3,4a81b4c3-9e04-4757-a7c6-3191447eadc3,addr-4a81b4c3-9e04-4757-a7c6-3191447eadc3,shipping,true,2024-08-01T00:00:00,
9adbebb4-c5dd-473e-b0ca-c36f10577392:shipping:addr-9adbebb4-c5dd-473e-b0ca-c36f10577392,9adbebb4-c5dd-473e-b0ca-c36f10577392,addr-9adbebb4-c5dd-473e-b0ca-c36f10577392,shipping,true,2024-08-01T00:00:00,
d64805ac-2294-4438-af7d-1f1483e8fd7b:shipping:addr-d64805ac-2294-4438-af7d-1f1483e8fd7b,d64805ac-2294-4438-af7d-1f1483e8fd7b,addr-d64805ac-2294-4438-af7d-1f1483e8fd7b,shipping,true,2024-08-01T00:00:00,
18e7baeb-a66e-4a7d-882d-355810698bc3:shipping:addr-18e7baeb-a66e-4a7d-882d-355810698bc3,18e7baeb-a66e-4a7d-882d-355810698bc3,addr-18e7baeb-a66e-4a7d-882d-355810698bc3,shipping,true,2024-08-01T00:00:00,
ec4bebdf-042b-4c0a-9846-f86a1a9685e9:shipping:addr-ec4bebdf-042b-4c0a-9846-f86a1a9685e9,ec4bebdf-042b-4c0a-9846-f86a1a9685e9,addr-ec4bebdf-042b-4c0a-9846-f86a1a9685e9,shipping,true,2024-08-01T00:00:00,
e5873f83-602d-4424-9c5e-184c56c9d4ba:shipping:addr-e5873f83-602d-4424-9c5e-184c56c9d4ba,e5873f83-602d-4424-9c5e-184c56c9d4ba,addr-e5873f83-602d-4424-9c5e-184c56c9d4ba,shipping,true,2024-08-01T00:00:00,
5bf14829-99bd-4d3c-b504-edd1e45593a0:shipping:addr-5bf14829-99bd-4d3c-b504-edd1e45593a0,5bf14829-99bd-4d3c-b504-edd1e45593a0,addr-5bf14829-99bd-4d3c-b504-edd1e45593a0,shipping,true,2024-08-01T00:00:00,
a3c5ffdb-8383-4846-a0c1-c9bf88ba6832:shipping:addr-a3c5ffdb-8383-4846-a0c1-c9bf88ba6832,a3c5ffdb-8383-4846-a0c1-c9bf88ba6832,addr-a3c5ffdb-8383-4846-a0c1-c9bf88ba6832,shipping,true,2024-08-01T00:00:00,
c502b1f4-b287-444d-b643-953150ebee0d:shipping:addr-c502b1f4-b287-444d-b643-953150ebee0d,c502b1f4-b287-444d-b643-953150ebee0d,addr-c502b1f4-b287-444d-b643-953150ebee0d,shipping,true,2024-08-01T00:00:00,
a2388294-855e-4447-a3d5-b3649380d30e:shipping:addr-a2388294-855e-4447-a3d5-b3649380d30e,a2388294-855e-4447-a3d5-b3649380d30e,addr-a2388294-855e-4447-a3d5-b3649380d30e,shipping,true,2024-08-01T00:00:00,
e9415456-41d5-4caa-84d2-e8a6d49cb1ae:shipping:addr-e9415456-41d5-4caa-84d2-e8a6d49cb1ae,e9415456-41d5-4caa-84d2-e8a6d49cb1ae,addr-e9415456-41d5-4caa-84d2-e8a6d49cb1ae,shipping,true,2024-08-01T00:00:00,
416cd82a-8e13-48b3-a6e1-dadbf5a29d2d:shipping:addr-416cd82a-8e13-48b3-a6e1-dadbf5a29d2d,416cd82a-8e13-48b3-a6e1-dadbf5a29d2d,addr-416cd82a-8e13-48b3-a6e1-dadbf5a29d2d,shipping,true,2024-08-01T00:00:00,
f9c2b37f-2e88-4008-a277-99f35c4760bf:shipping:addr-f9c2b37f-2e88-4008-a277-99f35c4760bf,f9c2b37f-2e88-4008-a277-99f35c4760bf,addr-f9c2b37f-2e88-4008-a277-99f35c4760bf,shipping,true,2024-08-01T00:00:00,
3207b0f3-9af4-4ba4-acb1-6ba8ea25f52e:shipping:addr-3207b0f3-9af4-4ba4-acb1-6ba8ea25f52e,3207b0f3-9af4-4ba4-acb1-6ba8ea25f52e,addr-3207b0f3-9af4-4ba4-acb1-6ba8ea25f52e,shipping,true,2024-08-01T00:00:00,
425be648-8195-4636-880e-d86e4cd8e38f:shipping:addr-425be648-8195-4636-880e-d86e4cd8e38f,425be648-8195-4636-880e-d86e4cd8e38f,addr-425be648-8195-4636-880e-d86e4cd8e38f,shipping,true,2024-08-01T00:00:00,
4ba45839-9bf9-4071-b1ca-52719a49c9fa:shipping:addr-4ba45839-9bf9-4071-b1ca-52719a49c9fa,4ba45839-9bf9-4071-b1ca-52719a49c9fa,addr-4ba45839-9bf9-4071-b1ca-52719a49c9fa,shipping,true,2024-08-01T00:00:00,
80968676-93cd-4bf5-a9f9-595055ff800a:shipping:addr-80968676-93cd-4bf5-a9f9-595055ff800a,80968676-93cd-4bf5-a9f9-595055ff800a,addr-80968676-93cd-4bf5-a9f9-595055ff800a,shipping,true,2024-08-01T00:00:00,
3b0faafa-80d0-490d-bdd0-fe1f13d22058:shipping:addr-3b0faafa-80d0-490d-bdd0-fe1f13d22058,3b0faafa-80d0-490d-bdd0-fe1f13d22058,addr-3b0faafa-80d0-490d-bdd0-fe1f13d22058,shipping,true,2024-08-01T00:00:00,
c052cca8-a71b-4e49-b713-c012bcfce146:shipping:addr-c052cca8-a71b-4e49-b713-c012bcfce146,c052cca8-a71b-4e49-b713-c012bcfce146,addr-c052cca8-a71b-4e49-b713-c012bcfce146,shipping,true,2024-08-01T00:00:00,
b08f3b44-9c9f-407f-a89d-961068f5f58c:shipping:addr-b08f3b44-9c9f-407f-a89d-961068f5f58c,b08f3b44-9c9f-407f-a89d-961068f5f58c,addr-b08f3b44-9c9f-407f-a89d-961068f5f58c,shipping,true,2024-08-01T00:00:00,
aa0533fd-252b-49cb-8070-77b5c88b04ee:shipping:addr-aa0533fd-252b-49cb-8070-77b5c88b04ee,aa0533fd-252b-49cb-8070-77b5c88b04ee,addr-aa0533fd-252b-49cb-8070-77b5c88b04ee,shipping,true,2024-08-01T00:00:00,
863114b5-ba0b-4849-bbc4-d76d59fd0215:shipping:addr-863114b5-ba0b-4849-bbc4-d76d59fd0215,863114b5-ba0b-4849-bbc4-d76d59fd0215,addr-863114b5-ba0b-4849-bbc4-d76d59fd0215,shipping,true,2024-08-01T00:00:00,
4b14013f-d7e7-44b8-a287-329bf6e298c3:shipping:addr-4b14013f-d7e7-44b8-a287-329bf6e298c3,4b14013f-d7e7-44b8-a287-329bf6e298c3,addr-4b14013f-d7e7-44b8-a287-329bf6e298c3,shipping,true,2024-08-01T00:00:00,
b30877a4-5c8f-4cdb-94ea-3569b516061a:shipping:addr-b30877a4-5c8f-4cdb-94ea-3569b516061a,b30877a4-5c8f-4cdb-94ea-3569b516061a,addr-b30877a4-5c8f-4cdb-94ea-3569b516061a,shipping,true,2024-08-01T00:00:00,
355d89d9-bf5a-41df-9382-a5e57cbbbec4:shipping:addr-355d89d9-bf5a-41df-9382-a5e57cbbbec4,355d89d9-bf5a-41df-9382-a5e57cbbbec4,addr-355d89d9-bf5a-41df-9382-a5e57cbbbec4,shipping,true,2024-08-01T00:00:00,
8fe1e8f7-9891-4978-ae6c-34234f35c728:shipping:addr-8fe1e8f7-9891-4978-ae6c-34234f35c728,8fe1e8f7-9891-4978-ae6c-34234f35c728,addr-8fe1e8f7-9891-4978-ae6c-34234f35c728,shipping,true,2024-08-01T00:00:00,
53352c2c-02b9-41af-b276-94d6d22379fe:shipping:addr-53352c2c-02b9-41af-b276-94d6d22379fe,53352c2c-02b9-41af-b276-94d6d22379fe,addr-53352c2c-02b9-41af-b276-94d6d22379fe,shipping,true,2024-08-01T00:00:00,
019bbbbd-bb75-49d2-8d74-d1c01012bd21:shipping:addr-019bbbbd-bb75-49d2-8d74-d1c01012bd21,019bbbbd-bb75-49d2-8d74-d1c01012bd21,addr-019bbbbd-bb75-49d2-8d74-d1c01012bd21,shipping,true,2024-08-01T00:00:00,
d45ce04e-1258-4744-ab7d-af982c28565d:shipping:addr-d45ce04e-1258-4744-ab7d-af982c28565d,d45ce04e-1258-4744-ab7d-af982c28565d,addr-d45ce04e-1258-4744-ab7d-af982c28565d,shipping,true,2024-08-01T00:00:00,
7755a749-3460-4f0c-a33c-428dccd20885:shipping:addr-7755a749-3460-4f0c-a33c-428dccd20885,7755a749-3460-4f0c-a33c-428dccd20885,addr-7755a749-3460-4f0c-a33c-428dccd20885,shipping,true,2024-08-01T00:00:00,
0f708081-5838-40db-84a9-ca8b6845336f:shipping:addr-0f708081-5838-40db-84a9-ca8b6845336f,0f708081-5838-40db-84a9-ca8b6845336f,addr-0f708081-5838-40db-84a9-ca8b6845336f,shipping,true,2024-08-01T00:00:00,
ce69d742-4723-467f-9e5d-262fff84a6a6:shipping:addr-ce69d742-4723-467f-9e5d-262fff84a6a6,ce69d742-4723-467f-9e5d-262fff84a6a6,addr-ce69d742-4723-467f-9e5d-262fff84a6a6,shipping,true,2024-08-01T00:00:00,
913a8985-53b2-4a69-b2a2-3e44370275d4:shipping:addr-913a8985-53b2-4a69-b2a2-3e44370275d4,913a8985-53b2-4a69-b2a2-3e44370275d4,addr-913a8985-53b2-4a69-b2a2-3e44370275d4,shipping,true,2024-08-01T00:00:00,
cc6e430a-d0ba-4c08-8809-84cbb2347a9f:shipping:addr-cc6e430a-d0ba-4c08-8809-84cbb2347a9f,cc6e430a-d0ba-4c08-8809-84cbb2347a9f,addr-cc6e430a-d0ba-4c08-8809-84cbb2347a9f,shipping,true,2024-08-01T00:00:00,
5f2b73d5-f495-401c-82ee-47cf4886bfa2:shipping:addr-5f2b73d5-f495-401c-82ee-47cf4886bfa2,5f2b73d5-f495-401c-82ee-47cf4886bfa2,addr-5f2b73d5-f495-401c-82ee-47cf4886bfa2,shipping,true,2024-08-01T00:00:00,
e7e3f8e8-5e9a-4cea-90ea-8ba71ec98685:shipping:addr-e7e3f8e8-5e9a-4cea-90ea-8ba71ec98685,e7e3f8e8-5e9a-4cea-90ea-8ba71ec98685,addr-e7e3f8e8-5e9a-4cea-90ea-8ba71ec98685,shipping,true,2024-08-01T00:00:00,
7902cccb-bb75-45ac-92b3-688e65d231bb:shipping:addr-7902cccb-bb75-45ac-92b3-688e65d231bb,7902cccb-bb75-45ac-92b3-688e65d231bb,addr-7902cccb-bb75-45ac-92b3-688e65d231bb,shipping,true,2024-08-01T00:00:00,
b81636bb-71f3-4ace-8eb7-628abe1eac07:shipping:addr-b81636bb-71f3-4ace-8eb7-628abe1eac07,b81636bb-71f3-4ace-8eb7-628abe1eac07,addr-b81636bb-71f3-4ace-8eb7-628abe1eac07,shipping,true,2024-08-01T00:00:00,
b66b0e13-b74e-40e7-b3e7-1583f2f08a9b:shipping:addr-b66b0e13-b74e-40e7-b3e7-1583f2f08a9b,b66b0e13-b74e-40e7-b3e7-1583f2f08a9b,addr-b66b0e13-b74e-40e7-b3e7-1583f2f08a9b,shipping,true,2024-08-01T00:00:00,
b65fff66-1997-4dd8-bc91-1349a415e4a0:shipping:addr-b65fff66-1997-4dd8-bc91-1349a415e4a0,b65fff66-1997-4dd8-bc91-1349a415e4a0,addr-b65fff66-1997-4dd8-bc91-1349a415e4a0,shipping,true,2024-08-01T00:00:00,
05e61dfb-4365-41c3-8f86-f9b259998765:shipping:addr-05e61dfb-4365-41c3-8f86-f9b259998765,05e61dfb-4365-41c3-8f86-f9b259998765,addr-05e61dfb-4365-41c3-8f86-f9b259998765,shipping,true,2024-08-01T00:00:00,
31006b42-8446-43cf-bd23-af4d84ca2c85:shipping:addr-31006b42-8446-43cf-bd23-af4d84ca2c85,31006b42-8446-43cf-bd23-af4d84ca2c85,addr-31006b42-8446-43cf-bd23-af4d84ca2c85,shipping,true,2024-08-01T00:00:00,
8f06b288-f9eb-454f-adef-47f12b7572d7:shipping:addr-8f06b288-f9eb-454f-adef-47f12b7572d7,8f06b288-f9eb-454f-adef-47f12b7572d7,addr-8f06b288-f9eb-454f-adef-47f12b7572d7,shipping,true,2024-08-01T00:00:00,
d18e4429-67b8-4ac0-8d74-6c1d026d15a7:shipping:addr-d18e4429-67b8-4ac0-8d74-6c1d026d15a7,d18e4429-67b8-4ac0-8d74-6c1d026d15a7,addr-d18e4429-67b8-4ac0-8d74-6c1d026d15a7,shipping,true,2024-08-01T00:00:00,
83864095-dda9-4a16-ab3a-ba6429fa3dbd:shipping:addr-83864095-dda9-4a16-ab3a-ba6429fa3dbd,83864095-dda9-4a16-ab3a-ba6429fa3dbd,addr-83864095-dda9-4a16-ab3a-ba6429fa3dbd,shipping,true,2024-08-01T00:00:00,
45ed3c5a-3c94-463b-91d2-73d3333fe5fc:shipping:addr-45ed3c5a-3c94-463b-91d2-73d3333fe5fc,45ed3c5a-3c94-463b-91d2-73d3333fe5fc,addr-45ed3c5a-3c94-463b-91d2-73d3333fe5fc,shipping,true,2024-08-01T00:00:00,
68f7b3c8-c205-42bc-bb75-a97603ceab5f:shipping:addr-68f7b3c8-c205-42bc-bb75-a97603ceab5f,68f7b3c8-c205-42bc-bb75-a97603ceab5f,addr-68f7b3c8-c205-42bc-bb75-a97603ceab5f,shipping,true,2024-08-01T00:00:00,
5a62f2b9-646a-4b84-b570-661ca33a139f:shipping:addr-5a62f2b9-646a-4b84-b570-661ca33a139f,5a62f2b9-646a-4b84-b570-661ca33a139f,addr-5a62f2b9-646a-4b84-b570-661ca33a139f,shipping,true,2024-08-01T00:00:00,
89c8f0cc-3bd3-4bf1-9560-ae8aad1315ce:shipping:addr-89c8f0cc-3bd3-4bf1-9560-ae8aad1315ce,89c8f0cc-3bd3-4bf1-9560-ae8aad1315ce,addr-89c8f0cc-3bd3-4bf1-9560-ae8aad1315ce,shipping,true,2024-08-01T00:00:00,
8e5c2f29-44ce-4f60-b818-8b728f60b79b:shipping:addr-8e5c2f29-44ce-4f60-b818-8b728f60b79b,8e5c2f29-44ce-4f60-b818-8b728f60b79b,addr-8e5c2f29-44ce-4f60-b818-8b728f60b79b,shipping,true,2024-08-01T00:00:00,
fd9f1577-416e-472f-aad7-7bd5c56293f5:shipping:addr-fd9f1577-416e-472f-aad7-7bd5c56293f5,fd9f1577-416e-472f-aad7-7bd5c56293f5,addr-fd9f1577-416e-472f-aad7-7bd5c56293f5,shipping,true,2024-08-01T00:00:00,
f459a5e8-b280-49fd-904a-3cd3746f4f16:shipping:addr-f459a5e8-b280-49fd-904a-3cd3746f4f16,f459a5e8-b280-49fd-904a-3cd3746f4f16,addr-f459a5e8-b280-49fd-904a-3cd3746f4f16,shipping,true,2024-08-01T00:00:00,
9813cce1-ec92-4b06-b6e3-ed8a73e34436:shipping:addr-9813cce1-ec92-4b06-b6e3-ed8a73e34436,9813cce1-ec92-4b06-b6e3-ed8a73e34436,addr-9813cce1-ec92-4b06-b6e3-ed8a73e34436,shipping,true,2024-08-01T00:00:00,
4d9a6ab4-f181-4f8c-9beb-e4cd9774b5d7:shipping:addr-4d9a6ab4-f181-4f8c-9beb-e4cd9774b5d7,4d9a6ab4-f181-4f8c-9beb-e4cd9774b5d7,addr-4d9a6ab4-f181-4f8c-9beb-e4cd9774b5d7,shipping,true,2024-08-01T00:00:00,
d6914b8f-0d72-4044-a61b-055adb02f005:shipping:addr-d6914b8f-0d72-4044-a61b-055adb02f005,d6914b8f-0d72-4044-a61b-055adb02f005,addr-d6914b8f-0d72-4044-a61b-055adb02f005,shipping,true,2024-08-01T00:00:00,
c9750567-c933-4797-9313-ec159ddcb6d2:shipping:addr-c9750567-c933-4797-9313-ec159ddcb6d2,c9750567-c933-4797-9313-ec159ddcb6d2,addr-c9750567-c933-4797-9313-ec159ddcb6d2,shipping,true,2024-08-01T00:00:00,
4232e434-92ef-4ff9-a069-d1e5312ebda2:shipping:addr-4232e434-92ef-4ff9-a069-d1e5312ebda2,4232e434-92ef-4ff9-a069-d1e5312ebda2,addr-4232e434-92ef-4ff9-a069-d1e5312ebda2,shipping,true,2024-08-01T00:00:00,
06a161e4-302f-4ae9-b96b-2734ad33f946:shipping:addr-06a161e4-302f-4ae9-b96b-2734ad33f946,06a161e4-302f-4ae9-b96b-2734ad33f946,addr-06a161e4-302f-4ae9-b96b-2734ad33f946,shipping,true,2024-08-01T00:00:00,
bf060a41-af0e-4932-b757-4f010ccf07f1:shipping:addr-bf060a41-af0e-4932-b757-4f010ccf07f1,bf060a41-af0e-4932-b757-4f010ccf07f1,addr-bf060a41-af0e-4932-b757-4f010ccf07f1,shipping,true,2024-08-01T00:00:00,
270b35bf-74ca-4601-91d8-16fe5196ca5a:shipping:addr-270b35bf-74ca-4601-91d8-16fe5196ca5a,270b35bf-74ca-4601-91d8-16fe5196ca5a,addr-270b35bf-74ca-4601-91d8-16fe5196ca5a,shipping,true,2024-08-01T00:00:00,
0488eb84-da07-441d-ba11-055850946457:shipping:addr-0488eb84-da07-441d-ba11-055850946457,0488eb84-da07-441d-ba11-055850946457,addr-0488eb84-da07-441d-ba11-055850946457,shipping,true,2024-08-01T00:00:00,
28c1b6d1-da1f-4187-98af-4e43f096b00d:shipping:addr-28c1b6d1-da1f-4187-98af-4e43f096b00d,28c1b6d1-da1f-4187-98af-4e43f096b00d,addr-28c1b6d1-da1f-4187-98af-4e43f096b00d,shipping,true,2024-08-01T00:00:00,
e52a8700-3ab9-4c47-8a16-e799e997a931:shipping:addr-e52a8700-3ab9-4c47-8a16-e799e997a931,e52a8700-3ab9-4c47-8a16-e799e997a931,addr-e52a8700-3ab9-4c47-8a16-e799e997a931,shipping,true,2024-08-01T00:00:00,
ba2bf5e1-4b63-4bb3-b83a-f10438f84258:shipping:addr-ba2bf5e1-4b63-4bb3-b83a-f10438f84258,ba2bf5e1-4b63-4bb3-b83a-f10438f84258,addr-ba2bf5e1-4b63-4bb3-b83a-f10438f84258,shipping,true,2024-08-01T00:00:00,
2f771a5a-3d76-48e3-985b-b7e91e092c46:shipping:addr-2f771a5a-3d76-48e3-985b-b7e91e092c46,2f771a5a-3d76-48e3-985b-b7e91e092c46,addr-2f771a5a-3d76-48e3-985b-b7e91e092c46,shipping,true,2024-08-01T00:00:00,
c108b321-1696-4fbd-8457-87fd61ca65d8:shipping:addr-c108b321-1696-4fbd-8457-87fd61ca65d8,c108b321-1696-4fbd-8457-87fd61ca65d8,addr-c108b321-1696-4fbd-8457-87fd61ca65d8,shipping,true,2024-08-01T00:00:00,
49c4bc11-2495-438d-9b87-3c395574433f:shipping:addr-49c4bc11-2495-438d-9b87-3c395574433f,49c4bc11-2495-438d-9b87-3c395574433f,addr-49c4bc11-2495-438d-9b87-3c395574433f,shipping,true,2024-08-01T00:00:00,
1bc088f8-fdf1-442f-9491-1287abc066d3:shipping:addr-1bc088f8-fdf1-442f-9491-1287abc066d3,1bc088f8-fdf1-442f-9491-1287abc066d3,addr-1bc088f8-fdf1-442f-9491-1287abc066d3,shipping,true,2024-08-01T00:00:00,
495a6541-1c93-4076-90e3-345d72d9c83c:shipping:addr-495a6541-1c93-4076-90e3-345d72d9c83c,495a6541-1c93-4076-90e3-345d72d9c83c,addr-495a6541-1c93-4076-90e3-345d72d9c83c,shipping,true,2024-08-01T00:00:00,
5b070f80-9227-43fd-951b-4c758d20070e:shipping:addr-5b070f80-9227-43fd-951b-4c758d20070e,5b070f80-9227-43fd-951b-4c758d20070e,addr-5b070f80-9227-43fd-951b-4c758d20070e,shipping,true,2024-08-01T00:00:00,
23fd6560-8719-45ae-a5f0-6d81f0484750:shipping:addr-23fd6560-8719-45ae-a5f0-6d81f0484750,23fd6560-8719-45ae-a5f0-6d81f0484750,addr-23fd6560-8719-45ae-a5f0-6d81f0484750,shipping,true,2024-08-01T00:00:00,
bf03895d-6d44-49a2-8183-81c4e89eac75:shipping:addr-bf03895d-6d44-49a2-8183-81c4e89eac75,bf03895d-6d44-49a2-8183-81c4e89eac75,addr-bf03895d-6d44-49a2-8183-81c4e89eac75,shipping,true,2024-08-01T00:00:00,
3eb1c53f-4af3-42d8-8608-40548ce4843d:shipping:addr-3eb1c53f-4af3-42d8-8608-40548ce4843d,3eb1c53f-4af3-42d8-8608-40548ce4843d,addr-3eb1c53f-4af3-42d8-8608-40548ce4843d,shipping,true,2024-08-01T00:00:00,
e6173937-b216-46db-b863-ec7526285150:shipping:addr-e6173937-b216-46db-b863-ec7526285150,e6173937-b216-46db-b863-ec7526285150,addr-e6173937-b216-46db-b863-ec7526285150,shipping,true,2024-08-01T00:00:00,
b43d4e7f-d2c2-4f0e-a706-cfd02d61a398:shipping:addr-b43d4e7f-d2c2-4f0e-a706-cfd02d61a398,b43d4e7f-d2c2-4f0e-a706-cfd02d61a398,addr-b43d4e7f-d2c2-4f0e-a706-cfd02d61a398,shipping,true,2024-08-01T00:00:00,
cbd53684-acf0-447d-b61b-35f8bcde6edf:shipping:addr-cbd53684-acf0-447d-b61b-35f8bcde6edf,cbd53684-acf0-447d-b61b-35f8bcde6edf,addr-cbd53684-acf0-447d-b61b-35f8bcde6edf,shipping,true,2024-08-01T00:00:00,
314d5517-f29b-49b2-a076-3abe12756120:shipping:addr-314d5517-f29b-49b2-a076-3abe12756120,314d5517-f29b-49b2-a076-3abe12756120,addr-314d5517-f29b-49b2-a076-3abe12756120,shipping,true,2024-08-01T00:00:00,
cd8175bc-ff34-4742-8b86-61ec290e632f:shipping:addr-cd8175bc-ff34-4742-8b86-61ec290e632f,cd8175bc-ff34-4742-8b86-61ec290e632f,addr-cd8175bc-ff34-4742-8b86-61ec290e632f,shipping,true,2024-08-01T00:00:00,
93c6c6a9-16fb-43ad-bd64-1ee5eccdd750:shipping:addr-93c6c6a9-16fb-43ad-bd64-1ee5eccdd750,93c6c6a9-16fb-43ad-bd64-1ee5eccdd750,addr-93c6c6a9-16fb-43ad-bd64-1ee5eccdd750,shipping,true,2024-08-01T00:00:00,
a46b9550-42ae-47e4-9a08-0f32481d5191:shipping:addr-a46b9550-42ae-47e4-9a08-0f32481d5191,a46b9550-42ae-47e4-9a08-0f32481d5191,addr-a46b9550-42ae-47e4-9a08-0f32481d5191,shipping,true,2024-08-01T00:00:00,
466ab61a-8180-4d06-90cc-2a380a0e6f0f:shipping:addr-466ab61a-8180-4d06-90cc-2a380a0e6f0f,466ab61a-8180-4d06-90cc-2a380a0e6f0f,addr-466ab61a-8180-4d06-90cc-2a380a0e6f0f,shipping,true,2024-08-01T00:00:00,
f4c0d073-250c-455a-a84a-848e56ae7048:shipping:addr-f4c0d073-250c-455a-a84a-848e56ae7048,f4c0d073-250c-455a-a84a-848e56ae7048,addr-f4c0d073-250c-455a-a84a-848e56ae7048,shipping,true,2024-08-01T00:00:00,
d10408ec-2013-471e-b6a9-e3bcf0e25322:shipping:addr-d10408ec-2013-471e-b6a9-e3bcf0e25322,d10408ec-2013-471e-b6a9-e3bcf0e25322,addr-d10408ec-2013-471e-b6a9-e3bcf0e25322,shipping,true,2024-08-01T00:00:00,
7767d63a-0293-4866-ae0a-724670463aa1:shipping:addr-7767d63a-0293-4866-ae0a-724670463aa1,7767d63a-0293-4866-ae0a-724670463aa1,addr-7767d63a-0293-4866-ae0a-724670463aa1,shipping,true,2024-08-01T00:00:00,
e69b7e32-9292-400a-b228-b3ecc6727760:shipping:addr-e69b7e32-9292-400a-b228-b3ecc6727760,e69b7e32-9292-400a-b228-b3ecc6727760,addr-e69b7e32-9292-400a-b228-b3ecc6727760,shipping,true,2024-08-01T00:00:00,
19d5ac88-a8cd-46b8-9f3d-d5ef3a0adfe2:shipping:addr-19d5ac88-a8cd-46b8-9f3d-d5ef3a0adfe2,19d5ac88-a8cd-46b8-9f3d-d5ef3a0adfe2,addr-19d5ac88-a8cd-46b8-9f3d-d5ef3a0adfe2,shipping,true,2024-08-01T00:00:00,
e215d555-cc18-4890-8969-89abf72d28ae:shipping:addr-e215d555-cc18-4890-8969-89abf72d28ae,e215d555-cc18-4890-8969-89abf72d28ae,addr-e215d555-cc18-4890-8969-89abf72d28ae,shipping,true,2024-08-01T00:00:00,
3cbc7f74-54e3-47c2-b02f-229f7ca60a5c:shipping:addr-3cbc7f74-54e3-47c2-b02f-229f7ca60a5c,3cbc7f74-54e3-47c2-b02f-229f7ca60a5c,addr-3cbc7f74-54e3-47c2-b02f-229f7ca60a5c,shipping,true,2024-08-01T00:00:00,
6d883826-0157-47c4-a6cc-cb8134bcc6db:shipping:addr-6d883826-0157-47c4-a6cc-cb8134bcc6db,6d883826-0157-47c4-a6cc-cb8134bcc6db,addr-6d883826-0157-47c4-a6cc-cb8134bcc6db,shipping,true,2024-08-01T00:00:00,
43df30db-068d-40fc-8576-7e2f6e62f2f6:shipping:addr-43df30db-068d-40fc-8576-7e2f6e62f2f6,43df30db-068d-40fc-8576-7e2f6e62f2f6,addr-43df30db-068d-40fc-8576-7e2f6e62f2f6,shipping,true,2024-08-01T00:00:00,
943fb486-16d5-4258-99e7-8340b1862e76:shipping:addr-943fb486-16d5-4258-99e7-8340b1862e76,943fb486-16d5-4258-99e7-8340b1862e76,addr-943fb486-16d5-4258-99e7-8340b1862e76,shipping,true,2024-08-01T00:00:00,
8dcd5fa7-1a1d-413e-9468-5f4b02f2f3fe:shipping:addr-8dcd5fa7-1a1d-413e-9468-5f4b02f2f3fe,8dcd5fa7-1a1d-413e-9468-5f4b02f2f3fe,addr-8dcd5fa7-1a1d-413e-9468-5f4b02f2f3fe,shipping,true,2024-08-01T00:00:00,
139f4019-998c-4c6f-8c4f-a97a756af68c:shipping:addr-139f4019-998c-4c6f-8c4f-a97a756af68c,139f4019-998c-4c6f-8c4f-a97a756af68c,addr-139f4019-998c-4c6f-8c4f-a97a756af68c,shipping,true,2024-08-01T00:00:00,
529867fe-75f6-4cd9-b913-543b3d6e583c:shipping:addr-529867fe-75f6-4cd9-b913-543b3d6e583c,529867fe-75f6-4cd9-b913-543b3d6e583c,addr-529867fe-75f6-4cd9-b913-543b3d6e583c,shipping,true,2024-08-01T00:00:00,
8e312b31-712d-4fc0-84dd-27ff2b1dd09b:shipping:addr-8e312b31-712d-4fc0-84dd-27ff2b1dd09b,8e312b31-712d-4fc0-84dd-27ff2b1dd09b,addr-8e312b31-712d-4fc0-84dd-27ff2b1dd09b,shipping,true,2024-08-01T00:00:00,
a4bf9059-6cd4-4e62-9a86-ff20975d7434:shipping:addr-a4bf9059-6cd4-4e62-9a86-ff20975d7434,a4bf9059-6cd4-4e62-9a86-ff20975d7434,addr-a4bf9059-6cd4-4e62-9a86-ff20975d7434,shipping,true,2024-08-01T00:00:00,
c5ee9489-e7ea-4da3-9a86-b34c76f6d340:shipping:addr-c5ee9489-e7ea-4da3-9a86-b34c76f6d340,c5ee9489-e7ea-4da3-9a86-b34c76f6d340,addr-c5ee9489-e7ea-4da3-9a86-b34c76f6d340,shipping,true,2024-08-01T00:00:00,
5960ff74-c2aa-4a55-9cee-c8f0532e2256:shipping:addr-5960ff74-c2aa-4a55-9cee-c8f0532e2256,5960ff74-c2aa-4a55-9cee-c8f0532e2256,addr-5960ff74-c2aa-4a55-9cee-c8f0532e2256,shipping,true,2024-08-01T00:00:00,
e100dd4b-6c96-4036-88a6-8813aa5a718f:shipping:addr-e100dd4b-6c96-4036-88a6-8813aa5a718f,e100dd4b-6c96-4036-88a6-8813aa5a718f,addr-e100dd4b-6c96-4036-88a6-8813aa5a718f,shipping,true,2024-08-01T00:00:00,
d33f758e-ba0e-463c-ba18-0cd99108c547:shipping:addr-d33f758e-ba0e-463c-ba18-0cd99108c547,d33f758e-ba0e-463c-ba18-0cd99108c547,addr-d33f758e-ba0e-463c-ba18-0cd99108c547,shipping,true,2024-08-01T00:00:00,
97bbee89-2209-4d9a-9f20-d3327baf7efe:shipping:addr-97bbee89-2209-4d9a-9f20-d3327baf7efe,97bbee89-2209-4d9a-9f20-d3327baf7efe,addr-97bbee89-2209-4d9a-9f20-d3327baf7efe,shipping,true,2024-08-01T00:00:00,
80617fda-335d-411d-aed3-ca3917a8cff2:shipping:addr-80617fda-335d-411d-aed3-ca3917a8cff2,80617fda-335d-411d-aed3-ca3917a8cff2,addr-80617fda-335d-411d-aed3-ca3917a8cff2,shipping,true,2024-08-01T00:00:00,
4d97e8a1-7720-4190-b326-dccfa2ec4426:shipping:addr-4d97e8a1-7720-4190-b326-dccfa2ec4426,4d97e8a1-7720-4190-b326-dccfa2ec4426,addr-4d97e8a1-7720-4190-b326-dccfa2ec4426,shipping,true,2024-08-01T00:00:00,
9668fd00-799b-4cff-811f-a3e0528d255d:shipping:addr-9668fd00-799b-4cff-811f-a3e0528d255d,9668fd00-799b-4cff-811f-a3e0528d255d,addr-9668fd00-799b-4cff-811f-a3e0528d255d,shipping,true,2024-08-01T00:00:00,
b745eacd-b8ee-4507-82ff-98d3c4daffc7:shipping:addr-b745eacd-b8ee-4507-82ff-98d3c4daffc7,b745eacd-b8ee-4507-82ff-98d3c4daffc7,addr-b745eacd-b8ee-4507-82ff-98d3c4daffc7,shipping,true,2024-08-01T00:00:00,
1bcdbd0d-0e2f-4fdf-a8d5-214d3b49c7e2:shipping:addr-1bcdbd0d-0e2f-4fdf-a8d5-214d3b49c7e2,1bcdbd0d-0e2f-4fdf-a8d5-214d3b49c7e2,addr-1bcdbd0d-0e2f-4fdf-a8d5-214d3b49c7e2,shipping,true,2024-08-01T00:00:00,
1c3dc001-75eb-4fb9-b3ad-59a3be5b31ac:shipping:addr-1c3dc001-75eb-4fb9-b3ad-59a3be5b31ac,1c3dc001-75eb-4fb9-b3ad-59a3be5b31ac,addr-1c3dc001-75eb-4fb9-b3ad-59a3be5b31ac,shipping,true,2024-08-01T00:00:00,
afa83ff8-2b40-47b8-8bcf-1f9285c11695:shipping:addr-afa83ff8-2b40-47b8-8bcf-1f9285c11695,afa83ff8-2b40-47b8-8bcf-1f9285c11695,addr-afa83ff8-2b40-47b8-8bcf-1f9285c11695,shipping,true,2024-08-01T00:00:00,
61004774-fb70-403c-ae81-a1e9cd187146:shipping:addr-61004774-fb70-403c-ae81-a1e9cd187146,61004774-fb70-403c-ae81-a1e9cd187146,addr-61004774-fb70-403c-ae81-a1e9cd187146,shipping,true,2024-08-01T00:00:00,
63b14504-d172-4e5e-b0fa-abd9cb43352e:shipping:addr-63b14504-d172-4e5e-b0fa-abd9cb43352e,63b14504-d172-4e5e-b0fa-abd9cb43352e,addr-63b14504-d172-4e5e-b0fa-abd9cb43352e,shipping,true,2024-08-01T00:00:00,
816f5acb-1a37-44ba-8ce8-25c40cec4d06:shipping:addr-816f5acb-1a37-44ba-8ce8-25c40cec4d06,816f5acb-1a37-44ba-8ce8-25c40cec4d06,addr-816f5acb-1a37-44ba-8ce8-25c40cec4d06,shipping,true,2024-08-01T00:00:00,
30380af9-7c90-4e56-9717-61064c5ca79c:shipping:addr-30380af9-7c90-4e56-9717-61064c5ca79c,30380af9-7c90-4e56-9717-61064c5ca79c,addr-30380af9-7c90-4e56-9717-61064c5ca79c,shipping,true,2024-08-01T00:00:00,
5bc10fee-ced7-43f1-91e5-597bd89faff6:shipping:addr-5bc10fee-ced7-43f1-91e5-597bd89faff6,5bc10fee-ced7-43f1-91e5-597bd89faff6,addr-5bc10fee-ced7-43f1-91e5-597bd89faff6,shipping,true,2024-08-01T00:00:00,
922d63c5-873c-4693-9775-df99ba006ccd:shipping:addr-922d63c5-873c-4693-9775-df99ba006ccd,922d63c5-873c-4693-9775-df99ba006ccd,addr-922d63c5-873c-4693-9775-df99ba006ccd,shipping,true,2024-08-01T00:00:00,
265cf9a7-b023-492e-9e62-3896325f1c48:shipping:addr-265cf9a7-b023-492e-9e62-3896325f1c48,265cf9a7-b023-492e-9e62-3896325f1c48,addr-265cf9a7-b023-492e-9e62-3896325f1c48,shipping,true,2024-08-01T00:00:00,
12c154ff-46ac-45a7-921c-2404994ecc21:shipping:addr-12c154ff-46ac-45a7-921c-2404994ecc21,12c154ff-46ac-45a7-921c-2404994ecc21,addr-12c154ff-46ac-45a7-921c-2404994ecc21,shipping,true,2024-08-01T00:00:00,
89b94667-2d12-4e7a-bfdd-f37056d10195:shipping:addr-89b94667-2d12-4e7a-bfdd-f37056d10195,89b94667-2d12-4e7a-bfdd-f37056d10195,addr-89b94667-2d12-4e7a-bfdd-f37056d10195,shipping,true,2024-08-01T00:00:00,
51d5c171-5764-4f95-8919-dd46d204df4b:shipping:addr-51d5c171-5764-4f95-8919-dd46d204df4b,51d5c171-5764-4f95-8919-dd46d204df4b,addr-51d5c171-5764-4f95-8919-dd46d204df4b,shipping,true,2024-08-01T00:00:00,
748db0ca-899a-4da8-8177-2fa1ec2a9302:shipping:addr-748db0ca-899a-4da8-8177-2fa1ec2a9302,748db0ca-899a-4da8-8177-2fa1ec2a9302,addr-748db0ca-899a-4da8-8177-2fa1ec2a9302,shipping,true,2024-08-01T00:00:00,
cc6587b9-1ad1-4f99-bb8b-dc23f1621ea6:shipping:addr-cc6587b9-1ad1-4f99-bb8b-dc23f1621ea6,cc6587b9-1ad1-4f99-bb8b-dc23f1621ea6,addr-cc6587b9-1ad1-4f99-bb8b-dc23f1621ea6,shipping,true,2024-08-01T00:00:00,
12d19891-03e3-455b-b4f2-7d8f8f6b8f01:shipping:addr-12d19891-03e3-455b-b4f2-7d8f8f6b8f01,12d19891-03e3-455b-b4f2-7d8f8f6b8f01,addr-12d19891-03e3-455b-b4f2-7d8f8f6b8f01,shipping,true,2024-08-01T00:00:00,
303bc5db-08d0-4431-b6df-29c80d0321da:shipping:addr-303bc5db-08d0-4431-b6df-29c80d0321da,303bc5db-08d0-4431-b6df-29c80d0321da,addr-303bc5db-08d0-4431-b6df-29c80d0321da,shipping,true,2024-08-01T00:00:00,
485b6c22-4f0b-4e0f-bfba-0c9d38a0122d:shipping:addr-485b6c22-4f0b-4e0f-bfba-0c9d38a0122d,485b6c22-4f0b-4e0f-bfba-0c9d38a0122d,addr-485b6c22-4f0b-4e0f-bfba-0c9d38a0122d,shipping,true,2024-08-01T00:00:00,
3e5dc535-3e67-47d0-8eed-547c7f51e8c9:shipping:addr-3e5dc535-3e67-47d0-8eed-547c7f51e8c9,3e5dc535-3e67-47d0-8eed-547c7f51e8c9,addr-3e5dc535-3e67-47d0-8eed-547c7f51e8c9,shipping,true,2024-08-01T00:00:00,
21e6a119-3caa-43ab-9905-08bda65f8493:shipping:addr-21e6a119-3caa-43ab-9905-08bda65f8493,21e6a119-3caa-43ab-9905-08bda65f8493,addr-21e6a119-3caa-43ab-9905-08bda65f8493,shipping,true,2024-08-01T00:00:00,
7e2a9b35-5e70-4df4-889c-34732fd2ee32:shipping:addr-7e2a9b35-5e70-4df4-889c-34732fd2ee32,7e2a9b35-5e70-4df4-889c-34732fd2ee32,addr-7e2a9b35-5e70-4df4-889c-34732fd2ee32,shipping,true,2024-08-01T00:00:00,
a59ab98c-fe50-412b-aa83-a693a561092f:shipping:addr-a59ab98c-fe50-412b-aa83-a693a561092f,a59ab98c-fe50-412b-aa83-a693a561092f,addr-a59ab98c-fe50-412b-aa83-a693a561092f,shipping,true,2024-08-01T00:00:00,
ef097aa6-f4d9-4c16-bc17-a7cc87116f35:shipping:addr-ef097aa6-f4d9-4c16-bc17-a7cc87116f35,ef097aa6-f4d9-4c16-bc17-a7cc87116f35,addr-ef097aa6-f4d9-4c16-bc17-a7cc87116f35,shipping,true,2024-08-01T00:00:00,
1d94038e-346e-4263-a10f-7fa4e5d1179e:shipping:addr-1d94038e-346e-4263-a10f-7fa4e5d1179e,1d94038e-346e-4263-a10f-7fa4e5d1179e,addr-1d94038e-346e-4263-a10f-7fa4e5d1179e,shipping,true,2024-08-01T00:00:00,
4da311cb-8e0d-487a-8fdd-4a94529db3e4:shipping:addr-4da311cb-8e0d-487a-8fdd-4a94529db3e4,4da311cb-8e0d-487a-8fdd-4a94529db3e4,addr-4da311cb-8e0d-487a-8fdd-4a94529db3e4,shipping,true,2024-08-01T00:00:00,
1922f6f3-ba06-4233-8d88-c1a9303a6a2a:shipping:addr-1922f6f3-ba06-4233-8d88-c1a9303a6a2a,1922f6f3-ba06-4233-8d88-c1a9303a6a2a,addr-1922f6f3-ba06-4233-8d88-c1a9303a6a2a,shipping,true,2024-08-01T00:00:00,
87fc5559-9d20-4780-8c0e-b7c248cd6236:shipping:addr-87fc5559-9d20-4780-8c0e-b7c248cd6236,87fc5559-9d20-4780-8c0e-b7c248cd6236,addr-87fc5559-9d20-4780-8c0e-b7c248cd6236,shipping,true,2024-08-01T00:00:00,
3ad60b3b-8b4b-4504-9d49-adfd74fe548c:shipping:addr-3ad60b3b-8b4b-4504-9d49-adfd74fe548c,3ad60b3b-8b4b-4504-9d49-adfd74fe548c,addr-3ad60b3b-8b4b-4504-9d49-adfd74fe548c,shipping,true,2024-08-01T00:00:00,
d63f06df-5e5d-4adc-b0a5-43b4bac6bf5c:shipping:addr-d63f06df-5e5d-4adc-b0a5-43b4bac6bf5c,d63f06df-5e5d-4adc-b0a5-43b4bac6bf5c,addr-d63f06df-5e5d-4adc-b0a5-43b4bac6bf5c,shipping,true,2024-08-01T00:00:00,
b0fb926f-1c66-426d-b796-e9d801b13122:shipping:addr-b0fb926f-1c66-426d-b796-e9d801b13122,b0fb926f-1c66-426d-b796-e9d801b13122,addr-b0fb926f-1c66-426d-b796-e9d801b13122,shipping,true,2024-08-01T00:00:00,
f639b5da-4c4d-46ef-8ffe-75cca075bc23:shipping:addr-f639b5da-4c4d-46ef-8ffe-75cca075bc23,f639b5da-4c4d-46ef-8ffe-75cca075bc23,addr-f639b5da-4c4d-46ef-8ffe-75cca075bc23,shipping,true,2024-08-01T00:00:00,
1acd402c-8758-4f7a-9a24-57636d44ede6:shipping:addr-1acd402c-8758-4f7a-9a24-57636d44ede6,1acd402c-8758-4f7a-9a24-57636d44ede6,addr-1acd402c-8758-4f7a-9a24-57636d44ede6,shipping,true,2024-08-01T00:00:00,
d6ca14b1-9b55-47f7-be97-787002ca26e5:shipping:addr-d6ca14b1-9b55-47f7-be97-787002ca26e5,d6ca14b1-9b55-47f7-be97-787002ca26e5,addr-d6ca14b1-9b55-47f7-be97-787002ca26e5,shipping,true,2024-08-01T00:00:00,
0313557a-f7d4-4834-be26-3977f30a5235:shipping:addr-0313557a-f7d4-4834-be26-3977f30a5235,0313557a-f7d4-4834-be26-3977f30a5235,addr-0313557a-f7d4-4834-be26-3977f30a5235,shipping,true,2024-08-01T00:00:00,
14dec3ce-7570-4c3f-af8c-e9c0d74cfcd2:shipping:addr-14dec3ce-7570-4c3f-af8c-e9c0d74cfcd2,14dec3ce-7570-4c3f-af8c-e9c0d74cfcd2,addr-14dec3ce-7570-4c3f-af8c-e9c0d74cfcd2,shipping,true,2024-08-01T00:00:00,
c630fcf6-11c8-465f-9498-0839aee67e55:shipping:addr-c630fcf6-11c8-465f-9498-0839aee67e55,c630fcf6-11c8-465f-9498-0839aee67e55,addr-c630fcf6-11c8-465f-9498-0839aee67e55,shipping,true,2024-08-01T00:00:00,
d1c356c7-a230-4e49-abb6-3eb1f58155cd:shipping:addr-d1c356c7-a230-4e49-abb6-3eb1f58155cd,d1c356c7-a230-4e49-abb6-3eb1f58155cd,addr-d1c356c7-a230-4e49-abb6-3eb1f58155cd,shipping,true,2024-08-01T00:00:00,
993cbf30-efef-49e5-b5ad-7aaf3db149a3:shipping:addr-993cbf30-efef-49e5-b5ad-7aaf3db149a3,993cbf30-efef-49e5-b5ad-7aaf3db149a3,addr-993cbf30-efef-49e5-b5ad-7aaf3db149a3,shipping,true,2024-08-01T00:00:00,
1b25718d-795f-4b30-a424-50167ae8c0ad:shipping:addr-1b25718d-795f-4b30-a424-50167ae8c0ad,1b25718d-795f-4b30-a424-50167ae8c0ad,addr-1b25718d-795f-4b30-a424-50167ae8c0ad,shipping,true,2024-08-01T00:00:00,
d3adc9f1-fd4e-45ad-9d75-0919a6617f7a:shipping:addr-d3adc9f1-fd4e-45ad-9d75-0919a6617f7a,d3adc9f1-fd4e-45ad-9d75-0919a6617f7a,addr-d3adc9f1-fd4e-45ad-9d75-0919a6617f7a,shipping,true,2024-08-01T00:00:00,
4955904c-175f-43ec-b76a-bc70d836d508:shipping:addr-4955904c-175f-43ec-b76a-bc70d836d508,4955904c-175f-43ec-b76a-bc70d836d508,addr-4955904c-175f-43ec-b76a-bc70d836d508,shipping,true,2024-08-01T00:00:00,
d4d6e685-70a2-49ea-b511-383a54d18cfa:shipping:addr-d4d6e685-70a2-49ea-b511-383a54d18cfa,d4d6e685-70a2-49ea-b511-383a54d18cfa,addr-d4d6e685-70a2-49ea-b511-383a54d18cfa,shipping,true,2024-08-01T00:00:00,
1a1fa253-a2de-457a-9397-7c6c80d5d589:shipping:addr-1a1fa253-a2de-457a-9397-7c6c80d5d589,1a1fa253-a2de-457a-9397-7c6c80d5d589,addr-1a1fa253-a2de-457a-9397-7c6c80d5d589,shipping,true,2024-08-01T00:00:00,
1380e029-b899-4413-a8da-0741720a6a06:shipping:addr-1380e029-b899-4413-a8da-0741720a6a06,1380e029-b899-4413-a8da-0741720a6a06,addr-1380e029-b899-4413-a8da-0741720a6a06,shipping,true,2024-08-01T00:00:00,
b169789c-d0e8-4853-819c-555646263d18:shipping:addr-b169789c-d0e8-4853-819c-555646263d18,b169789c-d0e8-4853-819c-555646263d18,addr-b169789c-d0e8-4853-819c-555646263d18,shipping,true,2024-08-01T00:00:00,
f4835f98-d82c-487c-8788-26a05c249db0:shipping:addr-f4835f98-d82c-487c-8788-26a05c249db0,f4835f98-d82c-487c-8788-26a05c249db0,addr-f4835f98-d82c-487c-8788-26a05c249db0,shipping,true,2024-08-01T00:00:00,
d4d6c47d-5048-4008-b088-4f13691fbefd:shipping:addr-d4d6c47d-5048-4008-b088-4f13691fbefd,d4d6c47d-5048-4008-b088-4f13691fbefd,addr-d4d6c47d-5048-4008-b088-4f13691fbefd,shipping,true,2024-08-01T00:00:00,
c712217e-16e5-4f51-a9f4-055b5176e747:shipping:addr-c712217e-16e5-4f51-a9f4-055b5176e747,c712217e-16e5-4f51-a9f4-055b5176e747,addr-c712217e-16e5-4f51-a9f4-055b5176e747,shipping,true,2024-08-01T00:00:00,
73d9c423-e9d4-428f-bfaa-b073b2c1f454:shipping:addr-73d9c423-e9d4-428f-bfaa-b073b2c1f454,73d9c423-e9d4-428f-bfaa-b073b2c1f454,addr-73d9c423-e9d4-428f-bfaa-b073b2c1f454,shipping,true,2024-08-01T00:00:00,
af3dbfea-4df6-42c8-9826-57806904f81c:shipping:addr-af3dbfea-4df6-42c8-9826-57806904f81c,af3dbfea-4df6-42c8-9826-57806904f81c,addr-af3dbfea-4df6-42c8-9826-57806904f81c,shipping,true,2024-08-01T00:00:00,
41c59ae8-bcd0-4d00-b8e9-bfaa0ce5913b:shipping:addr-41c59ae8-bcd0-4d00-b8e9-bfaa0ce5913b,41c59ae8-bcd0-4d00-b8e9-bfaa0ce5913b,addr-41c59ae8-bcd0-4d00-b8e9-bfaa0ce5913b,shipping,true,2024-08-01T00:00:00,
08ed887d-1b8b-4850-a0ef-45b78a04e4d7:shipping:addr-08ed887d-1b8b-4850-a0ef-45b78a04e4d7,08ed887d-1b8b-4850-a0ef-45b78a04e4d7,addr-08ed887d-1b8b-4850-a0ef-45b78a04e4d7,shipping,true,2024-08-01T00:00:00,
6e4bc86a-7c8c-457f-bc7a-61c6187a18f4:shipping:addr-6e4bc86a-7c8c-457f-bc7a-61c6187a18f4,6e4bc86a-7c8c-457f-bc7a-61c6187a18f4,addr-6e4bc86a-7c8c-457f-bc7a-61c6187a18f4,shipping,true,2024-08-01T00:00:00,
3c4b0324-423a-4e3b-884c-c93438a59688:shipping:addr-3c4b0324-423a-4e3b-884c-c93438a59688,3c4b0324-423a-4e3b-884c-c93438a59688,addr-3c4b0324-423a-4e3b-884c-c93438a59688,shipping,true,2024-08-01T00:00:00,
58e0c4db-27d0-4c06-9252-c40364b1ae74:shipping:addr-58e0c4db-27d0-4c06-9252-c40364b1ae74,58e0c4db-27d0-4c06-9252-c40364b1ae74,addr-58e0c4db-27d0-4c06-9252-c40364b1ae74,shipping,true,2024-08-01T00:00:00,
d7615aca-6de3-4a17-8fd0-212330ca9c28:shipping:addr-d7615aca-6de3-4a17-8fd0-212330ca9c28,d7615aca-6de3-4a17-8fd0-212330ca9c28,addr-d7615aca-6de3-4a17-8fd0-212330ca9c28,shipping,true,2024-08-01T00:00:00,
65dbcba7-fbb7-4837-ace0-5cd3cc5dd4a4:shipping:addr-65dbcba7-fbb7-4837-ace0-5cd3cc5dd4a4,65dbcba7-fbb7-4837-ace0-5cd3cc5dd4a4,addr-65dbcba7-fbb7-4837-ace0-5cd3cc5dd4a4,shipping,true,2024-08-01T00:00:00,
e60ba363-7c8f-4fba-8c98-2d4952e8fbc5:shipping:addr-e60ba363-7c8f-4fba-8c98-2d4952e8fbc5,e60ba363-7c8f-4fba-8c98-2d4952e8fbc5,addr-e60ba363-7c8f-4fba-8c98-2d4952e8fbc5,shipping,true,2024-08-01T00:00:00,
e83c866a-6830-4488-8842-ce77146d8d41:shipping:addr-e83c866a-6830-4488-8842-ce77146d8d41,e83c866a-6830-4488-8842-ce77146d8d41,addr-e83c866a-6830-4488-8842-ce77146d8d41,shipping,true,2024-08-01T00:00:00,
090fb913-1317-4169-b150-64e304451d38:shipping:addr-090fb913-1317-4169-b150-64e304451d38,090fb913-1317-4169-b150-64e304451d38,addr-090fb913-1317-4169-b150-64e304451d38,shipping,true,2024-08-01T00:00:00,
22dc524c-5b2b-4982-a2a7-2a5f5a5b9ca5:shipping:addr-22dc524c-5b2b-4982-a2a7-2a5f5a5b9ca5,22dc524c-5b2b-4982-a2a7-2a5f5a5b9ca5,addr-22dc524c-5b2b-4982-a2a7-2a5f5a5b9ca5,shipping,true,2024-08-01T00:00:00,
103fcba9-e7d7-4b76-b162-0fc8a31cfa6b:shipping:addr-103fcba9-e7d7-4b76-b162-0fc8a31cfa6b,103fcba9-e7d7-4b76-b162-0fc8a31cfa6b,addr-103fcba9-e7d7-4b76-b162-0fc8a31cfa6b,shipping,true,2024-08-01T00:00:00,
a0a83e46-f548-4a18-a79a-5ecdd85b6c8e:shipping:addr-a0a83e46-f548-4a18-a79a-5ecdd85b6c8e,a0a83e46-f548-4a18-a79a-5ecdd85b6c8e,addr-a0a83e46-f548-4a18-a79a-5ecdd85b6c8e,shipping,true,2024-08-01T00:00:00,
f8b1caa2-10e7-4302-963a-252a15b4a714:shipping:addr-f8b1caa2-10e7-4302-963a-252a15b4a714,f8b1caa2-10e7-4302-963a-252a15b4a714,addr-f8b1caa2-10e7-4302-963a-252a15b4a714,shipping,true,2024-08-01T00:00:00,
3a1577eb-7860-498f-936a-da13e16cbd8c:shipping:addr-3a1577eb-7860-498f-936a-da13e16cbd8c,3a1577eb-7860-498f-936a-da13e16cbd8c,addr-3a1577eb-7860-498f-936a-da13e16cbd8c,shipping,true,2024-08-01T00:00:00,
c8544096-3228-4db0-b3de-4f0da1974b40:shipping:addr-c8544096-3228-4db0-b3de-4f0da1974b40,c8544096-3228-4db0-b3de-4f0da1974b40,addr-c8544096-3228-4db0-b3de-4f0da1974b40,shipping,true,2024-08-01T00:00:00,
2e2960d6-f2e9-4048-b234-fb21f0f72405:shipping:addr-2e2960d6-f2e9-4048-b234-fb21f0f72405,2e2960d6-f2e9-4048-b234-fb21f0f72405,addr-2e2960d6-f2e9-4048-b234-fb21f0f72405,shipping,true,2024-08-01T00:00:00,
cf5dd5d1-b2dc-47d4-9be1-b6c0e5b07a12:shipping:addr-cf5dd5d1-b2dc-47d4-9be1-b6c0e5b07a12,cf5dd5d1-b2dc-47d4-9be1-b6c0e5b07a12,addr-cf5dd5d1-b2dc-47d4-9be1-b6c0e5b07a12,shipping,true,2024-08-01T00:00:00,
acb70464-ce97-4c94-a4bf-b165bd1b2fed:shipping:addr-acb70464-ce97-4c94-a4bf-b165bd1b2fed,acb70464-ce97-4c94-a4bf-b165bd1b2fed,addr-acb70464-ce97-4c94-a4bf-b165bd1b2fed,shipping,true,2024-08-01T00:00:00,
96aa3e1c-ce39-4f76-b813-c9b4d59c0cdc:shipping:addr-96aa3e1c-ce39-4f76-b813-c9b4d59c0cdc,96aa3e1c-ce39-4f76-b813-c9b4d59c0cdc,addr-96aa3e1c-ce39-4f76-b813-c9b4d59c0cdc,shipping,true,2024-08-01T00:00:00,
5b6d3273-0554-4f9d-bc05-2157626c1ad0:shipping:addr-5b6d3273-0554-4f9d-bc05-2157626c1ad0,5b6d3273-0554-4f9d-bc05-2157626c1ad0,addr-5b6d3273-0554-4f9d-bc05-2157626c1ad0,shipping,true,2024-08-01T00:00:00,
94638355-4830-4837-8708-12531dc89dbf:shipping:addr-94638355-4830-4837-8708-12531dc89dbf,94638355-4830-4837-8708-12531dc89dbf,addr-94638355-4830-4837-8708-12531dc89dbf,shipping,true,2024-08-01T00:00:00,
bb9bad76-c7ec-4f36-842c-54c3bbb40467:shipping:addr-bb9bad76-c7ec-4f36-842c-54c3bbb40467,bb9bad76-c7ec-4f36-842c-54c3bbb40467,addr-bb9bad76-c7ec-4f36-842c-54c3bbb40467,shipping,true,2024-08-01T00:00:00,
54c7fff7-8475-4ccd-a380-7e8187501723:shipping:addr-54c7fff7-8475-4ccd-a380-7e8187501723,54c7fff7-8475-4ccd-a380-7e8187501723,addr-54c7fff7-8475-4ccd-a380-7e8187501723,shipping,true,2024-08-01T00:00:00,
b3f95dcd-caf0-4d0c-8890-a7b8e231c6b7:shipping:addr-b3f95dcd-caf0-4d0c-8890-a7b8e231c6b7,b3f95dcd-caf0-4d0c-8890-a7b8e231c6b7,addr-b3f95dcd-caf0-4d0c-8890-a7b8e231c6b7,shipping,true,2024-08-01T00:00:00,
2347081e-7ae5-4085-a0d6-d1f551721f69:shipping:addr-2347081e-7ae5-4085-a0d6-d1f551721f69,2347081e-7ae5-4085-a0d6-d1f551721f69,addr-2347081e-7ae5-4085-a0d6-d1f551721f69,shipping,true,2024-08-01T00:00:00,
6da78127-2929-4106-a298-2b58afca0a92:shipping:addr-6da78127-2929-4106-a298-2b58afca0a92,6da78127-2929-4106-a298-2b58afca0a92,addr-6da78127-2929-4106-a298-2b58afca0a92,shipping,true,2024-08-01T00:00:00,
787f43ea-3f2a-4f90-967d-6479bad4f1a9:shipping:addr-787f43ea-3f2a-4f90-967d-6479bad4f1a9,787f43ea-3f2a-4f90-967d-6479bad4f1a9,addr-787f43ea-3f2a-4f90-967d-6479bad4f1a9,shipping,true,2024-08-01T00:00:00,
dcddb844-390f-4861-a4ee-0a32b75bb218:shipping:addr-dcddb844-390f-4861-a4ee-0a32b75bb218,dcddb844-390f-4861-a4ee-0a32b75bb218,addr-dcddb844-390f-4861-a4ee-0a32b75bb218,shipping,true,2024-08-01T00:00:00,
6deb3adf-b348-4736-a975-af07bea72c06:shipping:addr-6deb3adf-b348-4736-a975-af07bea72c06,6deb3adf-b348-4736-a975-af07bea72c06,addr-6deb3adf-b348-4736-a975-af07bea72c06,shipping,true,2024-08-01T00:00:00,
44df0dc9-35a6-4159-8141-4a8bf47c0e2b:shipping:addr-44df0dc9-35a6-4159-8141-4a8bf47c0e2b,44df0dc9-35a6-4159-8141-4a8bf47c0e2b,addr-44df0dc9-35a6-4159-8141-4a8bf47c0e2b,shipping,true,2024-08-01T00:00:00,
c2457423-d813-4e9b-8cac-e77de71eef5d:shipping:addr-c2457423-d813-4e9b-8cac-e77de71eef5d,c2457423-d813-4e9b-8cac-e77de71eef5d,addr-c2457423-d813-4e9b-8cac-e77de71eef5d,shipping,true,2024-08-01T00:00:00,
b7428f06-b3dd-477e-8569-96068f3d3dcb:shipping:addr-b7428f06-b3dd-477e-8569-96068f3d3dcb,b7428f06-b3dd-477e-8569-96068f3d3dcb,addr-b7428f06-b3dd-477e-8569-96068f3d3dcb,shipping,true,2024-08-01T00:00:00,
6f2f044e-7270-4c80-8003-fd28bb66c57c:shipping:addr-6f2f044e-7270-4c80-8003-fd28bb66c57c,6f2f044e-7270-4c80-8003-fd28bb66c57c,addr-6f2f044e-7270-4c80-8003-fd28bb66c57c,shipping,true,2024-08-01T00:00:00,
0c621caa-4854-43bb-ab8f-74e1f79ba3e4:shipping:addr-0c621caa-4854-43bb-ab8f-74e1f79ba3e4,0c621caa-4854-43bb-ab8f-74e1f79ba3e4,addr-0c621caa-4854-43bb-ab8f-74e1f79ba3e4,shipping,true,2024-08-01T00:00:00,
3cec8c73-424f-46c6-a5a7-cb5cd5141538:shipping:addr-3cec8c73-424f-46c6-a5a7-cb5cd5141538,3cec8c73-424f-46c6-a5a7-cb5cd5141538,addr-3cec8c73-424f-46c6-a5a7-cb5cd5141538,shipping,true,2024-08-01T00:00:00,
866ec748-2021-45f8-9170-6c393fca1e65:shipping:addr-866ec748-2021-45f8-9170-6c393fca1e65,866ec748-2021-45f8-9170-6c393fca1e65,addr-866ec748-2021-45f8-9170-6c393fca1e65,shipping,true,2024-08-01T00:00:00,
3dc87d1c-7942-471e-b947-26b7ec78cedb:shipping:addr-3dc87d1c-7942-471e-b947-26b7ec78cedb,3dc87d1c-7942-471e-b947-26b7ec78cedb,addr-3dc87d1c-7942-471e-b947-26b7ec78cedb,shipping,true,2024-08-01T00:00:00,
a31129ac-6e82-4a23-86f3-3d708e019069:shipping:addr-a31129ac-6e82-4a23-86f3-3d708e019069,a31129ac-6e82-4a23-86f3-3d708e019069,addr-a31129ac-6e82-4a23-86f3-3d708e019069,shipping,true,2024-08-01T00:00:00,
122af8ba-58aa-4655-b297-e90d616f0bf6:shipping:addr-122af8ba-58aa-4655-b297-e90d616f0bf6,122af8ba-58aa-4655-b297-e90d616f0bf6,addr-122af8ba-58aa-4655-b297-e90d616f0bf6,shipping,true,2024-08-01T00:00:00,
859fee02-f1ae-4067-a05f-d5db7dbbb2d4:shipping:addr-859fee02-f1ae-4067-a05f-d5db7dbbb2d4,859fee02-f1ae-4067-a05f-d5db7dbbb2d4,addr-859fee02-f1ae-4067-a05f-d5db7dbbb2d4,shipping,true,2024-08-01T00:00:00,
0c7084bc-19a5-4ad6-bb26-a25f9c09b324:shipping:addr-0c7084bc-19a5-4ad6-bb26-a25f9c09b324,0c7084bc-19a5-4ad6-bb26-a25f9c09b324,addr-0c7084bc-19a5-4ad6-bb26-a25f9c09b324,shipping,true,2024-08-01T00:00:00,
284f711a-5e5a-4929-bb5d-5ddba9a4a773:shipping:addr-284f711a-5e5a-4929-bb5d-5ddba9a4a773,284f711a-5e5a-4929-bb5d-5ddba9a4a773,addr-284f711a-5e5a-4929-bb5d-5ddba9a4a773,shipping,true,2024-08-01T00:00:00,
d50199e3-7c9b-4921-9920-d234b5fc561a:shipping:addr-d50199e3-7c9b-4921-9920-d234b5fc561a,d50199e3-7c9b-4921-9920-d234b5fc561a,addr-d50199e3-7c9b-4921-9920-d234b5fc561a,shipping,true,2024-08-01T00:00:00,
1ed31084-8b68-49ca-91d6-7162d8521c02:shipping:addr-1ed31084-8b68-49ca-91d6-7162d8521c02,1ed31084-8b68-49ca-91d6-7162d8521c02,addr-1ed31084-8b68-49ca-91d6-7162d8521c02,shipping,true,2024-08-01T00:00:00,
8e91d584-8798-4b43-a077-64b5334460b3:shipping:addr-8e91d584-8798-4b43-a077-64b5334460b3,8e91d584-8798-4b43-a077-64b5334460b3,addr-8e91d584-8798-4b43-a077-64b5334460b3,shipping,true,2024-08-01T00:00:00,
19296d35-a0df-426f-88ed-d3f5323adb8a:shipping:addr-19296d35-a0df-426f-88ed-d3f5323adb8a,19296d35-a0df-426f-88ed-d3f5323adb8a,addr-19296d35-a0df-426f-88ed-d3f5323adb8a,shipping,true,2024-08-01T00:00:00,
073c6c4c-9988-45b0-9224-7ad4e69d8c6f:shipping:addr-073c6c4c-9988-45b0-9224-7ad4e69d8c6f,073c6c4c-9988-45b0-9224-7ad4e69d8c6f,addr-073c6c4c-9988-45b0-9224-7ad4e69d8c6f,shipping,true,2024-08-01T00:00:00,
8416975a-1321-43a3-b3e1-577aee3b59ae:shipping:addr-8416975a-1321-43a3-b3e1-577aee3b59ae,8416975a-1321-43a3-b3e1-577aee3b59ae,addr-8416975a-1321-43a3-b3e1-577aee3b59ae,shipping,true,2024-08-01T00:00:00,
c37c5233-7b26-4427-8ed9-ce36cc9ceb00:shipping:addr-c37c5233-7b26-4427-8ed9-ce36cc9ceb00,c37c5233-7b26-4427-8ed9-ce36cc9ceb00,addr-c37c5233-7b26-4427-8ed9-ce36cc9ceb00,shipping,true,2024-08-01T00:00:00,
6939d1d2-fba3-4888-8c53-6898bb73c26f:shipping:addr-6939d1d2-fba3-4888-8c53-6898bb73c26f,6939d1d2-fba3-4888-8c53-6898bb73c26f,addr-6939d1d2-fba3-4888-8c53-6898bb73c26f,shipping,true,2024-08-01T00:00:00,
4feef355-aeb7-41f9-a391-7f991eeb7b15:shipping:addr-4feef355-aeb7-41f9-a391-7f991eeb7b15,4feef355-aeb7-41f9-a391-7f991eeb7b15,addr-4feef355-aeb7-41f9-a391-7f991eeb7b15,shipping,true,2024-08-01T00:00:00,
b60e68c2-1b3c-4a8b-a056-a39fb4e6a320:shipping:addr-b60e68c2-1b3c-4a8b-a056-a39fb4e6a320,b60e68c2-1b3c-4a8b-a056-a39fb4e6a320,addr-b60e68c2-1b3c-4a8b-a056-a39fb4e6a320,shipping,true,2024-08-01T00:00:00,
e58c63e7-69a9-49cb-947e-5841010ca567:shipping:addr-e58c63e7-69a9-49cb-947e-5841010ca567,e58c63e7-69a9-49cb-947e-5841010ca567,addr-e58c63e7-69a9-49cb-947e-5841010ca567,shipping,true,2024-08-01T00:00:00,
aac35f19-8d02-4c6c-b979-74da55c9ddb1:shipping:addr-aac35f19-8d02-4c6c-b979-74da55c9ddb1,aac35f19-8d02-4c6c-b979-74da55c9ddb1,addr-aac35f19-8d02-4c6c-b979-74da55c9ddb1,shipping,true,2024-08-01T00:00:00,
58ebbf6d-7eee-4180-aa0d-151621abffcf:shipping:addr-58ebbf6d-7eee-4180-aa0d-151621abffcf,58ebbf6d-7eee-4180-aa0d-151621abffcf,addr-58ebbf6d-7eee-4180-aa0d-151621abffcf,shipping,true,2024-08-01T00:00:00,
a30edde1-4a46-4acb-905c-013e285a8101:shipping:addr-a30edde1-4a46-4acb-905c-013e285a8101,a30edde1-4a46-4acb-905c-013e285a8101,addr-a30edde1-4a46-4acb-905c-013e285a8101,shipping,true,2024-08-01T00:00:00,
57476af2-aff3-4f50-9313-77926b1859bc:shipping:addr-57476af2-aff3-4f50-9313-77926b1859bc,57476af2-aff3-4f50-9313-77926b1859bc,addr-57476af2-aff3-4f50-9313-77926b1859bc,shipping,true,2024-08-01T00:00:00,
eefcf9f0-dbd0-4907-a619-121deeb825dc:shipping:addr-eefcf9f0-dbd0-4907-a619-121deeb825dc,eefcf9f0-dbd0-4907-a619-121deeb825dc,addr-eefcf9f0-dbd0-4907-a619-121deeb825dc,shipping,true,2024-08-01T00:00:00,
388a03fa-6bff-4153-afbb-2349b43c876e:shipping:addr-388a03fa-6bff-4153-afbb-2349b43c876e,388a03fa-6bff-4153-afbb-2349b43c876e,addr-388a03fa-6bff-4153-afbb-2349b43c876e,shipping,true,2024-08-01T00:00:00,
f772193d-0b52-429c-ac06-5e9986fefa68:shipping:addr-f772193d-0b52-429c-ac06-5e9986fefa68,f772193d-0b52-429c-ac06-5e9986fefa68,addr-f772193d-0b52-429c-ac06-5e9986fefa68,shipping,true,2024-08-01T00:00:00,
33f27548-d085-481a-aa4f-a851fbebe0cd:shipping:addr-33f27548-d085-481a-aa4f-a851fbebe0cd,33f27548-d085-481a-aa4f-a851fbebe0cd,addr-33f27548-d085-481a-aa4f-a851fbebe0cd,shipping,true,2024-08-01T00:00:00,
631f0e93-e48f-414d-b220-0c466b7fc584:shipping:addr-631f0e93-e48f-414d-b220-0c466b7fc584,631f0e93-e48f-414d-b220-0c466b7fc584,addr-631f0e93-e48f-414d-b220-0c466b7fc584,shipping,true,2024-08-01T00:00:00,
bbffd265-99c5-491d-a03e-fee1fec9e123:shipping:addr-bbffd265-99c5-491d-a03e-fee1fec9e123,bbffd265-99c5-491d-a03e-fee1fec9e123,addr-bbffd265-99c5-491d-a03e-fee1fec9e123,shipping,true,2024-08-01T00:00:00,
a3f993fd-aeaa-43c7-9e5c-9ad7b7c0f8d9:shipping:addr-a3f993fd-aeaa-43c7-9e5c-9ad7b7c0f8d9,a3f993fd-aeaa-43c7-9e5c-9ad7b7c0f8d9,addr-a3f993fd-aeaa-43c7-9e5c-9ad7b7c0f8d9,shipping,true,2024-08-01T00:00:00,
3d0fd916-f8d9-4f59-9d2f-75d16ed75c58:shipping:addr-3d0fd916-f8d9-4f59-9d2f-75d16ed75c58,3d0fd916-f8d9-4f59-9d2f-75d16ed75c58,addr-3d0fd916-f8d9-4f59-9d2f-75d16ed75c58,shipping,true,2024-08-01T00:00:00,
66975479-1eec-445e-a34d-78b59cc44f64:shipping:addr-66975479-1eec-445e-a34d-78b59cc44f64,66975479-1eec-445e-a34d-78b59cc44f64,addr-66975479-1eec-445e-a34d-78b59cc44f64,shipping,true,2024-08-01T00:00:00,
a4c57aeb-c65a-4a1c-954e-acc7a7ba7c74:shipping:addr-a4c57aeb-c65a-4a1c-954e-acc7a7ba7c74,a4c57aeb-c65a-4a1c-954e-acc7a7ba7c74,addr-a4c57aeb-c65a-4a1c-954e-acc7a7ba7c74,shipping,true,2024-08-01T00:00:00,
26ce484a-a527-4fe1-903f-2809a03fd21a:shipping:addr-26ce484a-a527-4fe1-903f-2809a03fd21a,26ce484a-a527-4fe1-903f-2809a03fd21a,addr-26ce484a-a527-4fe1-903f-2809a03fd21a,shipping,true,2024-08-01T00:00:00,
f6489f0b-4a7a-4dd2-97d4-d0008f662858:shipping:addr-f6489f0b-4a7a-4dd2-97d4-d0008f662858,f6489f0b-4a7a-4dd2-97d4-d0008f662858,addr-f6489f0b-4a7a-4dd2-97d4-d0008f662858,shipping,true,2024-08-01T00:00:00,
1a1e8918-e445-4bc0-8fa1-5a470711d51d:shipping:addr-1a1e8918-e445-4bc0-8fa1-5a470711d51d,1a1e8918-e445-4bc0-8fa1-5a470711d51d,addr-1a1e8918-e445-4bc0-8fa1-5a470711d51d,shipping,true,2024-08-01T00:00:00,
01a03f19-633a-4474-990e-57e75b98e60b:shipping:addr-01a03f19-633a-4474-990e-57e75b98e60b,01a03f19-633a-4474-990e-57e75b98e60b,addr-01a03f19-633a-4474-990e-57e75b98e60b,shipping,true,2024-08-01T00:00:00,
c401aa52-5d86-4872-a6fc-75f431023457:shipping:addr-c401aa52-5d86-4872-a6fc-75f431023457,c401aa52-5d86-4872-a6fc-75f431023457,addr-c401aa52-5d86-4872-a6fc-75f431023457,shipping,true,2024-08-01T00:00:00,
cf2dbf35-0461-492d-81bd-a783c553409a:shipping:addr-cf2dbf35-0461-492d-81bd-a783c553409a,cf2dbf35-0461-492d-81bd-a783c553409a,addr-cf2dbf35-0461-492d-81bd-a783c553409a,shipping,true,2024-08-01T00:00:00,
8699b9d8-d299-411d-82bc-9ee94abdf576:shipping:addr-8699b9d8-d299-411d-82bc-9ee94abdf576,8699b9d8-d299-411d-82bc-9ee94abdf576,addr-8699b9d8-d299-411d-82bc-9ee94abdf576,shipping,true,2024-08-01T00:00:00,
ed46daf6-4c46-4af8-a80d-c0cf0b307966:shipping:addr-ed46daf6-4c46-4af8-a80d-c0cf0b307966,ed46daf6-4c46-4af8-a80d-c0cf0b307966,addr-ed46daf6-4c46-4af8-a80d-c0cf0b307966,shipping,true,2024-08-01T00:00:00,
298ca377-a08e-4e0d-91d6-b0b5aff14c1b:shipping:addr-298ca377-a08e-4e0d-91d6-b0b5aff14c1b,298ca377-a08e-4e0d-91d6-b0b5aff14c1b,addr-298ca377-a08e-4e0d-91d6-b0b5aff14c1b,shipping,true,2024-08-01T00:00:00,
333d41f0-5f4d-48cb-b3bd-042814f9b7f8:shipping:addr-333d41f0-5f4d-48cb-b3bd-042814f9b7f8,333d41f0-5f4d-48cb-b3bd-042814f9b7f8,addr-333d41f0-5f4d-48cb-b3bd-042814f9b7f8,shipping,true,2024-08-01T00:00:00,
0d78df79-b2dc-4cea-b7a0-712c91c0433d:shipping:addr-0d78df79-b2dc-4cea-b7a0-712c91c0433d,0d78df79-b2dc-4cea-b7a0-712c91c0433d,addr-0d78df79-b2dc-4cea-b7a0-712c91c0433d,shipping,true,2024-08-01T00:00:00,
26ef1453-7eb5-4f13-9c8c-22a3f738d060:shipping:addr-26ef1453-7eb5-4f13-9c8c-22a3f738d060,26ef1453-7eb5-4f13-9c8c-22a3f738d060,addr-26ef1453-7eb5-4f13-9c8c-22a3f738d060,shipping,true,2024-08-01T00:00:00,
62b38185-a937-473c-b04e-833be36219e6:shipping:addr-62b38185-a937-473c-b04e-833be36219e6,62b38185-a937-473c-b04e-833be36219e6,addr-62b38185-a937-473c-b04e-833be36219e6,shipping,true,2024-08-01T00:00:00,
701ab460-123c-42eb-bae0-fbe7a111ebd7:shipping:addr-701ab460-123c-42eb-bae0-fbe7a111ebd7,701ab460-123c-42eb-bae0-fbe7a111ebd7,addr-701ab460-123c-42eb-bae0-fbe7a111ebd7,shipping,true,2024-08-01T00:00:00,
6a9699dc-eba5-4045-9b96-91504f0cfe77:shipping:addr-6a9699dc-eba5-4045-9b96-91504f0cfe77,6a9699dc-eba5-4045-9b96-91504f0cfe77,addr-6a9699dc-eba5-4045-9b96-91504f0cfe77,shipping,true,2024-08-01T00:00:00,
3218db6b-84e5-453d-8de9-a966eecbacc6:shipping:addr-3218db6b-84e5-453d-8de9-a966eecbacc6,3218db6b-84e5-453d-8de9-a966eecbacc6,addr-3218db6b-84e5-453d-8de9-a966eecbacc6,shipping,true,2024-08-01T00:00:00,
cf1ff13a-ac47-45d6-92eb-1583ead19df6:shipping:addr-cf1ff13a-ac47-45d6-92eb-1583ead19df6,cf1ff13a-ac47-45d6-92eb-1583ead19df6,addr-cf1ff13a-ac47-45d6-92eb-1583ead19df6,shipping,true,2024-08-01T00:00:00,
0ea8c796-5c53-421e-9442-830bc190960b:shipping:addr-0ea8c796-5c53-421e-9442-830bc190960b,0ea8c796-5c53-421e-9442-830bc190960b,addr-0ea8c796-5c53-421e-9442-830bc190960b,shipping,true,2024-08-01T00:00:00,
6a7675ef-2c9d-4e2d-80c0-b5f38fffb6ea:shipping:addr-6a7675ef-2c9d-4e2d-80c0-b5f38fffb6ea,6a7675ef-2c9d-4e2d-80c0-b5f38fffb6ea,addr-6a7675ef-2c9d-4e2d-80c0-b5f38fffb6ea,shipping,true,2024-08-01T00:00:00,
4126c950-a88a-4305-895c-96d7e076897e:shipping:addr-4126c950-a88a-4305-895c-96d7e076897e,4126c950-a88a-4305-895c-96d7e076897e,addr-4126c950-a88a-4305-895c-96d7e076897e,shipping,true,2024-08-01T00:00:00,
8e5821f5-d035-421b-a56a-6ed02c100432:shipping:addr-8e5821f5-d035-421b-a56a-6ed02c100432,8e5821f5-d035-421b-a56a-6ed02c100432,addr-8e5821f5-d035-421b-a56a-6ed02c100432,shipping,true,2024-08-01T00:00:00,
d7290d30-60da-438f-a6f7-99a66828a1ba:shipping:addr-d7290d30-60da-438f-a6f7-99a66828a1ba,d7290d30-60da-438f-a6f7-99a66828a1ba,addr-d7290d30-60da-438f-a6f7-99a66828a1ba,shipping,true,2024-08-01T00:00:00,
3eaef1e6-c145-417b-875b-96a83a8a8dc8:shipping:addr-3eaef1e6-c145-417b-875b-96a83a8a8dc8,3eaef1e6-c145-417b-875b-96a83a8a8dc8,addr-3eaef1e6-c145-417b-875b-96a83a8a8dc8,shipping,true,2024-08-01T00:00:00,
187d49e0-634f-4e10-a10c-3b0be7408be0:shipping:addr-187d49e0-634f-4e10-a10c-3b0be7408be0,187d49e0-634f-4e10-a10c-3b0be7408be0,addr-187d49e0-634f-4e10-a10c-3b0be7408be0,shipping,true,2024-08-01T00:00:00,
36654075-c818-484d-aa9f-b6e8834b1bd5:shipping:addr-36654075-c818-484d-aa9f-b6e8834b1bd5,36654075-c818-484d-aa9f-b6e8834b1bd5,addr-36654075-c818-484d-aa9f-b6e8834b1bd5,shipping,true,2024-08-01T00:00:00,
7160f724-2528-4ac3-ba79-b6e99e6b8a01:shipping:addr-7160f724-2528-4ac3-ba79-b6e99e6b8a01,7160f724-2528-4ac3-ba79-b6e99e6b8a01,addr-7160f724-2528-4ac3-ba79-b6e99e6b8a01,shipping,true,2024-08-01T00:00:00,
1f2b91fc-75c1-4628-aec0-5cbebc88f0bf:shipping:addr-1f2b91fc-75c1-4628-aec0-5cbebc88f0bf,1f2b91fc-75c1-4628-aec0-5cbebc88f0bf,addr-1f2b91fc-75c1-4628-aec0-5cbebc88f0bf,shipping,true,2024-08-01T00:00:00,
63af441d-70c7-4c4e-b495-80b967849285:shipping:addr-63af441d-70c7-4c4e-b495-80b967849285,63af441d-70c7-4c4e-b495-80b967849285,addr-63af441d-70c7-4c4e-b495-80b967849285,shipping,true,2024-08-01T00:00:00,
eb16c915-257c-4e0d-8f75-ef88a49065b6:shipping:addr-eb16c915-257c-4e0d-8f75-ef88a49065b6,eb16c915-257c-4e0d-8f75-ef88a49065b6,addr-eb16c915-257c-4e0d-8f75-ef88a49065b6,shipping,true,2024-08-01T00:00:00,
9e22e2d2-ef3f-4b75-8aa0-f3ae453183e1:shipping:addr-9e22e2d2-ef3f-4b75-8aa0-f3ae453183e1,9e22e2d2-ef3f-4b75-8aa0-f3ae453183e1,addr-9e22e2d2-ef3f-4b75-8aa0-f3ae453183e1,shipping,true,2024-08-01T00:00:00,
05f69a50-2703-4591-a792-14e2e5994b43:shipping:addr-05f69a50-2703-4591-a792-14e2e5994b43,05f69a50-2703-4591-a792-14e2e5994b43,addr-05f69a50-2703-4591-a792-14e2e5994b43,shipping,true,2024-08-01T00:00:00,
31d39d83-97c5-4a86-8d98-c9ea5e4d6505:shipping:addr-31d39d83-97c5-4a86-8d98-c9ea5e4d6505,31d39d83-97c5-4a86-8d98-c9ea5e4d6505,addr-31d39d83-97c5-4a86-8d98-c9ea5e4d6505,shipping,true,2024-08-01T00:00:00,
a2ae6f2d-02bc-447f-9852-0d197780e7d4:shipping:addr-a2ae6f2d-02bc-447f-9852-0d197780e7d4,a2ae6f2d-02bc-447f-9852-0d197780e7d4,addr-a2ae6f2d-02bc-447f-9852-0d197780e7d4,shipping,true,2024-08-01T00:00:00,
672a02fc-236c-4c57-9ef9-218b783ce0e3:shipping:addr-672a02fc-236c-4c57-9ef9-218b783ce0e3,672a02fc-236c-4c57-9ef9-218b783ce0e3,addr-672a02fc-236c-4c57-9ef9-218b783ce0e3,shipping,true,2024-08-01T00:00:00,
c9d0d7ff-0b5c-4b60-ac5e-0389909cf62a:shipping:addr-c9d0d7ff-0b5c-4b60-ac5e-0389909cf62a,c9d0d7ff-0b5c-4b60-ac5e-0389909cf62a,addr-c9d0d7ff-0b5c-4b60-ac5e-0389909cf62a,shipping,true,2024-08-01T00:00:00,
caa8f40a-63c6-4789-87ad-05b99d694a15:shipping:addr-caa8f40a-63c6-4789-87ad-05b99d694a15,caa8f40a-63c6-4789-87ad-05b99d694a15,addr-caa8f40a-63c6-4789-87ad-05b99d694a15,shipping,true,2024-08-01T00:00:00,
a2053515-1d0d-41cb-a47d-485aed398e8b:shipping:addr-a2053515-1d0d-41cb-a47d-485aed398e8b,a2053515-1d0d-41cb-a47d-485aed398e8b,addr-a2053515-1d0d-41cb-a47d-485aed398e8b,shipping,true,2024-08-01T00:00:00,
85e030d5-7bbc-494b-baab-665c95549265:shipping:addr-85e030d5-7bbc-494b-baab-665c95549265,85e030d5-7bbc-494b-baab-665c95549265,addr-85e030d5-7bbc-494b-baab-665c95549265,shipping,true,2024-08-01T00:00:00,
e4adb740-2faa-44fc-bc18-4aa698032414:shipping:addr-e4adb740-2faa-44fc-bc18-4aa698032414,e4adb740-2faa-44fc-bc18-4aa698032414,addr-e4adb740-2faa-44fc-bc18-4aa698032414,shipping,true,2024-08-01T00:00:00,
8678daa5-37e5-4e54-8c81-551df8fb8c0a:shipping:addr-8678daa5-37e5-4e54-8c81-551df8fb8c0a,8678daa5-37e5-4e54-8c81-551df8fb8c0a,addr-8678daa5-37e5-4e54-8c81-551df8fb8c0a,shipping,true,2024-08-01T00:00:00,
4fc0f100-7ad9-49a8-9620-f0e3a0e42a80:shipping:addr-4fc0f100-7ad9-49a8-9620-f0e3a0e42a80,4fc0f100-7ad9-49a8-9620-f0e3a0e42a80,addr-4fc0f100-7ad9-49a8-9620-f0e3a0e42a80,shipping,true,2024-08-01T00:00:00,
6a49a618-20de-4b7a-af94-1b4afeb9a85e:shipping:addr-6a49a618-20de-4b7a-af94-1b4afeb9a85e,6a49a618-20de-4b7a-af94-1b4afeb9a85e,addr-6a49a618-20de-4b7a-af94-1b4afeb9a85e,shipping,true,2024-08-01T00:00:00,
d77ac8a9-6445-4f65-9a77-b0fb3abe853d:shipping:addr-d77ac8a9-6445-4f65-9a77-b0fb3abe853d,d77ac8a9-6445-4f65-9a77-b0fb3abe853d,addr-d77ac8a9-6445-4f65-9a77-b0fb3abe853d,shipping,true,2024-08-01T00:00:00,
27e89b40-f32c-4604-8a79-6d1613bde382:shipping:addr-27e89b40-f32c-4604-8a79-6d1613bde382,27e89b40-f32c-4604-8a79-6d1613bde382,addr-27e89b40-f32c-4604-8a79-6d1613bde382,shipping,true,2024-08-01T00:00:00,
fc41d86f-78f3-476a-882c-3eafc02d61f2:shipping:addr-fc41d86f-78f3-476a-882c-3eafc02d61f2,fc41d86f-78f3-476a-882c-3eafc02d61f2,addr-fc41d86f-78f3-476a-882c-3eafc02d61f2,shipping,true,2024-08-01T00:00:00,
d0299f60-146d-4716-bc55-eb830a04779e:shipping:addr-d0299f60-146d-4716-bc55-eb830a04779e,d0299f60-146d-4716-bc55-eb830a04779e,addr-d0299f60-146d-4716-bc55-eb830a04779e,shipping,true,2024-08-01T00:00:00,
3b5801eb-5e85-44e1-abb0-6e1879e5e0ac:shipping:addr-3b5801eb-5e85-44e1-abb0-6e1879e5e0ac,3b5801eb-5e85-44e1-abb0-6e1879e5e0ac,addr-3b5801eb-5e85-44e1-abb0-6e1879e5e0ac,shipping,true,2024-08-01T00:00:00,
63b6d2f8-4e38-4b4c-bf67-6651399b4453:shipping:addr-63b6d2f8-4e38-4b4c-bf67-6651399b4453,63b6d2f8-4e38-4b4c-bf67-6651399b4453,addr-63b6d2f8-4e38-4b4c-bf67-6651399b4453,shipping,true,2024-08-01T00:00:00,
d47fa6a3-60cc-4d46-8dc2-9b3fd5e43153:shipping:addr-d47fa6a3-60cc-4d46-8dc2-9b3fd5e43153,d47fa6a3-60cc-4d46-8dc2-9b3fd5e43153,addr-d47fa6a3-60cc-4d46-8dc2-9b3fd5e43153,shipping,true,2024-08-01T00:00:00,
aeea9d66-6c0a-4d7b-95ee-d3d25c66a5ac:shipping:addr-aeea9d66-6c0a-4d7b-95ee-d3d25c66a5ac,aeea9d66-6c0a-4d7b-95ee-d3d25c66a5ac,addr-aeea9d66-6c0a-4d7b-95ee-d3d25c66a5ac,shipping,true,2024-08-01T00:00:00,
a3d91be1-b5d9-4d3c-bdd8-ab49cd378f30:shipping:addr-a3d91be1-b5d9-4d3c-bdd8-ab49cd378f30,a3d91be1-b5d9-4d3c-bdd8-ab49cd378f30,addr-a3d91be1-b5d9-4d3c-bdd8-ab49cd378f30,shipping,true,2024-08-01T00:00:00,
8020c8de-2e83-4aae-8bd6-638db33f0978:shipping:addr-8020c8de-2e83-4aae-8bd6-638db33f0978,8020c8de-2e83-4aae-8bd6-638db33f0978,addr-8020c8de-2e83-4aae-8bd6-638db33f0978,shipping,true,2024-08-01T00:00:00,
f3abecde-d032-4605-876c-6373a9a9e65b:shipping:addr-f3abecde-d032-4605-876c-6373a9a9e65b,f3abecde-d032-4605-876c-6373a9a9e65b,addr-f3abecde-d032-4605-876c-6373a9a9e65b,shipping,true,2024-08-01T00:00:00,
35292459-521c-4d3a-a786-3b68116663fc:shipping:addr-35292459-521c-4d3a-a786-3b68116663fc,35292459-521c-4d3a-a786-3b68116663fc,addr-35292459-521c-4d3a-a786-3b68116663fc,shipping,true,2024-08-01T00:00:00,
b998f134-9c6e-4e5b-9a37-d0d9dbc72f85:shipping:addr-b998f134-9c6e-4e5b-9a37-d0d9dbc72f85,b998f134-9c6e-4e5b-9a37-d0d9dbc72f85,addr-b998f134-9c6e-4e5b-9a37-d0d9dbc72f85,shipping,true,2024-08-01T00:00:00,
dccd3e5d-2076-4fc6-aa79-87579e134ce1:shipping:addr-dccd3e5d-2076-4fc6-aa79-87579e134ce1,dccd3e5d-2076-4fc6-aa79-87579e134ce1,addr-dccd3e5d-2076-4fc6-aa79-87579e134ce1,shipping,true,2024-08-01T00:00:00,
0abcb3b4-7e1c-4638-a21c-af1df3702f27:shipping:addr-0abcb3b4-7e1c-4638-a21c-af1df3702f27,0abcb3b4-7e1c-4638-a21c-af1df3702f27,addr-0abcb3b4-7e1c-4638-a21c-af1df3702f27,shipping,true,2024-08-01T00:00:00,
2ef2eede-fcc3-4c79-a843-4f5ae828d591:shipping:addr-2ef2eede-fcc3-4c79-a843-4f5ae828d591,2ef2eede-fcc3-4c79-a843-4f5ae828d591,addr-2ef2eede-fcc3-4c79-a843-4f5ae828d591,shipping,true,2024-08-01T00:00:00,
1c4373e3-238c-46b7-83f5-6cf757228aba:shipping:addr-1c4373e3-238c-46b7-83f5-6cf757228aba,1c4373e3-238c-46b7-83f5-6cf757228aba,addr-1c4373e3-238c-46b7-83f5-6cf757228aba,shipping,true,2024-08-01T00:00:00,
b761dca2-f8ff-4709-b645-9b0591dfa353:shipping:addr-b761dca2-f8ff-4709-b645-9b0591dfa353,b761dca2-f8ff-4709-b645-9b0591dfa353,addr-b761dca2-f8ff-4709-b645-9b0591dfa353,shipping,true,2024-08-01T00:00:00,
98c7adf1-31bc-45c1-85fb-dbf53b4a53e2:shipping:addr-98c7adf1-31bc-45c1-85fb-dbf53b4a53e2,98c7adf1-31bc-45c1-85fb-dbf53b4a53e2,addr-98c7adf1-31bc-45c1-85fb-dbf53b4a53e2,shipping,true,2024-08-01T00:00:00,
6bb94756-3d64-40f4-9ecb-bc26ede41625:shipping:addr-6bb94756-3d64-40f4-9ecb-bc26ede41625,6bb94756-3d64-40f4-9ecb-bc26ede41625,addr-6bb94756-3d64-40f4-9ecb-bc26ede41625,shipping,true,2024-08-01T00:00:00,
efb0203d-c970-47ec-8644-2090a658224b:shipping:addr-efb0203d-c970-47ec-8644-2090a658224b,efb0203d-c970-47ec-8644-2090a658224b,addr-efb0203d-c970-47ec-8644-2090a658224b,shipping,true,2024-08-01T00:00:00,
6fcd3399-b9d5-4ab0-9d50-385be83fec9c:shipping:addr-6fcd3399-b9d5-4ab0-9d50-385be83fec9c,6fcd3399-b9d5-4ab0-9d50-385be83fec9c,addr-6fcd3399-b9d5-4ab0-9d50-385be83fec9c,shipping,true,2024-08-01T00:00:00,
7e7c62c1-b8a8-4e9a-ab94-81a82d76e3e5:shipping:addr-7e7c62c1-b8a8-4e9a-ab94-81a82d76e3e5,7e7c62c1-b8a8-4e9a-ab94-81a82d76e3e5,addr-7e7c62c1-b8a8-4e9a-ab94-81a82d76e3e5,shipping,true,2024-08-01T00:00:00,
bf32ccad-096c-457c-9147-6f220d46e227:shipping:addr-bf32ccad-096c-457c-9147-6f220d46e227,bf32ccad-096c-457c-9147-6f220d46e227,addr-bf32ccad-096c-457c-9147-6f220d46e227,shipping,true,2024-08-01T00:00:00,
5b4df518-7c6e-4957-8906-e33505acee31:shipping:addr-5b4df518-7c6e-4957-8906-e33505acee31,5b4df518-7c6e-4957-8906-e33505acee31,addr-5b4df518-7c6e-4957-8906-e33505acee31,shipping,true,2024-08-01T00:00:00,
212484cd-56e9-4934-ab9b-69d43228ee16:shipping:addr-212484cd-56e9-4934-ab9b-69d43228ee16,212484cd-56e9-4934-ab9b-69d43228ee16,addr-212484cd-56e9-4934-ab9b-69d43228ee16,shipping,true,2024-08-01T00:00:00,
1439dc05-4ab9-4995-90c7-d9437ae94f50:shipping:addr-1439dc05-4ab9-4995-90c7-d9437ae94f50,1439dc05-4ab9-4995-90c7-d9437ae94f50,addr-1439dc05-4ab9-4995-90c7-d9437ae94f50,shipping,true,2024-08-01T00:00:00,
91c5349a-5fb8-43b5-8af3-1b0018617bc3:shipping:addr-91c5349a-5fb8-43b5-8af3-1b0018617bc3,91c5349a-5fb8-43b5-8af3-1b0018617bc3,addr-91c5349a-5fb8-43b5-8af3-1b0018617bc3,shipping,true,2024-08-01T00:00:00,
e6debecd-a5cf-4ced-957e-7fb31720480c:shipping:addr-e6debecd-a5cf-4ced-957e-7fb31720480c,e6debecd-a5cf-4ced-957e-7fb31720480c,addr-e6debecd-a5cf-4ced-957e-7fb31720480c,shipping,true,2024-08-01T00:00:00,
c11308cb-8153-4e7b-9149-9b6b5c0aa137:shipping:addr-c11308cb-8153-4e7b-9149-9b6b5c0aa137,c11308cb-8153-4e7b-9149-9b6b5c0aa137,addr-c11308cb-8153-4e7b-9149-9b6b5c0aa137,shipping,true,2024-08-01T00:00:00,
7c0459a0-2d38-460e-8653-72aefbf15570:shipping:addr-7c0459a0-2d38-460e-8653-72aefbf15570,7c0459a0-2d38-460e-8653-72aefbf15570,addr-7c0459a0-2d38-460e-8653-72aefbf15570,shipping,true,2024-08-01T00:00:00,
43086963-8392-432e-84e0-ef1902202b4c:shipping:addr-43086963-8392-432e-84e0-ef1902202b4c,43086963-8392-432e-84e0-ef1902202b4c,addr-43086963-8392-432e-84e0-ef1902202b4c,shipping,true,2024-08-01T00:00:00,
d78e6e3f-3ff1-49b6-9dcb-129816aa0ecb:shipping:addr-d78e6e3f-3ff1-49b6-9dcb-129816aa0ecb,d78e6e3f-3ff1-49b6-9dcb-129816aa0ecb,addr-d78e6e3f-3ff1-49b6-9dcb-129816aa0ecb,shipping,true,2024-08-01T00:00:00,
2f76575f-2d85-40ca-8f3b-82b14debc678:shipping:addr-2f76575f-2d85-40ca-8f3b-82b14debc678,2f76575f-2d85-40ca-8f3b-82b14debc678,addr-2f76575f-2d85-40ca-8f3b-82b14debc678,shipping,true,2024-08-01T00:00:00,
fd12529b-56bd-40cf-a742-a90ad36add5e:shipping:addr-fd12529b-56bd-40cf-a742-a90ad36add5e,fd12529b-56bd-40cf-a742-a90ad36add5e,addr-fd12529b-56bd-40cf-a742-a90ad36add5e,shipping,true,2024-08-01T00:00:00,
6aff094b-52ed-46fe-8904-5752ec7e76ec:shipping:addr-6aff094b-52ed-46fe-8904-5752ec7e76ec,6aff094b-52ed-46fe-8904-5752ec7e76ec,addr-6aff094b-52ed-46fe-8904-5752ec7e76ec,shipping,true,2024-08-01T00:00:00,
fe21b6ad-ebab-42b3-b5ed-ad3529036009:shipping:addr-fe21b6ad-ebab-42b3-b5ed-ad3529036009,fe21b6ad-ebab-42b3-b5ed-ad3529036009,addr-fe21b6ad-ebab-42b3-b5ed-ad3529036009,shipping,true,2024-08-01T00:00:00,
77475cfc-c7a4-44fd-aa82-b68053aa7540:shipping:addr-77475cfc-c7a4-44fd-aa82-b68053aa7540,77475cfc-c7a4-44fd-aa82-b68053aa7540,addr-77475cfc-c7a4-44fd-aa82-b68053aa7540,shipping,true,2024-08-01T00:00:00,
2f0fa97b-f713-40a9-8e11-3e18580cd97b:shipping:addr-2f0fa97b-f713-40a9-8e11-3e18580cd97b,2f0fa97b-f713-40a9-8e11-3e18580cd97b,addr-2f0fa97b-f713-40a9-8e11-3e18580cd97b,shipping,true,2024-08-01T00:00:00,
ce8210c0-c537-4fd0-80ef-c3e8063b748a:shipping:addr-ce8210c0-c537-4fd0-80ef-c3e8063b748a,ce8210c0-c537-4fd0-80ef-c3e8063b748a,addr-ce8210c0-c537-4fd0-80ef-c3e8063b748a,shipping,true,2024-08-01T00:00:00,
2661b9e7-3b2c-40ea-b349-251363d10a4e:shipping:addr-2661b9e7-3b2c-40ea-b349-251363d10a4e,2661b9e7-3b2c-40ea-b349-251363d10a4e,addr-2661b9e7-3b2c-40ea-b349-251363d10a4e,shipping,true,2024-08-01T00:00:00,
d85d8387-2b7e-46a9-9f28-dad061a5fc01:shipping:addr-d85d8387-2b7e-46a9-9f28-dad061a5fc01,d85d8387-2b7e-46a9-9f28-dad061a5fc01,addr-d85d8387-2b7e-46a9-9f28-dad061a5fc01,shipping,true,2024-08-01T00:00:00,
8834bd0d-66fc-44cf-83bc-c787f024b078:shipping:addr-8834bd0d-66fc-44cf-83bc-c787f024b078,8834bd0d-66fc-44cf-83bc-c787f024b078,addr-8834bd0d-66fc-44cf-83bc-c787f024b078,shipping,true,2024-08-01T00:00:00,
8639eac0-9cd8-4fe5-9e10-8526a16018d1:shipping:addr-8639eac0-9cd8-4fe5-9e10-8526a16018d1,8639eac0-9cd8-4fe5-9e10-8526a16018d1,addr-8639eac0-9cd8-4fe5-9e10-8526a16018d1,shipping,true,2024-08-01T00:00:00,
4d481210-54e4-4e94-80f3-81ba408de5a5:shipping:addr-4d481210-54e4-4e94-80f3-81ba408de5a5,4d481210-54e4-4e94-80f3-81ba408de5a5,addr-4d481210-54e4-4e94-80f3-81ba408de5a5,shipping,true,2024-08-01T00:00:00,
8f34cf8e-4ab5-436b-b34d-d43e654c8d6b:shipping:addr-8f34cf8e-4ab5-436b-b34d-d43e654c8d6b,8f34cf8e-4ab5-436b-b34d-d43e654c8d6b,addr-8f34cf8e-4ab5-436b-b34d-d43e654c8d6b,shipping,true,2024-08-01T00:00:00,
6f1db361-6600-4690-8cd8-5520d4257b7f:shipping:addr-6f1db361-6600-4690-8cd8-5520d4257b7f,6f1db361-6600-4690-8cd8-5520d4257b7f,addr-6f1db361-6600-4690-8cd8-5520d4257b7f,shipping,true,2024-08-01T00:00:00,
582e9081-9542-4d02-9ed4-d41c93fa8b2c:shipping:addr-582e9081-9542-4d02-9ed4-d41c93fa8b2c,582e9081-9542-4d02-9ed4-d41c93fa8b2c,addr-582e9081-9542-4d02-9ed4-d41c93fa8b2c,shipping,true,2024-08-01T00:00:00,
5f22d013-c3f9-44a7-aeba-0975da12ffcc:shipping:addr-5f22d013-c3f9-44a7-aeba-0975da12ffcc,5f22d013-c3f9-44a7-aeba-0975da12ffcc,addr-5f22d013-c3f9-44a7-aeba-0975da12ffcc,shipping,true,2024-08-01T00:00:00,
c958448f-45d7-416d-a358-45098ec2a9da:shipping:addr-c958448f-45d7-416d-a358-45098ec2a9da,c958448f-45d7-416d-a358-45098ec2a9da,addr-c958448f-45d7-416d-a358-45098ec2a9da,shipping,true,2024-08-01T00:00:00,
9400a9f1-7dfe-440e-9992-ce7a2dd5b296:shipping:addr-9400a9f1-7dfe-440e-9992-ce7a2dd5b296,9400a9f1-7dfe-440e-9992-ce7a2dd5b296,addr-9400a9f1-7dfe-440e-9992-ce7a2dd5b296,shipping,true,2024-08-01T00:00:00,
1b221ed8-52ce-4d81-a181-c5317da12a7c:shipping:addr-1b221ed8-52ce-4d81-a181-c5317da12a7c,1b221ed8-52ce-4d81-a181-c5317da12a7c,addr-1b221ed8-52ce-4d81-a181-c5317da12a7c,shipping,true,2024-08-01T00:00:00,
49421d99-2baa-4a3f-bbff-4e4d4e0062aa:shipping:addr-49421d99-2baa-4a3f-bbff-4e4d4e0062aa,49421d99-2baa-4a3f-bbff-4e4d4e0062aa,addr-49421d99-2baa-4a3f-bbff-4e4d4e0062aa,shipping,true,2024-08-01T00:00:00,
f962820d-d110-4903-9fbd-86a2ba5a9687:shipping:addr-f962820d-d110-4903-9fbd-86a2ba5a9687,f962820d-d110-4903-9fbd-86a2ba5a9687,addr-f962820d-d110-4903-9fbd-86a2ba5a9687,shipping,true,2024-08-01T00:00:00,
f714d574-6aed-4017-952f-ff5bc4155939:shipping:addr-f714d574-6aed-4017-952f-ff5bc4155939,f714d574-6aed-4017-952f-ff5bc4155939,addr-f714d574-6aed-4017-952f-ff5bc4155939,shipping,true,2024-08-01T00:00:00,
cc1fc998-ac73-4d63-9bb0-03e1756e8d0d:shipping:addr-cc1fc998-ac73-4d63-9bb0-03e1756e8d0d,cc1fc998-ac73-4d63-9bb0-03e1756e8d0d,addr-cc1fc998-ac73-4d63-9bb0-03e1756e8d0d,shipping,true,2024-08-01T00:00:00,
f55982fc-a2f7-407d-b845-3b32df0463f7:shipping:addr-f55982fc-a2f7-407d-b845-3b32df0463f7,f55982fc-a2f7-407d-b845-3b32df0463f7,addr-f55982fc-a2f7-407d-b845-3b32df0463f7,shipping,true,2024-08-01T00:00:00,
254a6b6d-5dcb-4d20-88ce-e2e448935a93:shipping:addr-254a6b6d-5dcb-4d20-88ce-e2e448935a93,254a6b6d-5dcb-4d20-88ce-e2e448935a93,addr-254a6b6d-5dcb-4d20-88ce-e2e448935a93,shipping,true,2024-08-01T00:00:00,
c664111b-b80e-45ab-b2de-ee220ea29fbe:shipping:addr-c664111b-b80e-45ab-b2de-ee220ea29fbe,c664111b-b80e-45ab-b2de-ee220ea29fbe,addr-c664111b-b80e-45ab-b2de-ee220ea29fbe,shipping,true,2024-08-01T00:00:00,
49a68f77-776a-4b4b-b668-48e489f414ae:shipping:addr-49a68f77-776a-4b4b-b668-48e489f414ae,49a68f77-776a-4b4b-b668-48e489f414ae,addr-49a68f77-776a-4b4b-b668-48e489f414ae,shipping,true,2024-08-01T00:00:00,
6d83b2dd-2590-42ba-8d66-d65101b1a517:shipping:addr-6d83b2dd-2590-42ba-8d66-d65101b1a517,6d83b2dd-2590-42ba-8d66-d65101b1a517,addr-6d83b2dd-2590-42ba-8d66-d65101b1a517,shipping,true,2024-08-01T00:00:00,
1740f65f-2823-4d8a-9ff9-2bf6dfcddfb6:shipping:addr-1740f65f-2823-4d8a-9ff9-2bf6dfcddfb6,1740f65f-2823-4d8a-9ff9-2bf6dfcddfb6,addr-1740f65f-2823-4d8a-9ff9-2bf6dfcddfb6,shipping,true,2024-08-01T00:00:00,
6f80c5c6-04ed-4548-83b7-aee06e3700c4:shipping:addr-6f80c5c6-04ed-4548-83b7-aee06e3700c4,6f80c5c6-04ed-4548-83b7-aee06e3700c4,addr-6f80c5c6-04ed-4548-83b7-aee06e3700c4,shipping,true,2024-08-01T00:00:00,
779b7f09-bfd0-4ab7-a46f-9f6eecb13030:shipping:addr-779b7f09-bfd0-4ab7-a46f-9f6eecb13030,779b7f09-bfd0-4ab7-a46f-9f6eecb13030,addr-779b7f09-bfd0-4ab7-a46f-9f6eecb13030,shipping,true,2024-08-01T00:00:00,
9a689679-4c75-46ba-92d3-6b5b0c51a34a:shipping:addr-9a689679-4c75-46ba-92d3-6b5b0c51a34a,9a689679-4c75-46ba-92d3-6b5b0c51a34a,addr-9a689679-4c75-46ba-92d3-6b5b0c51a34a,shipping,true,2024-08-01T00:00:00,
a768163c-0781-430b-8703-ce1ce473c762:shipping:addr-a768163c-0781-430b-8703-ce1ce473c762,a768163c-0781-430b-8703-ce1ce473c762,addr-a768163c-0781-430b-8703-ce1ce473c762,shipping,true,2024-08-01T00:00:00,
ed79e1d1-f247-47da-b20f-17c6184db706:shipping:addr-ed79e1d1-f247-47da-b20f-17c6184db706,ed79e1d1-f247-47da-b20f-17c6184db706,addr-ed79e1d1-f247-47da-b20f-17c6184db706,shipping,true,2024-08-01T00:00:00,
758d0e66-e551-46a4-b8f9-0a98d7161e93:shipping:addr-758d0e66-e551-46a4-b8f9-0a98d7161e93,758d0e66-e551-46a4-b8f9-0a98d7161e93,addr-758d0e66-e551-46a4-b8f9-0a98d7161e93,shipping,true,2024-08-01T00:00:00,
1757e1cd-b99e-42a3-9e19-1b1305127836:shipping:addr-1757e1cd-b99e-42a3-9e19-1b1305127836,1757e1cd-b99e-42a3-9e19-1b1305127836,addr-1757e1cd-b99e-42a3-9e19-1b1305127836,shipping,true,2024-08-01T00:00:00,
40c889c0-2020-4661-bb9a-564950b1a262:shipping:addr-40c889c0-2020-4661-bb9a-564950b1a262,40c889c0-2020-4661-bb9a-564950b1a262,addr-40c889c0-2020-4661-bb9a-564950b1a262,shipping,true,2024-08-01T00:00:00,
b8cf5c4c-27e2-4106-9058-eb38559661e0:shipping:addr-b8cf5c4c-27e2-4106-9058-eb38559661e0,b8cf5c4c-27e2-4106-9058-eb38559661e0,addr-b8cf5c4c-27e2-4106-9058-eb38559661e0,shipping,true,2024-08-01T00:00:00,
7bb37398-522c-4b94-95aa-882d79ae2041:shipping:addr-7bb37398-522c-4b94-95aa-882d79ae2041,7bb37398-522c-4b94-95aa-882d79ae2041,addr-7bb37398-522c-4b94-95aa-882d79ae2041,shipping,true,2024-08-01T00:00:00,
670a79a3-05fc-4a33-8b9d-1b6df80347f4:shipping:addr-670a79a3-05fc-4a33-8b9d-1b6df80347f4,670a79a3-05fc-4a33-8b9d-1b6df80347f4,addr-670a79a3-05fc-4a33-8b9d-1b6df80347f4,shipping,true,2024-08-01T00:00:00,
c0a8be37-975c-4b34-8989-1eb846c63871:shipping:addr-c0a8be37-975c-4b34-8989-1eb846c63871,c0a8be37-975c-4b34-8989-1eb846c63871,addr-c0a8be37-975c-4b34-8989-1eb846c63871,shipping,true,2024-08-01T00:00:00,
5c3c91f4-9d48-426f-9862-e165bf8f616d:shipping:addr-5c3c91f4-9d48-426f-9862-e165bf8f616d,5c3c91f4-9d48-426f-9862-e165bf8f616d,addr-5c3c91f4-9d48-426f-9862-e165bf8f616d,shipping,true,2024-08-01T00:00:00,
7ea9b687-48e0-4f47-9245-7a3e02c88fec:shipping:addr-7ea9b687-48e0-4f47-9245-7a3e02c88fec,7ea9b687-48e0-4f47-9245-7a3e02c88fec,addr-7ea9b687-48e0-4f47-9245-7a3e02c88fec,shipping,true,2024-08-01T00:00:00,
6d622f69-5cf8-4eda-b7ff-4f57f0e66237:shipping:addr-6d622f69-5cf8-4eda-b7ff-4f57f0e66237,6d622f69-5cf8-4eda-b7ff-4f57f0e66237,addr-6d622f69-5cf8-4eda-b7ff-4f57f0e66237,shipping,true,2024-08-01T00:00:00,
7e394ed8-8aae-477f-9649-5d3e7f5658fb:shipping:addr-7e394ed8-8aae-477f-9649-5d3e7f5658fb,7e394ed8-8aae-477f-9649-5d3e7f5658fb,addr-7e394ed8-8aae-477f-9649-5d3e7f5658fb,shipping,true,2024-08-01T00:00:00,
95381466-0836-4fd0-b05c-e8ca6147a51f:shipping:addr-95381466-0836-4fd0-b05c-e8ca6147a51f,95381466-0836-4fd0-b05c-e8ca6147a51f,addr-95381466-0836-4fd0-b05c-e8ca6147a51f,shipping,true,2024-08-01T00:00:00,
3bcd90d3-7d42-4c9f-ad46-04d8af612206:shipping:addr-3bcd90d3-7d42-4c9f-ad46-04d8af612206,3bcd90d3-7d42-4c9f-ad46-04d8af612206,addr-3bcd90d3-7d42-4c9f-ad46-04d8af612206,shipping,true,2024-08-01T00:00:00,
6afcdfd4-7162-4241-9932-0cf1f3a2b6e7:shipping:addr-6afcdfd4-7162-4241-9932-0cf1f3a2b6e7,6afcdfd4-7162-4241-9932-0cf1f3a2b6e7,addr-6afcdfd4-7162-4241-9932-0cf1f3a2b6e7,shipping,true,2024-08-01T00:00:00,
07837268-1f07-43d7-a271-fa0ab4370eee:shipping:addr-07837268-1f07-43d7-a271-fa0ab4370eee,07837268-1f07-43d7-a271-fa0ab4370eee,addr-07837268-1f07-43d7-a271-fa0ab4370eee,shipping,true,2024-08-01T00:00:00,
84a120aa-c994-404e-9e74-8277a6f9eb4e:shipping:addr-84a120aa-c994-404e-9e74-8277a6f9eb4e,84a120aa-c994-404e-9e74-8277a6f9eb4e,addr-84a120aa-c994-404e-9e74-8277a6f9eb4e,shipping,true,2024-08-01T00:00:00,
17e24a9b-119c-4ea7-a53a-bb757c70ad0a:shipping:addr-17e24a9b-119c-4ea7-a53a-bb757c70ad0a,17e24a9b-119c-4ea7-a53a-bb757c70ad0a,addr-17e24a9b-119c-4ea7-a53a-bb757c70ad0a,shipping,true,2024-08-01T00:00:00,
cc9cb0b1-f5d5-4fbb-ae89-025a80fb57c1:shipping:addr-cc9cb0b1-f5d5-4fbb-ae89-025a80fb57c1,cc9cb0b1-f5d5-4fbb-ae89-025a80fb57c1,addr-cc9cb0b1-f5d5-4fbb-ae89-025a80fb57c1,shipping,true,2024-08-01T00:00:00,
7d4b9dcb-d4ff-42fa-9c58-5657c61f4954:shipping:addr-7d4b9dcb-d4ff-42fa-9c58-5657c61f4954,7d4b9dcb-d4ff-42fa-9c58-5657c61f4954,addr-7d4b9dcb-d4ff-42fa-9c58-5657c61f4954,shipping,true,2024-08-01T00:00:00,
6fb41f2c-72b6-4e3e-b896-89be93d85e5a:shipping:addr-6fb41f2c-72b6-4e3e-b896-89be93d85e5a,6fb41f2c-72b6-4e3e-b896-89be93d85e5a,addr-6fb41f2c-72b6-4e3e-b896-89be93d85e5a,shipping,true,2024-08-01T00:00:00,
33ab4667-4cdd-435a-875e-305ea36ebc4d:shipping:addr-33ab4667-4cdd-435a-875e-305ea36ebc4d,33ab4667-4cdd-435a-875e-305ea36ebc4d,addr-33ab4667-4cdd-435a-875e-305ea36ebc4d,shipping,true,2024-08-01T00:00:00,
a2effce6-3ad2-4811-940b-bbb5a4ad9b67:shipping:addr-a2effce6-3ad2-4811-940b-bbb5a4ad9b67,a2effce6-3ad2-4811-940b-bbb5a4ad9b67,addr-a2effce6-3ad2-4811-940b-bbb5a4ad9b67,shipping,true,2024-08-01T00:00:00,
f3c5c37f-bd98-40b6-8f8b-eeb75218bbed:shipping:addr-f3c5c37f-bd98-40b6-8f8b-eeb75218bbed,f3c5c37f-bd98-40b6-8f8b-eeb75218bbed,addr-f3c5c37f-bd98-40b6-8f8b-eeb75218bbed,shipping,true,2024-08-01T00:00:00,
249c5605-e2c1-49de-825b-aeef4ba19a9e:shipping:addr-249c5605-e2c1-49de-825b-aeef4ba19a9e,249c5605-e2c1-49de-825b-aeef4ba19a9e,addr-249c5605-e2c1-49de-825b-aeef4ba19a9e,shipping,true,2024-08-01T00:00:00,
87a00a98-1d65-4fba-92f9-41ac07bce2bd:shipping:addr-87a00a98-1d65-4fba-92f9-41ac07bce2bd,87a00a98-1d65-4fba-92f9-41ac07bce2bd,addr-87a00a98-1d65-4fba-92f9-41ac07bce2bd,shipping,true,2024-08-01T00:00:00,
aef5051b-ee62-4974-994d-fbb200c5f89c:shipping:addr-aef5051b-ee62-4974-994d-fbb200c5f89c,aef5051b-ee62-4974-994d-fbb200c5f89c,addr-aef5051b-ee62-4974-994d-fbb200c5f89c,shipping,true,2024-08-01T00:00:00,
21c61b96-d053-45f3-9730-c3483fe288d2:shipping:addr-21c61b96-d053-45f3-9730-c3483fe288d2,21c61b96-d053-45f3-9730-c3483fe288d2,addr-21c61b96-d053-45f3-9730-c3483fe288d2,shipping,true,2024-08-01T00:00:00,
aa006c1b-6b97-4f02-99a9-57923d13eb8f:shipping:addr-aa006c1b-6b97-4f02-99a9-57923d13eb8f,aa006c1b-6b97-4f02-99a9-57923d13eb8f,addr-aa006c1b-6b97-4f02-99a9-57923d13eb8f,shipping,true,2024-08-01T00:00:00,
bbe44e0a-dc83-4c13-a357-89d0c4f06f29:shipping:addr-bbe44e0a-dc83-4c13-a357-89d0c4f06f29,bbe44e0a-dc83-4c13-a357-89d0c4f06f29,addr-bbe44e0a-dc83-4c13-a357-89d0c4f06f29,shipping,true,2024-08-01T00:00:00,
cd67e795-f5fa-470f-9a4f-4060d5951279:shipping:addr-cd67e795-f5fa-470f-9a4f-4060d5951279,cd67e795-f5fa-470f-9a4f-4060d5951279,addr-cd67e795-f5fa-470f-9a4f-4060d5951279,shipping,true,2024-08-01T00:00:00,
2444fa55-4e76-4e0e-8880-6ccb037e3479:shipping:addr-2444fa55-4e76-4e0e-8880-6ccb037e3479,2444fa55-4e76-4e0e-8880-6ccb037e3479,addr-2444fa55-4e76-4e0e-8880-6ccb037e3479,shipping,true,2024-08-01T00:00:00,
adc6b3eb-08c6-47a0-a6ce-19384284547a:shipping:addr-adc6b3eb-08c6-47a0-a6ce-19384284547a,adc6b3eb-08c6-47a0-a6ce-19384284547a,addr-adc6b3eb-08c6-47a0-a6ce-19384284547a,shipping,true,2024-08-01T00:00:00,
c3f68ead-12e5-4a95-9f20-2c9529a5f08b:shipping:addr-c3f68ead-12e5-4a95-9f20-2c9529a5f08b,c3f68ead-12e5-4a95-9f20-2c9529a5f08b,addr-c3f68ead-12e5-4a95-9f20-2c9529a5f08b,shipping,true,2024-08-01T00:00:00,
2fac4408-7728-454c-94d8-16b7262380b0:shipping:addr-2fac4408-7728-454c-94d8-16b7262380b0,2fac4408-7728-454c-94d8-16b7262380b0,addr-2fac4408-7728-454c-94d8-16b7262380b0,shipping,true,2024-08-01T00:00:00,
5a056723-8fb6-4708-ba04-edc4e2854e74:shipping:addr-5a056723-8fb6-4708-ba04-edc4e2854e74,5a056723-8fb6-4708-ba04-edc4e2854e74,addr-5a056723-8fb6-4708-ba04-edc4e2854e74,shipping,true,2024-08-01T00:00:00,
6f595044-c1c1-4b1b-8b9a-6ba836a7d845:shipping:addr-6f595044-c1c1-4b1b-8b9a-6ba836a7d845,6f595044-c1c1-4b1b-8b9a-6ba836a7d845,addr-6f595044-c1c1-4b1b-8b9a-6ba836a7d845,shipping,true,2024-08-01T00:00:00,
8d5fa184-5966-49ce-b3e7-4acfaba98bfd:shipping:addr-8d5fa184-5966-49ce-b3e7-4acfaba98bfd,8d5fa184-5966-49ce-b3e7-4acfaba98bfd,addr-8d5fa184-5966-49ce-b3e7-4acfaba98bfd,shipping,true,2024-08-01T00:00:00,
3785fc7c-35aa-4e40-b620-f54b10e8a832:shipping:addr-3785fc7c-35aa-4e40-b620-f54b10e8a832,3785fc7c-35aa-4e40-b620-f54b10e8a832,addr-3785fc7c-35aa-4e40-b620-f54b10e8a832,shipping,true,2024-08-01T00:00:00,
436ca6dd-1cc3-4ff0-986c-eabb97606b9b:shipping:addr-436ca6dd-1cc3-4ff0-986c-eabb97606b9b,436ca6dd-1cc3-4ff0-986c-eabb97606b9b,addr-436ca6dd-1cc3-4ff0-986c-eabb97606b9b,shipping,true,2024-08-01T00:00:00,
64e25b29-1b93-4db3-a929-7fb7183288be:shipping:addr-64e25b29-1b93-4db3-a929-7fb7183288be,64e25b29-1b93-4db3-a929-7fb7183288be,addr-64e25b29-1b93-4db3-a929-7fb7183288be,shipping,true,2024-08-01T00:00:00,
4a0fcf58-3784-4070-96a6-0925fc23e36f:shipping:addr-4a0fcf58-3784-4070-96a6-0925fc23e36f,4a0fcf58-3784-4070-96a6-0925fc23e36f,addr-4a0fcf58-3784-4070-96a6-0925fc23e36f,shipping,true,2024-08-01T00:00:00,
e94d8a6e-9b23-411a-baf2-75f02c42d8cb:shipping:addr-e94d8a6e-9b23-411a-baf2-75f02c42d8cb,e94d8a6e-9b23-411a-baf2-75f02c42d8cb,addr-e94d8a6e-9b23-411a-baf2-75f02c42d8cb,shipping,true,2024-08-01T00:00:00,
8c5628d0-6d15-4a6d-80f2-9c723e39ba83:shipping:addr-8c5628d0-6d15-4a6d-80f2-9c723e39ba83,8c5628d0-6d15-4a6d-80f2-9c723e39ba83,addr-8c5628d0-6d15-4a6d-80f2-9c723e39ba83,shipping,true,2024-08-01T00:00:00,
7eaca096-c253-48ee-936a-8ea930759d59:shipping:addr-7eaca096-c253-48ee-936a-8ea930759d59,7eaca096-c253-48ee-936a-8ea930759d59,addr-7eaca096-c253-48ee-936a-8ea930759d59,shipping,true,2024-08-01T00:00:00,
e648e7c1-b5f5-4d67-b78c-7d41956f4eaf:shipping:addr-e648e7c1-b5f5-4d67-b78c-7d41956f4eaf,e648e7c1-b5f5-4d67-b78c-7d41956f4eaf,addr-e648e7c1-b5f5-4d67-b78c-7d41956f4eaf,shipping,true,2024-08-01T00:00:00,
ed5f2f3e-8bef-4da7-b30c-90c3fa5f40ea:shipping:addr-ed5f2f3e-8bef-4da7-b30c-90c3fa5f40ea,ed5f2f3e-8bef-4da7-b30c-90c3fa5f40ea,addr-ed5f2f3e-8bef-4da7-b30c-90c3fa5f40ea,shipping,true,2024-08-01T00:00:00,
cd709ef0-753a-4968-b981-ab264708b37a:shipping:addr-cd709ef0-753a-4968-b981-ab264708b37a,cd709ef0-753a-4968-b981-ab264708b37a,addr-cd709ef0-753a-4968-b981-ab264708b37a,shipping,true,2024-08-01T00:00:00,
72ad36e6-90e5-4d1f-8978-44a18ed7d4e0:shipping:addr-72ad36e6-90e5-4d1f-8978-44a18ed7d4e0,72ad36e6-90e5-4d1f-8978-44a18ed7d4e0,addr-72ad36e6-90e5-4d1f-8978-44a18ed7d4e0,shipping,true,2024-08-01T00:00:00,
b8edba64-3db4-4841-8f8d-dc00dce6fb67:shipping:addr-b8edba64-3db4-4841-8f8d-dc00dce6fb67,b8edba64-3db4-4841-8f8d-dc00dce6fb67,addr-b8edba64-3db4-4841-8f8d-dc00dce6fb67,shipping,true,2024-08-01T00:00:00,
7b4010bf-8e77-489c-83e9-0056299e9429:shipping:addr-7b4010bf-8e77-489c-83e9-0056299e9429,7b4010bf-8e77-489c-83e9-0056299e9429,addr-7b4010bf-8e77-489c-83e9-0056299e9429,shipping,true,2024-08-01T00:00:00,
446153de-73e0-4d85-a593-2c3ae8664564:shipping:addr-446153de-73e0-4d85-a593-2c3ae8664564,446153de-73e0-4d85-a593-2c3ae8664564,addr-446153de-73e0-4d85-a593-2c3ae8664564,shipping,true,2024-08-01T00:00:00,
5a2b4f14-e7ac-4b3a-bf58-688bca696e5f:shipping:addr-5a2b4f14-e7ac-4b3a-bf58-688bca696e5f,5a2b4f14-e7ac-4b3a-bf58-688bca696e5f,addr-5a2b4f14-e7ac-4b3a-bf58-688bca696e5f,shipping,true,2024-08-01T00:00:00,
10687c1c-9437-400c-a604-0e19882c65e1:shipping:addr-10687c1c-9437-400c-a604-0e19882c65e1,10687c1c-9437-400c-a604-0e19882c65e1,addr-10687c1c-9437-400c-a604-0e19882c65e1,shipping,true,2024-08-01T00:00:00,
03710ca1-feb1-4206-bd26-3bb8e6a1dac2:shipping:addr-03710ca1-feb1-4206-bd26-3bb8e6a1dac2,03710ca1-feb1-4206-bd26-3bb8e6a1dac2,addr-03710ca1-feb1-4206-bd26-3bb8e6a1dac2,shipping,true,2024-08-01T00:00:00,
153f6ea8-c8e7-4bfb-8273-72ac137733ea:shipping:addr-153f6ea8-c8e7-4bfb-8273-72ac137733ea,153f6ea8-c8e7-4bfb-8273-72ac137733ea,addr-153f6ea8-c8e7-4bfb-8273-72ac137733ea,shipping,true,2024-08-01T00:00:00,
6cb96ee5-043d-47e6-a79a-67e7b0fa034e:shipping:addr-6cb96ee5-043d-47e6-a79a-67e7b0fa034e,6cb96ee5-043d-47e6-a79a-67e7b0fa034e,addr-6cb96ee5-043d-47e6-a79a-67e7b0fa034e,shipping,true,2024-08-01T00:00:00,
67d2941c-ef55-4f74-9994-431a09ee14db:shipping:addr-67d2941c-ef55-4f74-9994-431a09ee14db,67d2941c-ef55-4f74-9994-431a09ee14db,addr-67d2941c-ef55-4f74-9994-431a09ee14db,shipping,true,2024-08-01T00:00:00,
afdabd06-a2b4-497a-93b8-7bcf582b5d3b:shipping:addr-afdabd06-a2b4-497a-93b8-7bcf582b5d3b,afdabd06-a2b4-497a-93b8-7bcf582b5d3b,addr-afdabd06-a2b4-497a-93b8-7bcf582b5d3b,shipping,true,2024-08-01T00:00:00,
0bc37503-ab88-4833-9b4e-1355bdd20deb:shipping:addr-0bc37503-ab88-4833-9b4e-1355bdd20deb,0bc37503-ab88-4833-9b4e-1355bdd20deb,addr-0bc37503-ab88-4833-9b4e-1355bdd20deb,shipping,true,2024-08-01T00:00:00,
b43ea9dd-823e-4930-9110-31ea0eaa05f3:shipping:addr-b43ea9dd-823e-4930-9110-31ea0eaa05f3,b43ea9dd-823e-4930-9110-31ea0eaa05f3,addr-b43ea9dd-823e-4930-9110-31ea0eaa05f3,shipping,true,2024-08-01T00:00:00,
f9f4d7f7-6884-4f0c-88d9-0d3432a666ca:shipping:addr-f9f4d7f7-6884-4f0c-88d9-0d3432a666ca,f9f4d7f7-6884-4f0c-88d9-0d3432a666ca,addr-f9f4d7f7-6884-4f0c-88d9-0d3432a666ca,shipping,true,2024-08-01T00:00:00,
07571aa5-5581-4cf0-9a68-006051f37c8c:shipping:addr-07571aa5-5581-4cf0-9a68-006051f37c8c,07571aa5-5581-4cf0-9a68-006051f37c8c,addr-07571aa5-5581-4cf0-9a68-006051f37c8c,shipping,true,2024-08-01T00:00:00,
71f1cea1-588b-47f5-93c3-4e649541a9e4:shipping:addr-71f1cea1-588b-47f5-93c3-4e649541a9e4,71f1cea1-588b-47f5-93c3-4e649541a9e4,addr-71f1cea1-588b-47f5-93c3-4e649541a9e4,shipping,true,2024-08-01T00:00:00,
6ffc9798-2bb6-43ca-823b-e9dda0935299:shipping:addr-6ffc9798-2bb6-43ca-823b-e9dda0935299,6ffc9798-2bb6-43ca-823b-e9dda0935299,addr-6ffc9798-2bb6-43ca-823b-e9dda0935299,shipping,true,2024-08-01T00:00:00,
1991aaf6-d1b3-45f3-a33b-7a9174d18f8b:shipping:addr-1991aaf6-d1b3-45f3-a33b-7a9174d18f8b,1991aaf6-d1b3-45f3-a33b-7a9174d18f8b,addr-1991aaf6-d1b3-45f3-a33b-7a9174d18f8b,shipping,true,2024-08-01T00:00:00,
86fb0f27-e52e-40a4-8499-5f1610574213:shipping:addr-86fb0f27-e52e-40a4-8499-5f1610574213,86fb0f27-e52e-40a4-8499-5f1610574213,addr-86fb0f27-e52e-40a4-8499-5f1610574213,shipping,true,2024-08-01T00:00:00,
2e1fd151-264e-4a4a-8584-733dd5da3152:shipping:addr-2e1fd151-264e-4a4a-8584-733dd5da3152,2e1fd151-264e-4a4a-8584-733dd5da3152,addr-2e1fd151-264e-4a4a-8584-733dd5da3152,shipping,true,2024-08-01T00:00:00,
8f4f1f50-62c9-4870-bf5b-bdcd357f8ad7:shipping:addr-8f4f1f50-62c9-4870-bf5b-bdcd357f8ad7,8f4f1f50-62c9-4870-bf5b-bdcd357f8ad7,addr-8f4f1f50-62c9-4870-bf5b-bdcd357f8ad7,shipping,true,2024-08-01T00:00:00,
37601558-3b79-4200-800f-fc03a28a5ec7:shipping:addr-37601558-3b79-4200-800f-fc03a28a5ec7,37601558-3b79-4200-800f-fc03a28a5ec7,addr-37601558-3b79-4200-800f-fc03a28a5ec7,shipping,true,2024-08-01T00:00:00,
f03fb49f-283d-405e-bf8d-52046ca6e77d:shipping:addr-f03fb49f-283d-405e-bf8d-52046ca6e77d,f03fb49f-283d-405e-bf8d-52046ca6e77d,addr-f03fb49f-283d-405e-bf8d-52046ca6e77d,shipping,true,2024-08-01T00:00:00,
f14bcc19-681e-43a6-94e0-9748a8455850:shipping:addr-f14bcc19-681e-43a6-94e0-9748a8455850,f14bcc19-681e-43a6-94e0-9748a8455850,addr-f14bcc19-681e-43a6-94e0-9748a8455850,shipping,true,2024-08-01T00:00:00,
bd081d89-0320-4774-bb4c-798b6e253b0e:shipping:addr-bd081d89-0320-4774-bb4c-798b6e253b0e,bd081d89-0320-4774-bb4c-798b6e253b0e,addr-bd081d89-0320-4774-bb4c-798b6e253b0e,shipping,true,2024-08-01T00:00:00,
27133460-80a8-449a-b422-65bfe97af456:shipping:addr-27133460-80a8-449a-b422-65bfe97af456,27133460-80a8-449a-b422-65bfe97af456,addr-27133460-80a8-449a-b422-65bfe97af456,shipping,true,2024-08-01T00:00:00,
ab13dd68-d82a-4dbe-b352-0f4df96ff5e3:shipping:addr-ab13dd68-d82a-4dbe-b352-0f4df96ff5e3,ab13dd68-d82a-4dbe-b352-0f4df96ff5e3,addr-ab13dd68-d82a-4dbe-b352-0f4df96ff5e3,shipping,true,2024-08-01T00:00:00,
bd72d373-2261-4193-bee7-41d3bfd08ef1:shipping:addr-bd72d373-2261-4193-bee7-41d3bfd08ef1,bd72d373-2261-4193-bee7-41d3bfd08ef1,addr-bd72d373-2261-4193-bee7-41d3bfd08ef1,shipping,true,2024-08-01T00:00:00,
b4624db2-8aba-4c57-a0f7-0f5cb8bf0a04:shipping:addr-b4624db2-8aba-4c57-a0f7-0f5cb8bf0a04,b4624db2-8aba-4c57-a0f7-0f5cb8bf0a04,addr-b4624db2-8aba-4c57-a0f7-0f5cb8bf0a04,shipping,true,2024-08-01T00:00:00,
8cf43099-d49e-4e95-8b08-3d61df8b947f:shipping:addr-8cf43099-d49e-4e95-8b08-3d61df8b947f,8cf43099-d49e-4e95-8b08-3d61df8b947f,addr-8cf43099-d49e-4e95-8b08-3d61df8b947f,shipping,true,2024-08-01T00:00:00,
625c6012-3c16-4c27-ab0c-a8512e488ad7:shipping:addr-625c6012-3c16-4c27-ab0c-a8512e488ad7,625c6012-3c16-4c27-ab0c-a8512e488ad7,addr-625c6012-3c16-4c27-ab0c-a8512e488ad7,shipping,true,2024-08-01T00:00:00,
0e105436-465e-4326-94d3-f6a0e7051725:shipping:addr-0e105436-465e-4326-94d3-f6a0e7051725,0e105436-465e-4326-94d3-f6a0e7051725,addr-0e105436-465e-4326-94d3-f6a0e7051725,shipping,true,2024-08-01T00:00:00,
32927010-1d7d-4cd9-a500-593804ff0e77:shipping:addr-32927010-1d7d-4cd9-a500-593804ff0e77,32927010-1d7d-4cd9-a500-593804ff0e77,addr-32927010-1d7d-4cd9-a500-593804ff0e77,shipping,true,2024-08-01T00:00:00,
0b7ba743-6819-4540-8542-b7fa14bd996d:shipping:addr-0b7ba743-6819-4540-8542-b7fa14bd996d,0b7ba743-6819-4540-8542-b7fa14bd996d,addr-0b7ba743-6819-4540-8542-b7fa14bd996d,shipping,true,2024-08-01T00:00:00,
fa5ae382-e7ab-4d94-bdfc-7d689bc335ab:shipping:addr-fa5ae382-e7ab-4d94-bdfc-7d689bc335ab,fa5ae382-e7ab-4d94-bdfc-7d689bc335ab,addr-fa5ae382-e7ab-4d94-bdfc-7d689bc335ab,shipping,true,2024-08-01T00:00:00,
62e44a82-c99b-4d04-9abb-f6a2eb97c7ec:shipping:addr-62e44a82-c99b-4d04-9abb-f6a2eb97c7ec,62e44a82-c99b-4d04-9abb-f6a2eb97c7ec,addr-62e44a82-c99b-4d04-9abb-f6a2eb97c7ec,shipping,true,2024-08-01T00:00:00,
758b4602-0ce0-440a-9584-ad59ce4216ad:shipping:addr-758b4602-0ce0-440a-9584-ad59ce4216ad,758b4602-0ce0-440a-9584-ad59ce4216ad,addr-758b4602-0ce0-440a-9584-ad59ce4216ad,shipping,true,2024-08-01T00:00:00,
920c0197-3c76-4cb7-90f7-b1a687043563:shipping:addr-920c0197-3c76-4cb7-90f7-b1a687043563,920c0197-3c76-4cb7-90f7-b1a687043563,addr-920c0197-3c76-4cb7-90f7-b1a687043563,shipping,true,2024-08-01T00:00:00,
4675a031-3216-463d-8c4d-42ea1283bd56:shipping:addr-4675a031-3216-463d-8c4d-42ea1283bd56,4675a031-3216-463d-8c4d-42ea1283bd56,addr-4675a031-3216-463d-8c4d-42ea1283bd56,shipping,true,2024-08-01T00:00:00,
a5066e8e-de65-4798-9ed5-f6cae5f86031:shipping:addr-a5066e8e-de65-4798-9ed5-f6cae5f86031,a5066e8e-de65-4798-9ed5-f6cae5f86031,addr-a5066e8e-de65-4798-9ed5-f6cae5f86031,shipping,true,2024-08-01T00:00:00,
99908d5f-92b2-4e74-812d-8fbf41ddc894:shipping:addr-99908d5f-92b2-4e74-812d-8fbf41ddc894,99908d5f-92b2-4e74-812d-8fbf41ddc894,addr-99908d5f-92b2-4e74-812d-8fbf41ddc894,shipping,true,2024-08-01T00:00:00,
c404f9e5-cfcd-428e-8459-c1e1fd0d586b:shipping:addr-c404f9e5-cfcd-428e-8459-c1e1fd0d586b,c404f9e5-cfcd-428e-8459-c1e1fd0d586b,addr-c404f9e5-cfcd-428e-8459-c1e1fd0d586b,shipping,true,2024-08-01T00:00:00,
902c8ddc-8ba2-42a6-b380-4afc64f50ffc:shipping:addr-902c8ddc-8ba2-42a6-b380-4afc64f50ffc,902c8ddc-8ba2-42a6-b380-4afc64f50ffc,addr-902c8ddc-8ba2-42a6-b380-4afc64f50ffc,shipping,true,2024-08-01T00:00:00,
376d586e-00b0-4a49-9695-ddac46fb337e:shipping:addr-376d586e-00b0-4a49-9695-ddac46fb337e,376d586e-00b0-4a49-9695-ddac46fb337e,addr-376d586e-00b0-4a49-9695-ddac46fb337e,shipping,true,2024-08-01T00:00:00,
89a5d615-2bb0-4843-8177-90bf7f452bfe:shipping:addr-89a5d615-2bb0-4843-8177-90bf7f452bfe,89a5d615-2bb0-4843-8177-90bf7f452bfe,addr-89a5d615-2bb0-4843-8177-90bf7f452bfe,shipping,true,2024-08-01T00:00:00,
8f9052f4-d761-416e-8b74-a71f640df0d7:shipping:addr-8f9052f4-d761-416e-8b74-a71f640df0d7,8f9052f4-d761-416e-8b74-a71f640df0d7,addr-8f9052f4-d761-416e-8b74-a71f640df0d7,shipping,true,2024-08-01T00:00:00,
359c05d0-e19d-463d-b3b4-43a0b4a3810f:shipping:addr-359c05d0-e19d-463d-b3b4-43a0b4a3810f,359c05d0-e19d-463d-b3b4-43a0b4a3810f,addr-359c05d0-e19d-463d-b3b4-43a0b4a3810f,shipping,true,2024-08-01T00:00:00,
fa7960f6-2060-4fc8-a154-148e0c543e8a:shipping:addr-fa7960f6-2060-4fc8-a154-148e0c543e8a,fa7960f6-2060-4fc8-a154-148e0c543e8a,addr-fa7960f6-2060-4fc8-a154-148e0c543e8a,shipping,true,2024-08-01T00:00:00,
11498734-cebc-4784-a055-6bd08a18f1dc:shipping:addr-11498734-cebc-4784-a055-6bd08a18f1dc,11498734-cebc-4784-a055-6bd08a18f1dc,addr-11498734-cebc-4784-a055-6bd08a18f1dc,shipping,true,2024-08-01T00:00:00,
33d208d7-91f2-4d70-9f75-c1bf87481c15:shipping:addr-33d208d7-91f2-4d70-9f75-c1bf87481c15,33d208d7-91f2-4d70-9f75-c1bf87481c15,addr-33d208d7-91f2-4d70-9f75-c1bf87481c15,shipping,true,2024-08-01T00:00:00,
848bb1e9-3367-4758-8f73-e886fadfadab:shipping:addr-848bb1e9-3367-4758-8f73-e886fadfadab,848bb1e9-3367-4758-8f73-e886fadfadab,addr-848bb1e9-3367-4758-8f73-e886fadfadab,shipping,true,2024-08-01T00:00:00,
45233069-2809-4274-b243-98792794b3e9:shipping:addr-45233069-2809-4274-b243-98792794b3e9,45233069-2809-4274-b243-98792794b3e9,addr-45233069-2809-4274-b243-98792794b3e9,shipping,true,2024-08-01T00:00:00,
5b16d3ac-510a-4143-8a0a-785ce783f3d8:shipping:addr-5b16d3ac-510a-4143-8a0a-785ce783f3d8,5b16d3ac-510a-4143-8a0a-785ce783f3d8,addr-5b16d3ac-510a-4143-8a0a-785ce783f3d8,shipping,true,2024-08-01T00:00:00,
5dbe3a93-bfd1-48f7-8040-dacc81b641f3:shipping:addr-5dbe3a93-bfd1-48f7-8040-dacc81b641f3,5dbe3a93-bfd1-48f7-8040-dacc81b641f3,addr-5dbe3a93-bfd1-48f7-8040-dacc81b641f3,shipping,true,2024-08-01T00:00:00,
f0496969-2829-4c93-834d-07ef9042cd86:shipping:addr-f0496969-2829-4c93-834d-07ef9042cd86,f0496969-2829-4c93-834d-07ef9042cd86,addr-f0496969-2829-4c93-834d-07ef9042cd86,shipping,true,2024-08-01T00:00:00,
70a0c69e-1bf5-4805-bf9c-4714e193f75d:shipping:addr-70a0c69e-1bf5-4805-bf9c-4714e193f75d,70a0c69e-1bf5-4805-bf9c-4714e193f75d,addr-70a0c69e-1bf5-4805-bf9c-4714e193f75d,shipping,true,2024-08-01T00:00:00,
b6b6f9ac-f08b-4ef6-8e52-a2c0bb49b17d:shipping:addr-b6b6f9ac-f08b-4ef6-8e52-a2c0bb49b17d,b6b6f9ac-f08b-4ef6-8e52-a2c0bb49b17d,addr-b6b6f9ac-f08b-4ef6-8e52-a2c0bb49b17d,shipping,true,2024-08-01T00:00:00,
0855291e-0a0d-4e17-931b-beabbc173f85:shipping:addr-0855291e-0a0d-4e17-931b-beabbc173f85,0855291e-0a0d-4e17-931b-beabbc173f85,addr-0855291e-0a0d-4e17-931b-beabbc173f85,shipping,true,2024-08-01T00:00:00,
50fb8eb8-955f-41ca-ab6a-faaff8141652:shipping:addr-50fb8eb8-955f-41ca-ab6a-faaff8141652,50fb8eb8-955f-41ca-ab6a-faaff8141652,addr-50fb8eb8-955f-41ca-ab6a-faaff8141652,shipping,true,2024-08-01T00:00:00,
661d2fc6-9fa2-4c79-9d19-44c73cb68448:shipping:addr-661d2fc6-9fa2-4c79-9d19-44c73cb68448,661d2fc6-9fa2-4c79-9d19-44c73cb68448,addr-661d2fc6-9fa2-4c79-9d19-44c73cb68448,shipping,true,2024-08-01T00:00:00,
bcff2252-fa4f-4a03-88eb-6ff7b0e010a0:shipping:addr-bcff2252-fa4f-4a03-88eb-6ff7b0e010a0,bcff2252-fa4f-4a03-88eb-6ff7b0e010a0,addr-bcff2252-fa4f-4a03-88eb-6ff7b0e010a0,shipping,true,2024-08-01T00:00:00,
4ba2a669-8d0b-4aef-96c0-aae24b7711ff:shipping:addr-4ba2a669-8d0b-4aef-96c0-aae24b7711ff,4ba2a669-8d0b-4aef-96c0-aae24b7711ff,addr-4ba2a669-8d0b-4aef-96c0-aae24b7711ff,shipping,true,2024-08-01T00:00:00,
f1c1c41c-e3ac-4d0f-9604-06a648c54aa4:shipping:addr-f1c1c41c-e3ac-4d0f-9604-06a648c54aa4,f1c1c41c-e3ac-4d0f-9604-06a648c54aa4,addr-f1c1c41c-e3ac-4d0f-9604-06a648c54aa4,shipping,true,2024-08-01T00:00:00,
0ed041f5-3d65-4f50-b23e-849b527ee107:shipping:addr-0ed041f5-3d65-4f50-b23e-849b527ee107,0ed041f5-3d65-4f50-b23e-849b527ee107,addr-0ed041f5-3d65-4f50-b23e-849b527ee107,shipping,true,2024-08-01T00:00:00,
01450c81-3eae-4663-a704-f91c175e17f0:shipping:addr-01450c81-3eae-4663-a704-f91c175e17f0,01450c81-3eae-4663-a704-f91c175e17f0,addr-01450c81-3eae-4663-a704-f91c175e17f0,shipping,true,2024-08-01T00:00:00,
5948da4d-8a3d-4122-9885-6f62f017c7b2:shipping:addr-5948da4d-8a3d-4122-9885-6f62f017c7b2,5948da4d-8a3d-4122-9885-6f62f017c7b2,addr-5948da4d-8a3d-4122-9885-6f62f017c7b2,shipping,true,2024-08-01T00:00:00,
67f25b4e-183c-4a43-9227-09966e445b42:shipping:addr-67f25b4e-183c-4a43-9227-09966e445b42,67f25b4e-183c-4a43-9227-09966e445b42,addr-67f25b4e-183c-4a43-9227-09966e445b42,shipping,true,2024-08-01T00:00:00,
46d34d7f-a3a4-4386-89ba-fa5ac15e5a69:shipping:addr-46d34d7f-a3a4-4386-89ba-fa5ac15e5a69,46d34d7f-a3a4-4386-89ba-fa5ac15e5a69,addr-46d34d7f-a3a4-4386-89ba-fa5ac15e5a69,shipping,true,2024-08-01T00:00:00,
7bb8fda6-2726-4199-a7aa-ed27cdfff312:shipping:addr-7bb8fda6-2726-4199-a7aa-ed27cdfff312,7bb8fda6-2726-4199-a7aa-ed27cdfff312,addr-7bb8fda6-2726-4199-a7aa-ed27cdfff312,shipping,true,2024-08-01T00:00:00,
3934f6b2-65db-491f-93be-76ec718440d9:shipping:addr-3934f6b2-65db-491f-93be-76ec718440d9,3934f6b2-65db-491f-93be-76ec718440d9,addr-3934f6b2-65db-491f-93be-76ec718440d9,shipping,true,2024-08-01T00:00:00,
547f74d3-e5b0-4e69-a707-74acc44f122c:shipping:addr-547f74d3-e5b0-4e69-a707-74acc44f122c,547f74d3-e5b0-4e69-a707-74acc44f122c,addr-547f74d3-e5b0-4e69-a707-74acc44f122c,shipping,true,2024-08-01T00:00:00,
b06bdac7-cb60-4550-a13d-62da39a1c53e:shipping:addr-b06bdac7-cb60-4550-a13d-62da39a1c53e,b06bdac7-cb60-4550-a13d-62da39a1c53e,addr-b06bdac7-cb60-4550-a13d-62da39a1c53e,shipping,true,2024-08-01T00:00:00,
b51ad0d8-7b4d-4859-8de9-fd9feb62c888:shipping:addr-b51ad0d8-7b4d-4859-8de9-fd9feb62c888,b51ad0d8-7b4d-4859-8de9-fd9feb62c888,addr-b51ad0d8-7b4d-4859-8de9-fd9feb62c888,shipping,true,2024-08-01T00:00:00,
543b48b5-22b5-41e4-8e3c-704fc8f03e8d:shipping:addr-543b48b5-22b5-41e4-8e3c-704fc8f03e8d,543b48b5-22b5-41e4-8e3c-704fc8f03e8d,addr-543b48b5-22b5-41e4-8e3c-704fc8f03e8d,shipping,true,2024-08-01T00:00:00,
b66095e0-346f-477d-8c25-3b70d4dfab70:shipping:addr-b66095e0-346f-477d-8c25-3b70d4dfab70,b66095e0-346f-477d-8c25-3b70d4dfab70,addr-b66095e0-346f-477d-8c25-3b70d4dfab70,shipping,true,2024-08-01T00:00:00,
8386c889-4e1d-49ce-9d61-12c967dad0f9:shipping:addr-8386c889-4e1d-49ce-9d61-12c967dad0f9,8386c889-4e1d-49ce-9d61-12c967dad0f9,addr-8386c889-4e1d-49ce-9d61-12c967dad0f9,shipping,true,2024-08-01T00:00:00,
07365e1d-9d4c-4185-859e-d5757178280c:shipping:addr-07365e1d-9d4c-4185-859e-d5757178280c,07365e1d-9d4c-4185-859e-d5757178280c,addr-07365e1d-9d4c-4185-859e-d5757178280c,shipping,true,2024-08-01T00:00:00,
33326773-e843-48d9-9641-9990733d705a:shipping:addr-33326773-e843-48d9-9641-9990733d705a,33326773-e843-48d9-9641-9990733d705a,addr-33326773-e843-48d9-9641-9990733d705a,shipping,true,2024-08-01T00:00:00,
2a6409ee-29ac-483f-a2a7-9074fcb50191:shipping:addr-2a6409ee-29ac-483f-a2a7-9074fcb50191,2a6409ee-29ac-483f-a2a7-9074fcb50191,addr-2a6409ee-29ac-483f-a2a7-9074fcb50191,shipping,true,2024-08-01T00:00:00,
8976b896-e0e8-4696-b268-5587e42efaa0:shipping:addr-8976b896-e0e8-4696-b268-5587e42efaa0,8976b896-e0e8-4696-b268-5587e42efaa0,addr-8976b896-e0e8-4696-b268-5587e42efaa0,shipping,true,2024-08-01T00:00:00,
41b09fe3-c0bf-4484-bc20-f48aedb5e7d5:shipping:addr-41b09fe3-c0bf-4484-bc20-f48aedb5e7d5,41b09fe3-c0bf-4484-bc20-f48aedb5e7d5,addr-41b09fe3-c0bf-4484-bc20-f48aedb5e7d5,shipping,true,2024-08-01T00:00:00,
69819ace-cccb-4f20-aa31-be439b1b8e2b:shipping:addr-69819ace-cccb-4f20-aa31-be439b1b8e2b,69819ace-cccb-4f20-aa31-be439b1b8e2b,addr-69819ace-cccb-4f20-aa31-be439b1b8e2b,shipping,true,2024-08-01T00:00:00,
19a91b0b-51dc-434f-978a-177588409f99:shipping:addr-19a91b0b-51dc-434f-978a-177588409f99,19a91b0b-51dc-434f-978a-177588409f99,addr-19a91b0b-51dc-434f-978a-177588409f99,shipping,true,2024-08-01T00:00:00,
d6ca3f18-6708-4e27-9196-8a2238aba9b0:shipping:addr-d6ca3f18-6708-4e27-9196-8a2238aba9b0,d6ca3f18-6708-4e27-9196-8a2238aba9b0,addr-d6ca3f18-6708-4e27-9196-8a2238aba9b0,shipping,true,2024-08-01T00:00:00,
78e4ffca-cfe4-42f3-9ef0-98ca1bb8cfa0:shipping:addr-78e4ffca-cfe4-42f3-9ef0-98ca1bb8cfa0,78e4ffca-cfe4-42f3-9ef0-98ca1bb8cfa0,addr-78e4ffca-cfe4-42f3-9ef0-98ca1bb8cfa0,shipping,true,2024-08-01T00:00:00,
628b0262-278b-4522-aa31-ed61da01b78a:shipping:addr-628b0262-278b-4522-aa31-ed61da01b78a,628b0262-278b-4522-aa31-ed61da01b78a,addr-628b0262-278b-4522-aa31-ed61da01b78a,shipping,true,2024-08-01T00:00:00,
a43342bc-a956-480b-8ef3-7b28e61c9b9b:shipping:addr-a43342bc-a956-480b-8ef3-7b28e61c9b9b,a43342bc-a956-480b-8ef3-7b28e61c9b9b,addr-a43342bc-a956-480b-8ef3-7b28e61c9b9b,shipping,true,2024-08-01T00:00:00,
296a6b8f-b21e-4485-ad7f-18c1262a0764:shipping:addr-296a6b8f-b21e-4485-ad7f-18c1262a0764,296a6b8f-b21e-4485-ad7f-18c1262a0764,addr-296a6b8f-b21e-4485-ad7f-18c1262a0764,shipping,true,2024-08-01T00:00:00,
7c45f68c-bbba-4b82-9457-03de08fe8287:shipping:addr-7c45f68c-bbba-4b82-9457-03de08fe8287,7c45f68c-bbba-4b82-9457-03de08fe8287,addr-7c45f68c-bbba-4b82-9457-03de08fe8287,shipping,true,2024-08-01T00:00:00,
be999c23-fb5b-4060-b4aa-bd50fe8ab5f6:shipping:addr-be999c23-fb5b-4060-b4aa-bd50fe8ab5f6,be999c23-fb5b-4060-b4aa-bd50fe8ab5f6,addr-be999c23-fb5b-4060-b4aa-bd50fe8ab5f6,shipping,true,2024-08-01T00:00:00,
8c39c27b-eb7a-452f-9581-a78bdf3ed9eb:shipping:addr-8c39c27b-eb7a-452f-9581-a78bdf3ed9eb,8c39c27b-eb7a-452f-9581-a78bdf3ed9eb,addr-8c39c27b-eb7a-452f-9581-a78bdf3ed9eb,shipping,true,2024-08-01T00:00:00,
430e5411-6ed3-439b-93c3-e885b2a37d0f:shipping:addr-430e5411-6ed3-439b-93c3-e885b2a37d0f,430e5411-6ed3-439b-93c3-e885b2a37d0f,addr-430e5411-6ed3-439b-93c3-e885b2a37d0f,shipping,true,2024-08-01T00:00:00,
b9915f58-4f74-4518-bb97-0b1e58c541a5:shipping:addr-b9915f58-4f74-4518-bb97-0b1e58c541a5,b9915f58-4f74-4518-bb97-0b1e58c541a5,addr-b9915f58-4f74-4518-bb97-0b1e58c541a5,shipping,true,2024-08-01T00:00:00,
4559b465-3dfc-40aa-84fe-31c153b4c0d8:shipping:addr-4559b465-3dfc-40aa-84fe-31c153b4c0d8,4559b465-3dfc-40aa-84fe-31c153b4c0d8,addr-4559b465-3dfc-40aa-84fe-31c153b4c0d8,shipping,true,2024-08-01T00:00:00,
239409e0-b3ad-4bf6-ba7c-08628ee3cbee:shipping:addr-239409e0-b3ad-4bf6-ba7c-08628ee3cbee,239409e0-b3ad-4bf6-ba7c-08628ee3cbee,addr-239409e0-b3ad-4bf6-ba7c-08628ee3cbee,shipping,true,2024-08-01T00:00:00,
45514547-8413-41d4-ba88-c1240763e5e8:shipping:addr-45514547-8413-41d4-ba88-c1240763e5e8,45514547-8413-41d4-ba88-c1240763e5e8,addr-45514547-8413-41d4-ba88-c1240763e5e8,shipping,true,2024-08-01T00:00:00,
ce5679e9-296a-4566-ba46-98a3e0a94136:shipping:addr-ce5679e9-296a-4566-ba46-98a3e0a94136,ce5679e9-296a-4566-ba46-98a3e0a94136,addr-ce5679e9-296a-4566-ba46-98a3e0a94136,shipping,true,2024-08-01T00:00:00,
02c02023-75d2-4ad2-89f6-ed2c2e7ae6f5:shipping:addr-02c02023-75d2-4ad2-89f6-ed2c2e7ae6f5,02c02023-75d2-4ad2-89f6-ed2c2e7ae6f5,addr-02c02023-75d2-4ad2-89f6-ed2c2e7ae6f5,shipping,true,2024-08-01T00:00:00,
300faed1-594b-427c-894e-c46855f06f22:shipping:addr-300faed1-594b-427c-894e-c46855f06f22,300faed1-594b-427c-894e-c46855f06f22,addr-300faed1-594b-427c-894e-c46855f06f22,shipping,true,2024-08-01T00:00:00,
aeb1bb4a-8548-48ed-a8e2-c31bc682b091:shipping:addr-aeb1bb4a-8548-48ed-a8e2-c31bc682b091,aeb1bb4a-8548-48ed-a8e2-c31bc682b091,addr-aeb1bb4a-8548-48ed-a8e2-c31bc682b091,shipping,true,2024-08-01T00:00:00,
20ae953d-06b1-4034-a24c-a173911af24e:shipping:addr-20ae953d-06b1-4034-a24c-a173911af24e,20ae953d-06b1-4034-a24c-a173911af24e,addr-20ae953d-06b1-4034-a24c-a173911af24e,shipping,true,2024-08-01T00:00:00,
4ed3232e-6117-4b38-9d59-265a217c91cf:shipping:addr-4ed3232e-6117-4b38-9d59-265a217c91cf,4ed3232e-6117-4b38-9d59-265a217c91cf,addr-4ed3232e-6117-4b38-9d59-265a217c91cf,shipping,true,2024-08-01T00:00:00,
8252af4b-fdbe-4139-b9a2-de4ceb670886:shipping:addr-8252af4b-fdbe-4139-b9a2-de4ceb670886,8252af4b-fdbe-4139-b9a2-de4ceb670886,addr-8252af4b-fdbe-4139-b9a2-de4ceb670886,shipping,true,2024-08-01T00:00:00,
254292b3-d9f3-4b20-be39-1db058d17bb9:shipping:addr-254292b3-d9f3-4b20-be39-1db058d17bb9,254292b3-d9f3-4b20-be39-1db058d17bb9,addr-254292b3-d9f3-4b20-be39-1db058d17bb9,shipping,true,2024-08-01T00:00:00,
4423c47b-1f8b-4df4-bfe9-531cd8e6441b:shipping:addr-4423c47b-1f8b-4df4-bfe9-531cd8e6441b,4423c47b-1f8b-4df4-bfe9-531cd8e6441b,addr-4423c47b-1f8b-4df4-bfe9-531cd8e6441b,shipping,true,2024-08-01T00:00:00,
a4512e27-9e9c-4aa8-bc00-11e9e1f1fd9f:shipping:addr-a4512e27-9e9c-4aa8-bc00-11e9e1f1fd9f,a4512e27-9e9c-4aa8-bc00-11e9e1f1fd9f,addr-a4512e27-9e9c-4aa8-bc00-11e9e1f1fd9f,shipping,true,2024-08-01T00:00:00,
36708614-1e24-453b-8593-b03eb1a7c5b8:shipping:addr-36708614-1e24-453b-8593-b03eb1a7c5b8,36708614-1e24-453b-8593-b03eb1a7c5b8,addr-36708614-1e24-453b-8593-b03eb1a7c5b8,shipping,true,2024-08-01T00:00:00,
f419edd5-8bb5-4809-8cfc-599ab209f6da:shipping:addr-f419edd5-8bb5-4809-8cfc-599ab209f6da,f419edd5-8bb5-4809-8cfc-599ab209f6da,addr-f419edd5-8bb5-4809-8cfc-599ab209f6da,shipping,true,2024-08-01T00:00:00,
4041ba09-7a39-4b37-9e0e-f39a765d9c82:shipping:addr-4041ba09-7a39-4b37-9e0e-f39a765d9c82,4041ba09-7a39-4b37-9e0e-f39a765d9c82,addr-4041ba09-7a39-4b37-9e0e-f39a765d9c82,shipping,true,2024-08-01T00:00:00,
d2d5925b-c91a-440d-a613-0c76f88845cc:shipping:addr-d2d5925b-c91a-440d-a613-0c76f88845cc,d2d5925b-c91a-440d-a613-0c76f88845cc,addr-d2d5925b-c91a-440d-a613-0c76f88845cc,shipping,true,2024-08-01T00:00:00,
a054cb90-d7e9-4236-9533-fc7fd2b1fd77:shipping:addr-a054cb90-d7e9-4236-9533-fc7fd2b1fd77,a054cb90-d7e9-4236-9533-fc7fd2b1fd77,addr-a054cb90-d7e9-4236-9533-fc7fd2b1fd77,shipping,true,2024-08-01T00:00:00,
84f7f075-d17e-4662-a11c-bc80e28b12f5:shipping:addr-84f7f075-d17e-4662-a11c-bc80e28b12f5,84f7f075-d17e-4662-a11c-bc80e28b12f5,addr-84f7f075-d17e-4662-a11c-bc80e28b12f5,shipping,true,2024-08-01T00:00:00,
0f1df561-31c0-417e-909b-4b054c45baaf:shipping:addr-0f1df561-31c0-417e-909b-4b054c45baaf,0f1df561-31c0-417e-909b-4b054c45baaf,addr-0f1df561-31c0-417e-909b-4b054c45baaf,shipping,true,2024-08-01T00:00:00,
5b817ccb-b122-4044-b74f-bde3d1df714d:shipping:addr-5b817ccb-b122-4044-b74f-bde3d1df714d,5b817ccb-b122-4044-b74f-bde3d1df714d,addr-5b817ccb-b122-4044-b74f-bde3d1df714d,shipping,true,2024-08-01T00:00:00,
c710ee81-7487-44d1-b65f-69a898acaf69:shipping:addr-c710ee81-7487-44d1-b65f-69a898acaf69,c710ee81-7487-44d1-b65f-69a898acaf69,addr-c710ee81-7487-44d1-b65f-69a898acaf69,shipping,true,2024-08-01T00:00:00,
7fcd9f31-c0cb-4414-9981-9d014f593081:shipping:addr-7fcd9f31-c0cb-4414-9981-9d014f593081,7fcd9f31-c0cb-4414-9981-9d014f593081,addr-7fcd9f31-c0cb-4414-9981-9d014f593081,shipping,true,2024-08-01T00:00:00,
d84ec4ed-ae05-416c-9cbe-eace4567132d:shipping:addr-d84ec4ed-ae05-416c-9cbe-eace4567132d,d84ec4ed-ae05-416c-9cbe-eace4567132d,addr-d84ec4ed-ae05-416c-9cbe-eace4567132d,shipping,true,2024-08-01T00:00:00,
41ca48ad-5cc0-4e25-83df-63d166b91a12:shipping:addr-41ca48ad-5cc0-4e25-83df-63d166b91a12,41ca48ad-5cc0-4e25-83df-63d166b91a12,addr-41ca48ad-5cc0-4e25-83df-63d166b91a12,shipping,true,2024-08-01T00:00:00,
5e3636fd-a0a7-44c0-96e8-3d906cdbb119:shipping:addr-5e3636fd-a0a7-44c0-96e8-3d906cdbb119,5e3636fd-a0a7-44c0-96e8-3d906cdbb119,addr-5e3636fd-a0a7-44c0-96e8-3d906cdbb119,shipping,true,2024-08-01T00:00:00,
b5261e71-886e-4d78-8d1d-310ed9754704:shipping:addr-b5261e71-886e-4d78-8d1d-310ed9754704,b5261e71-886e-4d78-8d1d-310ed9754704,addr-b5261e71-886e-4d78-8d1d-310ed9754704,shipping,true,2024-08-01T00:00:00,
50e6ae18-ad0a-4f68-bb3d-e1a8b80eb58f:shipping:addr-50e6ae18-ad0a-4f68-bb3d-e1a8b80eb58f,50e6ae18-ad0a-4f68-bb3d-e1a8b80eb58f,addr-50e6ae18-ad0a-4f68-bb3d-e1a8b80eb58f,shipping,true,2024-08-01T00:00:00,
adaf0597-4b7f-4b6a-8881-40f3787bc862:shipping:addr-adaf0597-4b7f-4b6a-8881-40f3787bc862,adaf0597-4b7f-4b6a-8881-40f3787bc862,addr-adaf0597-4b7f-4b6a-8881-40f3787bc862,shipping,true,2024-08-01T00:00:00,
a692df88-38f3-4725-84a6-73ec7e6c7ab5:shipping:addr-a692df88-38f3-4725-84a6-73ec7e6c7ab5,a692df88-38f3-4725-84a6-73ec7e6c7ab5,addr-a692df88-38f3-4725-84a6-73ec7e6c7ab5,shipping,true,2024-08-01T00:00:00,
76d2b7be-1fa1-441b-9de1-97c64d06c646:shipping:addr-76d2b7be-1fa1-441b-9de1-97c64d06c646,76d2b7be-1fa1-441b-9de1-97c64d06c646,addr-76d2b7be-1fa1-441b-9de1-97c64d06c646,shipping,true,2024-08-01T00:00:00,
fad2c57b-c35e-4270-8d10-2f067a5ee2b7:shipping:addr-fad2c57b-c35e-4270-8d10-2f067a5ee2b7,fad2c57b-c35e-4270-8d10-2f067a5ee2b7,addr-fad2c57b-c35e-4270-8d10-2f067a5ee2b7,shipping,true,2024-08-01T00:00:00,
5484b02b-221a-4bbe-86a3-3eccdcf8d2ae:shipping:addr-5484b02b-221a-4bbe-86a3-3eccdcf8d2ae,5484b02b-221a-4bbe-86a3-3eccdcf8d2ae,addr-5484b02b-221a-4bbe-86a3-3eccdcf8d2ae,shipping,true,2024-08-01T00:00:00,
c1d42cf2-74d9-44b1-a0a2-c85935c413be:shipping:addr-c1d42cf2-74d9-44b1-a0a2-c85935c413be,c1d42cf2-74d9-44b1-a0a2-c85935c413be,addr-c1d42cf2-74d9-44b1-a0a2-c85935c413be,shipping,true,2024-08-01T00:00:00,
e9f40ffc-bea9-4cc6-abca-7fe897f37903:shipping:addr-e9f40ffc-bea9-4cc6-abca-7fe897f37903,e9f40ffc-bea9-4cc6-abca-7fe897f37903,addr-e9f40ffc-bea9-4cc6-abca-7fe897f37903,shipping,true,2024-08-01T00:00:00,
7863e37d-24c8-4e18-8730-ea7e2a65606d:shipping:addr-7863e37d-24c8-4e18-8730-ea7e2a65606d,7863e37d-24c8-4e18-8730-ea7e2a65606d,addr-7863e37d-24c8-4e18-8730-ea7e2a65606d,shipping,true,2024-08-01T00:00:00,
a9976a20-42e5-4c26-a2d0-6ab72973887f:shipping:addr-a9976a20-42e5-4c26-a2d0-6ab72973887f,a9976a20-42e5-4c26-a2d0-6ab72973887f,addr-a9976a20-42e5-4c26-a2d0-6ab72973887f,shipping,true,2024-08-01T00:00:00,
d51ebab3-97b1-482d-9ccd-7368f01000f7:shipping:addr-d51ebab3-97b1-482d-9ccd-7368f01000f7,d51ebab3-97b1-482d-9ccd-7368f01000f7,addr-d51ebab3-97b1-482d-9ccd-7368f01000f7,shipping,true,2024-08-01T00:00:00,
e7f5d853-30ed-4302-9303-e11752f57b2f:shipping:addr-e7f5d853-30ed-4302-9303-e11752f57b2f,e7f5d853-30ed-4302-9303-e11752f57b2f,addr-e7f5d853-30ed-4302-9303-e11752f57b2f,shipping,true,2024-08-01T00:00:00,
8e6a03da-15e7-44e8-bec1-426b65edb389:shipping:addr-8e6a03da-15e7-44e8-bec1-426b65edb389,8e6a03da-15e7-44e8-bec1-426b65edb389,addr-8e6a03da-15e7-44e8-bec1-426b65edb389,shipping,true,2024-08-01T00:00:00,
2e0d6ce4-794d-4494-bd1d-f44dbca8683f:shipping:addr-2e0d6ce4-794d-4494-bd1d-f44dbca8683f,2e0d6ce4-794d-4494-bd1d-f44dbca8683f,addr-2e0d6ce4-794d-4494-bd1d-f44dbca8683f,shipping,true,2024-08-01T00:00:00,
0e4dbbf0-e4a8-4015-9595-c0b9bec0f9e5:shipping:addr-0e4dbbf0-e4a8-4015-9595-c0b9bec0f9e5,0e4dbbf0-e4a8-4015-9595-c0b9bec0f9e5,addr-0e4dbbf0-e4a8-4015-9595-c0b9bec0f9e5,shipping,true,2024-08-01T00:00:00,
7aa35447-7686-43f7-bb98-14b1bc5fe250:shipping:addr-7aa35447-7686-43f7-bb98-14b1bc5fe250,7aa35447-7686-43f7-bb98-14b1bc5fe250,addr-7aa35447-7686-43f7-bb98-14b1bc5fe250,shipping,true,2024-08-01T00:00:00,
fa6de1f2-ff8e-43ea-8da3-98d975b096da:shipping:addr-fa6de1f2-ff8e-43ea-8da3-98d975b096da,fa6de1f2-ff8e-43ea-8da3-98d975b096da,addr-fa6de1f2-ff8e-43ea-8da3-98d975b096da,shipping,true,2024-08-01T00:00:00,
e860f5d5-878c-468e-a446-059ba8434d4b:shipping:addr-e860f5d5-878c-468e-a446-059ba8434d4b,e860f5d5-878c-468e-a446-059ba8434d4b,addr-e860f5d5-878c-468e-a446-059ba8434d4b,shipping,true,2024-08-01T00:00:00,
ce5ac3ba-cbec-4482-816e-1ee6def437e2:shipping:addr-ce5ac3ba-cbec-4482-816e-1ee6def437e2,ce5ac3ba-cbec-4482-816e-1ee6def437e2,addr-ce5ac3ba-cbec-4482-816e-1ee6def437e2,shipping,true,2024-08-01T00:00:00,
0edeaba5-35f3-4e68-98ca-f412d9cd14b5:shipping:addr-0edeaba5-35f3-4e68-98ca-f412d9cd14b5,0edeaba5-35f3-4e68-98ca-f412d9cd14b5,addr-0edeaba5-35f3-4e68-98ca-f412d9cd14b5,shipping,true,2024-08-01T00:00:00,
4c710db6-7317-4d70-8dcb-6af9a4068e8d:shipping:addr-4c710db6-7317-4d70-8dcb-6af9a4068e8d,4c710db6-7317-4d70-8dcb-6af9a4068e8d,addr-4c710db6-7317-4d70-8dcb-6af9a4068e8d,shipping,true,2024-08-01T00:00:00,
a48b7707-e594-444f-854e-67d65eb9105d:shipping:addr-a48b7707-e594-444f-854e-67d65eb9105d,a48b7707-e594-444f-854e-67d65eb9105d,addr-a48b7707-e594-444f-854e-67d65eb9105d,shipping,true,2024-08-01T00:00:00,
2b4b540f-9423-4186-8164-4566e5e908f2:shipping:addr-2b4b540f-9423-4186-8164-4566e5e908f2,2b4b540f-9423-4186-8164-4566e5e908f2,addr-2b4b540f-9423-4186-8164-4566e5e908f2,shipping,true,2024-08-01T00:00:00,
03410ea3-1e8a-40ef-9322-bc532f78f7ff:shipping:addr-03410ea3-1e8a-40ef-9322-bc532f78f7ff,03410ea3-1e8a-40ef-9322-bc532f78f7ff,addr-03410ea3-1e8a-40ef-9322-bc532f78f7ff,shipping,true,2024-08-01T00:00:00,
f11283f0-4183-4d8d-a117-4b2a2c070ec2:shipping:addr-f11283f0-4183-4d8d-a117-4b2a2c070ec2,f11283f0-4183-4d8d-a117-4b2a2c070ec2,addr-f11283f0-4183-4d8d-a117-4b2a2c070ec2,shipping,true,2024-08-01T00:00:00,
a3867ed0-9303-4ce2-b40d-a9711a5efef0:shipping:addr-a3867ed0-9303-4ce2-b40d-a9711a5efef0,a3867ed0-9303-4ce2-b40d-a9711a5efef0,addr-a3867ed0-9303-4ce2-b40d-a9711a5efef0,shipping,true,2024-08-01T00:00:00,
1a1397df-b2b4-4791-93d9-87ac9062f545:shipping:addr-1a1397df-b2b4-4791-93d9-87ac9062f545,1a1397df-b2b4-4791-93d9-87ac9062f545,addr-1a1397df-b2b4-4791-93d9-87ac9062f545,shipping,true,2024-08-01T00:00:00,
447fed8a-4bae-41c5-b5cd-cbf6a09c4782:shipping:addr-447fed8a-4bae-41c5-b5cd-cbf6a09c4782,447fed8a-4bae-41c5-b5cd-cbf6a09c4782,addr-447fed8a-4bae-41c5-b5cd-cbf6a09c4782,shipping,true,2024-08-01T00:00:00,
28f88fb0-d9fb-4c32-8470-1738493e863b:shipping:addr-28f88fb0-d9fb-4c32-8470-1738493e863b,28f88fb0-d9fb-4c32-8470-1738493e863b,addr-28f88fb0-d9fb-4c32-8470-1738493e863b,shipping,true,2024-08-01T00:00:00,
1c8233dc-8ccb-4d27-84e7-e00d33ff6674:shipping:addr-1c8233dc-8ccb-4d27-84e7-e00d33ff6674,1c8233dc-8ccb-4d27-84e7-e00d33ff6674,addr-1c8233dc-8ccb-4d27-84e7-e00d33ff6674,shipping,true,2024-08-01T00:00:00,
2dcc7662-f1ce-442c-b998-bbe351d5e186:shipping:addr-2dcc7662-f1ce-442c-b998-bbe351d5e186,2dcc7662-f1ce-442c-b998-bbe351d5e186,addr-2dcc7662-f1ce-442c-b998-bbe351d5e186,shipping,true,2024-08-01T00:00:00,
c912d33f-5dc2-4ec9-a126-34b598046705:shipping:addr-c912d33f-5dc2-4ec9-a126-34b598046705,c912d33f-5dc2-4ec9-a126-34b598046705,addr-c912d33f-5dc2-4ec9-a126-34b598046705,shipping,true,2024-08-01T00:00:00,
bb35efe0-ac42-4801-bc72-7bea481716da:shipping:addr-bb35efe0-ac42-4801-bc72-7bea481716da,bb35efe0-ac42-4801-bc72-7bea481716da,addr-bb35efe0-ac42-4801-bc72-7bea481716da,shipping,true,2024-08-01T00:00:00,
da9de603-2c96-4356-820d-7c1e9ac4dde7:shipping:addr-da9de603-2c96-4356-820d-7c1e9ac4dde7,da9de603-2c96-4356-820d-7c1e9ac4dde7,addr-da9de603-2c96-4356-820d-7c1e9ac4dde7,shipping,true,2024-08-01T00:00:00,
5a95b7ee-17bf-44cc-9775-835c337d4cb4:shipping:addr-5a95b7ee-17bf-44cc-9775-835c337d4cb4,5a95b7ee-17bf-44cc-9775-835c337d4cb4,addr-5a95b7ee-17bf-44cc-9775-835c337d4cb4,shipping,true,2024-08-01T00:00:00,
a1a72036-c041-4a92-a719-9bbf0e21d53b:shipping:addr-a1a72036-c041-4a92-a719-9bbf0e21d53b,a1a72036-c041-4a92-a719-9bbf0e21d53b,addr-a1a72036-c041-4a92-a719-9bbf0e21d53b,shipping,true,2024-08-01T00:00:00,
2949aa7a-85ad-46d1-8409-bf608167f72a:shipping:addr-2949aa7a-85ad-46d1-8409-bf608167f72a,2949aa7a-85ad-46d1-8409-bf608167f72a,addr-2949aa7a-85ad-46d1-8409-bf608167f72a,shipping,true,2024-08-01T00:00:00,
f7d61334-5d22-49f8-a022-903921239047:shipping:addr-f7d61334-5d22-49f8-a022-903921239047,f7d61334-5d22-49f8-a022-903921239047,addr-f7d61334-5d22-49f8-a022-903921239047,shipping,true,2024-08-01T00:00:00,
7e26cac1-f9ea-443d-a6d7-b0d624d82143:shipping:addr-7e26cac1-f9ea-443d-a6d7-b0d624d82143,7e26cac1-f9ea-443d-a6d7-b0d624d82143,addr-7e26cac1-f9ea-443d-a6d7-b0d624d82143,shipping,true,2024-08-01T00:00:00,
4740d6a5-b760-477f-83d9-7d1c3e04f0ba:shipping:addr-4740d6a5-b760-477f-83d9-7d1c3e04f0ba,4740d6a5-b760-477f-83d9-7d1c3e04f0ba,addr-4740d6a5-b760-477f-83d9-7d1c3e04f0ba,shipping,true,2024-08-01T00:00:00,
34b17474-7fef-4a04-8009-f83028f66521:shipping:addr-34b17474-7fef-4a04-8009-f83028f66521,34b17474-7fef-4a04-8009-f83028f66521,addr-34b17474-7fef-4a04-8009-f83028f66521,shipping,true,2024-08-01T00:00:00,
0815e683-4b1e-4ea3-b9e8-9d06bbfaedb5:shipping:addr-0815e683-4b1e-4ea3-b9e8-9d06bbfaedb5,0815e683-4b1e-4ea3-b9e8-9d06bbfaedb5,addr-0815e683-4b1e-4ea3-b9e8-9d06bbfaedb5,shipping,true,2024-08-01T00:00:00,
64ad7907-f83e-403b-b5b4-b1deded9bb1d:shipping:addr-64ad7907-f83e-403b-b5b4-b1deded9bb1d,64ad7907-f83e-403b-b5b4-b1deded9bb1d,addr-64ad7907-f83e-403b-b5b4-b1deded9bb1d,shipping,true,2024-08-01T00:00:00,
6b991ab8-8048-4161-b67d-7f862b2cc13e:shipping:addr-6b991ab8-8048-4161-b67d-7f862b2cc13e,6b991ab8-8048-4161-b67d-7f862b2cc13e,addr-6b991ab8-8048-4161-b67d-7f862b2cc13e,shipping,true,2024-08-01T00:00:00,
69f9f173-1ee1-4ba2-a1be-005dc5f305fd:shipping:addr-69f9f173-1ee1-4ba2-a1be-005dc5f305fd,69f9f173-1ee1-4ba2-a1be-005dc5f305fd,addr-69f9f173-1ee1-4ba2-a1be-005dc5f305fd,shipping,true,2024-08-01T00:00:00,
b2310c7d-702b-4e62-b938-3b19262bd9e9:shipping:addr-b2310c7d-702b-4e62-b938-3b19262bd9e9,b2310c7d-702b-4e62-b938-3b19262bd9e9,addr-b2310c7d-702b-4e62-b938-3b19262bd9e9,shipping,true,2024-08-01T00:00:00,
05d8d4ba-5569-4f0e-985d-5f63fbfee659:shipping:addr-05d8d4ba-5569-4f0e-985d-5f63fbfee659,05d8d4ba-5569-4f0e-985d-5f63fbfee659,addr-05d8d4ba-5569-4f0e-985d-5f63fbfee659,shipping,true,2024-08-01T00:00:00,
7c66bbce-e687-4e15-be85-d960c3de159b:shipping:addr-7c66bbce-e687-4e15-be85-d960c3de159b,7c66bbce-e687-4e15-be85-d960c3de159b,addr-7c66bbce-e687-4e15-be85-d960c3de159b,shipping,true,2024-08-01T00:00:00,
42748981-2a95-4e95-91cf-9844c8aa9c69:shipping:addr-42748981-2a95-4e95-91cf-9844c8aa9c69,42748981-2a95-4e95-91cf-9844c8aa9c69,addr-42748981-2a95-4e95-91cf-9844c8aa9c69,shipping,true,2024-08-01T00:00:00,
2a082be2-fc91-4d5a-accd-200e91693b07:shipping:addr-2a082be2-fc91-4d5a-accd-200e91693b07,2a082be2-fc91-4d5a-accd-200e91693b07,addr-2a082be2-fc91-4d5a-accd-200e91693b07,shipping,true,2024-08-01T00:00:00,
066ca82d-85b8-45e6-b262-bac0bb3c0e21:shipping:addr-066ca82d-85b8-45e6-b262-bac0bb3c0e21,066ca82d-85b8-45e6-b262-bac0bb3c0e21,addr-066ca82d-85b8-45e6-b262-bac0bb3c0e21,shipping,true,2024-08-01T00:00:00,
e7297926-0c3c-47f0-a303-8e1ddfc0eb77:shipping:addr-e7297926-0c3c-47f0-a303-8e1ddfc0eb77,e7297926-0c3c-47f0-a303-8e1ddfc0eb77,addr-e7297926-0c3c-47f0-a303-8e1ddfc0eb77,shipping,true,2024-08-01T00:00:00,
2f162c0f-4d00-4d10-88ca-6dd2b94f24f5:shipping:addr-2f162c0f-4d00-4d10-88ca-6dd2b94f24f5,2f162c0f-4d00-4d10-88ca-6dd2b94f24f5,addr-2f162c0f-4d00-4d10-88ca-6dd2b94f24f5,shipping,true,2024-08-01T00:00:00,
d7af9974-5b4c-4c70-85c5-1f7ff782da88:shipping:addr-d7af9974-5b4c-4c70-85c5-1f7ff782da88,d7af9974-5b4c-4c70-85c5-1f7ff782da88,addr-d7af9974-5b4c-4c70-85c5-1f7ff782da88,shipping,true,2024-08-01T00:00:00,
a296a891-b126-44e1-a271-9228cc28b3bc:shipping:addr-a296a891-b126-44e1-a271-9228cc28b3bc,a296a891-b126-44e1-a271-9228cc28b3bc,addr-a296a891-b126-44e1-a271-9228cc28b3bc,shipping,true,2024-08-01T00:00:00,
7c2a3f62-d757-4322-a213-921d7c370838:shipping:addr-7c2a3f62-d757-4322-a213-921d7c370838,7c2a3f62-d757-4322-a213-921d7c370838,addr-7c2a3f62-d757-4322-a213-921d7c370838,shipping,true,2024-08-01T00:00:00,
c0ec2b5c-22e2-4010-a8f9-94431d5860c7:shipping:addr-c0ec2b5c-22e2-4010-a8f9-94431d5860c7,c0ec2b5c-22e2-4010-a8f9-94431d5860c7,addr-c0ec2b5c-22e2-4010-a8f9-94431d5860c7,shipping,true,2024-08-01T00:00:00,
8e119f8a-036b-4da9-bbae-98ab4fb61e2f:shipping:addr-8e119f8a-036b-4da9-bbae-98ab4fb61e2f,8e119f8a-036b-4da9-bbae-98ab4fb61e2f,addr-8e119f8a-036b-4da9-bbae-98ab4fb61e2f,shipping,true,2024-08-01T00:00:00,
834105ff-e792-4a6f-be6d-fb89b4d75d4a:shipping:addr-834105ff-e792-4a6f-be6d-fb89b4d75d4a,834105ff-e792-4a6f-be6d-fb89b4d75d4a,addr-834105ff-e792-4a6f-be6d-fb89b4d75d4a,shipping,true,2024-08-01T00:00:00,
120d57b9-de14-4717-aefe-ab126645435d:shipping:addr-120d57b9-de14-4717-aefe-ab126645435d,120d57b9-de14-4717-aefe-ab126645435d,addr-120d57b9-de14-4717-aefe-ab126645435d,shipping,true,2024-08-01T00:00:00,
26ebc43f-cfbf-4fa1-9c7f-9134871f7b65:shipping:addr-26ebc43f-cfbf-4fa1-9c7f-9134871f7b65,26ebc43f-cfbf-4fa1-9c7f-9134871f7b65,addr-26ebc43f-cfbf-4fa1-9c7f-9134871f7b65,shipping,true,2024-08-01T00:00:00,
2d4e6ed6-f081-4049-b92a-7792dbe97b89:shipping:addr-2d4e6ed6-f081-4049-b92a-7792dbe97b89,2d4e6ed6-f081-4049-b92a-7792dbe97b89,addr-2d4e6ed6-f081-4049-b92a-7792dbe97b89,shipping,true,2024-08-01T00:00:00,
73b79064-9e0d-4b3f-87d0-6ab33593b492:shipping:addr-73b79064-9e0d-4b3f-87d0-6ab33593b492,73b79064-9e0d-4b3f-87d0-6ab33593b492,addr-73b79064-9e0d-4b3f-87d0-6ab33593b492,shipping,true,2024-08-01T00:00:00,
4dba6ec7-4085-4058-9f0e-5109b846f1c1:shipping:addr-4dba6ec7-4085-4058-9f0e-5109b846f1c1,4dba6ec7-4085-4058-9f0e-5109b846f1c1,addr-4dba6ec7-4085-4058-9f0e-5109b846f1c1,shipping,true,2024-08-01T00:00:00,
abf52e51-d999-45fd-a6b0-6a9cd018fb47:shipping:addr-abf52e51-d999-45fd-a6b0-6a9cd018fb47,abf52e51-d999-45fd-a6b0-6a9cd018fb47,addr-abf52e51-d999-45fd-a6b0-6a9cd018fb47,shipping,true,2024-08-01T00:00:00,
eccb6e23-700f-4b9e-803e-9c681f12dd9e:shipping:addr-eccb6e23-700f-4b9e-803e-9c681f12dd9e,eccb6e23-700f-4b9e-803e-9c681f12dd9e,addr-eccb6e23-700f-4b9e-803e-9c681f12dd9e,shipping,true,2024-08-01T00:00:00,
3d6f18db-a49c-4563-9445-68d4e02bd664:shipping:addr-3d6f18db-a49c-4563-9445-68d4e02bd664,3d6f18db-a49c-4563-9445-68d4e02bd664,addr-3d6f18db-a49c-4563-9445-68d4e02bd664,shipping,true,2024-08-01T00:00:00,
df8c3dd7-4bc5-4996-98e5-18e7ec0046e9:shipping:addr-df8c3dd7-4bc5-4996-98e5-18e7ec0046e9,df8c3dd7-4bc5-4996-98e5-18e7ec0046e9,addr-df8c3dd7-4bc5-4996-98e5-18e7ec0046e9,shipping,true,2024-08-01T00:00:00,
e8014144-a99b-4ca2-8418-56404aee2f08:shipping:addr-e8014144-a99b-4ca2-8418-56404aee2f08,e8014144-a99b-4ca2-8418-56404aee2f08,addr-e8014144-a99b-4ca2-8418-56404aee2f08,shipping,true,2024-08-01T00:00:00,
82205f5f-43a1-4172-aab8-523ed6a89f26:shipping:addr-82205f5f-43a1-4172-aab8-523ed6a89f26,82205f5f-43a1-4172-aab8-523ed6a89f26,addr-82205f5f-43a1-4172-aab8-523ed6a89f26,shipping,true,2024-08-01T00:00:00,
51e5a1ad-d8d2-4387-82fe-860a54c87f4b:shipping:addr-51e5a1ad-d8d2-4387-82fe-860a54c87f4b,51e5a1ad-d8d2-4387-82fe-860a54c87f4b,addr-51e5a1ad-d8d2-4387-82fe-860a54c87f4b,shipping,true,2024-08-01T00:00:00,
d0c20886-5575-4356-8218-337197faa2fb:shipping:addr-d0c20886-5575-4356-8218-337197faa2fb,d0c20886-5575-4356-8218-337197faa2fb,addr-d0c20886-5575-4356-8218-337197faa2fb,shipping,true,2024-08-01T00:00:00,
8f054a96-7920-42dc-b286-f6980ea8dbeb:shipping:addr-8f054a96-7920-42dc-b286-f6980ea8dbeb,8f054a96-7920-42dc-b286-f6980ea8dbeb,addr-8f054a96-7920-42dc-b286-f6980ea8dbeb,shipping,true,2024-08-01T00:00:00,
e4d6980c-4b68-4255-97a5-2540f5ef35bc:shipping:addr-e4d6980c-4b68-4255-97a5-2540f5ef35bc,e4d6980c-4b68-4255-97a5-2540f5ef35bc,addr-e4d6980c-4b68-4255-97a5-2540f5ef35bc,shipping,true,2024-08-01T00:00:00,
9f72b282-1f70-450b-988f-9b3029fa121e:shipping:addr-9f72b282-1f70-450b-988f-9b3029fa121e,9f72b282-1f70-450b-988f-9b3029fa121e,addr-9f72b282-1f70-450b-988f-9b3029fa121e,shipping,true,2024-08-01T00:00:00,
4c11a926-7100-4d06-8910-5b0d5f3d7e9a:shipping:addr-4c11a926-7100-4d06-8910-5b0d5f3d7e9a,4c11a926-7100-4d06-8910-5b0d5f3d7e9a,addr-4c11a926-7100-4d06-8910-5b0d5f3d7e9a,shipping,true,2024-08-01T00:00:00,
099dd9b8-0a76-482f-92e1-f754d25d5aee:shipping:addr-099dd9b8-0a76-482f-92e1-f754d25d5aee,099dd9b8-0a76-482f-92e1-f754d25d5aee,addr-099dd9b8-0a76-482f-92e1-f754d25d5aee,shipping,true,2024-08-01T00:00:00,
